model,scope,k,aic,rmse_to_llm,r2_to_llm,r2_to_truth,rmse_vs_truth,bias_vs_truth,aic_weight
EmpiricalLinear,overall,2.0,-770.9940836171485,0.0716448289619989,0.8191741154210548,0.8934416741519001,0.06860870100487079,-0.033317473675562995,0.6570535357798098
Combo_Oracle,overall,0.0,-769.5279262574018,0.07298933633262202,0.812323572703392,0.9161165679384645,0.06087284475645376,1.6011379674866204e-16,0.3156666717106206
Equal,overall,0.0,-764.6308445971486,0.07421528254520969,0.8059661110205413,0.8635999439085471,0.07762342063199898,-0.04561353741496598,0.02727978605457014
Combo_NonOracle,overall,0.0,-734.1172413568665,0.08233183581619566,0.761204303129795,0.8114533501383079,0.09126303608129623,-0.05907764182255156,6.454999379640728e-09
LLM(Combined),overall,,,0.0,1.0,0.8605765727240845,0.07847898537123145,-0.029130544217687068,
