model,scope,k,aic,rmse_to_llm,r2_to_llm,r2_to_truth,rmse_vs_truth,bias_vs_truth,aic_weight
Combo_NonOracle,overall,0.0,-645.2525910114279,0.11638612287545627,0.3773573324319205,0.11114079027748969,0.1985059156674164,-0.03788620961053722,0.862881698202509
EmpiricalLinear,overall,2.0,-641.3044360040026,0.11636601115440395,0.3775725012748826,0.11556692132852786,0.19801106243481487,-0.035977167378749834,0.11984510243668835
Equal,overall,0.0,-636.541972400481,0.11981497816425815,0.34012951714012507,0.040197713240943456,0.20627559833653847,-0.06116035080388022,0.01107807903700392
Combo_Oracle,overall,0.0,-635.3795596873678,0.12028012691984635,0.33499603984387316,0.17943102276068112,0.19072802527821514,1.8947806286936006e-16,0.00619512032379874
LLM(Combined),overall,,,0.0,1.0,0.050017562056394405,0.20521767061667312,-0.05905666666666666,
