{
  "empirical_linear": {
    "w_txt_norm": 0.591934269245761,
    "w_img_norm": 0.408065730754239
  },
  "combo_oracle": {
    "w_txt_norm": 0.9729004945156472,
    "w_img_norm": 0.02709950548435286
  },
  "combo_non_oracle": {
    "w_txt_norm": 0.5849650787516184,
    "w_img_norm": 0.41503492124838154
  }
}