model,scope,k,aic,rmse_to_llm,r2_to_llm,r2_to_truth,rmse_vs_truth,bias_vs_truth,aic_weight
EmpiricalLinear,overall,3.0,-714.1970110757768,0.09065839803587734,0.7951567426232448,0.819401469966808,0.08947754728467201,0.01781000000000006,0.9977138407781229
Bayes(range),overall,0.0,-701.3867203701138,0.09652475890123,0.7677888640455295,0.8089308778576739,0.09203483107009389,0.0313866607034022,0.0016492508420350444
Equal,overall,0.0,-699.4834675996096,0.09713907555664714,0.7648237158185212,0.7600420584958298,0.10313938303738943,0.05001,0.0006367964395827756
Bayes(stimulus),overall,0.0,-682.1909876165703,0.10290284804109605,0.7360872441464574,0.7206362284008161,0.11128637805954694,0.06725508926314305,1.1194025941076602e-07
LLM(Combined),overall,,,0.0,1.0,0.8335233389034717,0.08590800699973586,0.01781,
