range_category,w_img_bayes,w_txt_bayes
short,0.3084534497053432,0.6915465502946567
medium,0.32591056807146246,0.6740894319285375
long,0.39151244778219046,0.6084875522178095
