range_category,regression_angle,scalar_variability,short_vs_medium_t,medium_vs_long_t,response_autocorr,stimulus_autocorr
short,1.4407502672327148,0.2223657703545471,,,0.1504579168990866,0.23521755130669833
medium,3.953234966195686,0.044002221855407565,,-0.09523809523809476,-0.12647425302046736,0.23520721737985426
long,23.420755173710955,0.08263296530279318,,,0.40937250568410144,0.23521755130669839
