model,scope,k,aic,rmse_to_llm,r2_to_llm,r2_to_truth,rmse_vs_truth,bias_vs_truth,aic_weight
Combo_NonOracle,overall,0.0,-998.2207388672373,0.03588619982861157,0.9733405787469852,0.9870168352518187,0.02399093916076097,-0.014737862294398572,0.8739191701278598
EmpiricalLinear,overall,2.0,-994.3486092049874,0.03587090715298837,0.9733632953910096,0.9876946674421183,0.023356278384593577,-0.01414727817080231,0.12608081088020065
Combo_Oracle,overall,0.0,-962.9317712978522,0.040365792567914116,0.9662695027837207,0.9943169978355506,0.015872519748703715,-2.2759572004815708e-17,1.8991939683249253e-08
Equal,overall,0.0,-911.5481569367616,0.04790698997697361,0.952489068600665,0.984743526123007,0.026006628281339234,0.003753156981369911,1.3205633308490865e-19
LLM(Combined),overall,,,0.0,1.0,0.9523973765120259,0.04593803449575672,-0.015553866666666671,
