model,scope,k,aic,rmse_to_llm,r2_to_llm,r2_to_truth,rmse_vs_truth,bias_vs_truth,aic_weight
Combo_Oracle,overall,0.0,-40.105920955613094,0.689801695888467,0.8791751277102405,0.8528728316462597,0.8338130468624423,1.46384961765391e-15,0.99674497072088
EmpiricalLinear,overall,2.0,-28.657333459676174,0.7390551616200238,0.8613047658019753,0.8015337112209718,0.9684241752923014,-0.0814472914211752,0.0032550290247761707
Combo_NonOracle,overall,0.0,4.964209296134885,1.0470376602216385,0.7216235867232685,0.7202382522056732,1.1497844063933615,-0.6701258572495026,1.628281990885772e-10
Equal,overall,0.0,6.116584236895429,1.0582695130518196,0.7156191163849995,0.7159809594542081,1.15849983450392,-0.682645480907758,9.151548393181138e-11
LLM(Combined),overall,,,0.0,1.0,0.8883172657546684,0.7264659560986806,0.06380185185185192,
