model,scope,k,aic,rmse_to_llm,r2_to_llm,r2_to_truth,rmse_vs_truth,bias_vs_truth,aic_weight
Equal,overall,0.0,-734.7387768697143,0.08636875881937867,0.8991799632076889,0.764489751120069,0.10217591483971813,-0.027943999999999997,0.9179180322336808
EmpiricalLinear,overall,3.0,-729.9099579235278,0.08603223794495346,0.8999640881628566,0.7614384948156794,0.10283567719194607,-0.028060666666666758,0.08208034823436726
Bayes(range),overall,0.0,-708.2432888739874,0.09434368293157636,0.879701795191704,0.8174981960318084,0.08994503808555256,-0.0364198799380833,1.619503107204097e-06
Bayes(stimulus),overall,0.0,-686.3718973156581,0.10147870307531415,0.8608179237113232,0.6965998407236399,0.11597156861560672,-0.03497942331387473,2.884492758003347e-11
LLM(Combined),overall,,,0.0,1.0,0.6865034957551157,0.1178853888599714,-0.028060666666666668,
