range_category,w_img_bayes,w_txt_bayes
short,0.31824245951319186,0.6817575404868081
medium,0.21307644291394515,0.7869235570860549
long,0.34677462395308206,0.653225376046918
