model,scope,k,aic,rmse_to_llm,r2_to_llm,r2_to_truth,rmse_vs_truth,bias_vs_truth,aic_weight
Equal,overall,0.0,-877.3693591195542,0.05368806633447586,0.9525793411063175,0.9554860146958212,0.04442272588863212,0.02598051614966667,0.6819077324734651
EmpiricalLinear,overall,2.0,-875.8442533817279,0.05324698061236473,0.9533553293177304,0.9668125375808372,0.03835694313580134,0.02078792960624987,0.31809226752652797
Combo_Oracle,overall,0.0,-812.9422566897496,0.0665496147916768,0.9271376538609052,0.9936604386450805,0.016764344238619083,1.3489209749195653e-16,6.9752227319166015e-15
Combo_NonOracle,overall,0.0,-791.3276079269363,0.0715213914300818,0.915844216212085,0.9867326716936647,0.024252063875713416,-0.015314437034847498,1.4125269318573853e-19
LLM(Combined),overall,,,0.0,1.0,0.9076018347475627,0.06400127695731286,0.022560406666666668,
