{
  "empirical_linear": {
    "w_txt_norm": 0.5617731419437312,
    "w_img_norm": 0.4382268580562688
  },
  "combo_oracle": {
    "w_txt_norm": 0.9178802233340619,
    "w_img_norm": 0.08211977666593813
  },
  "combo_non_oracle": {
    "w_txt_norm": 0.9912617215520083,
    "w_img_norm": 0.008738278447991691
  }
}