model,scope,k,aic,rmse_to_llm,r2_to_llm,r2_to_truth,rmse_vs_truth,bias_vs_truth,aic_weight
EmpiricalLinear,overall,2.0,-53.850506574729685,0.8071375852534204,0.8345916876114803,0.771245410578018,0.9849664225753881,-0.687425698971125,0.9999999999999973
Combo_NonOracle,overall,0.0,13.329316559531062,1.0506067339170804,0.7197519828187229,0.8856263227907913,0.696465422549578,-0.21221044387775734,2.5827760989055695e-15
Combo_Oracle,overall,0.0,23.903120321085897,1.092567111359428,0.6969191932018955,0.8997291215254327,0.6521146060489628,9.210739167260558e-17,1.3062143349765174e-17
Equal,overall,0.0,54.82223659364468,1.2251279906681256,0.6189121408580118,0.8738558860177599,0.731425358207951,-0.03617407407407399,2.5235601126857762e-24
LLM(Combined),overall,,,0.0,1.0,0.6754784124385755,1.1731628817163613,-0.7105740740740739,
