model,scope,k,aic,rmse_to_llm,r2_to_llm,r2_to_truth,rmse_vs_truth,bias_vs_truth,aic_weight
EmpiricalLinear,overall,3.0,-776.9513478401158,0.07354647010457077,0.9070556269579424,0.5241113873965895,0.14524335948223543,-0.11712733333333354,0.840668784304022
Bayes(stimulus),overall,0.0,-773.6249226519059,0.07586880030541925,0.9010932642684489,0.642668835425617,0.12585749298312274,-0.09492305855179702,0.1593312156357943
Bayes(range),overall,0.0,-730.0590253358409,0.08772660301313977,0.8677602374012869,0.7248906963091166,0.11043233829758226,-0.0722345795047361,5.5218736865683813e-11
Equal,overall,0.0,-725.2412542965661,0.08914679840951477,0.8634439528913445,0.6249001183486034,0.12894873699782144,-0.087264,4.9650174496506724e-12
LLM(Combined),overall,,,0.0,1.0,0.493630899769697,0.14982256474465608,-0.11712733333333332,
