range_category,w_img_bayes,w_txt_bayes
short,0.35906135593889543,0.6409386440611046
medium,0.2188478662377394,0.7811521337622606
long,0.5935970613863574,0.40640293861364263
