{
  "per_range": {
    "regression_effect": {
      "long": {
        "regression_angle": 44.389254137506946,
        "slope": 0.9789050112163576,
        "intercept": -0.011119566621809462,
        "r_squared": 0.8506807938858119,
        "p_value": 1.8682647275850467e-21,
        "regression_strength": 0.021094988783642354,
        "regression_strength_angular": 0.013572130277623431
      },
      "medium": {
        "regression_angle": 44.54815089063168,
        "slope": 0.9843505815089555,
        "intercept": 0.04369476981427922,
        "r_squared": 0.8698932640988066,
        "p_value": 6.779996265406197e-23,
        "regression_strength": 0.01564941849104451,
        "regression_strength_angular": 0.010041091319295958
      },
      "short": {
        "regression_angle": 52.168900309280104,
        "slope": 1.2877483207206482,
        "intercept": -0.03869859668791992,
        "r_squared": 0.815590364666536,
        "p_value": 3.0212388208969086e-19,
        "regression_strength": -0.28774832072064815,
        "regression_strength_angular": 0.1593088957617801
      }
    },
    "weber_law": {
      "long": {
        "mean_cv": 0.05608445108694605,
        "cv_magnitude_correlation": -0.5951281073608881,
        "bin_magnitudes": [
          0.5455462499999999,
          0.63481125,
          0.72407625,
          0.76870875,
          0.8133412499999999,
          0.85797375
        ],
        "coefficient_variations": [
          0.06405720075267714,
          0.0963535805410564,
          0.10747051903731096,
          0.019313016893478304,
          0.022145116880262796,
          0.027167272416890695
        ],
        "p_value": 0.21269832091963686
      },
      "medium": {
        "mean_cv": 0.07326758535819967,
        "cv_magnitude_correlation": -0.6842914997865932,
        "bin_magnitudes": [
          0.356935,
          0.468515,
          0.580095,
          0.635885,
          0.691675,
          0.747465
        ],
        "coefficient_variations": [
          0.21950387528118176,
          0.010452720563075698,
          0.08431716752479372,
          0.055285585968388964,
          0.044669666688180946,
          0.02537649612357699
        ],
        "p_value": 0.13377415940013027
      },
      "short": {
        "mean_cv": 0.12924159444131658,
        "cv_magnitude_correlation": -0.6809550437529067,
        "bin_magnitudes": [
          0.14554625,
          0.23481125,
          0.32407625,
          0.36870875000000003,
          0.41334125,
          0.45797374999999996
        ],
        "coefficient_variations": [
          0.23217689495119,
          0.15247383348035093,
          0.09372177856578894,
          0.0723862410799779,
          0.19357021871234353,
          0.031120599858248107
        ],
        "p_value": 0.1364467835039493
      }
    },
    "sequential_effect": [
      {
        "range_category": "long",
        "n_runs": 5,
        "N_total": 50,
        "r_resp_mean": 0.3751710336645467,
        "r_stim_mean": 0.23521755130669839,
        "r_resp_weighted": 0.3770966283046752,
        "r_stim_weighted": 0.23521755130669839
      },
      {
        "range_category": "medium",
        "n_runs": 5,
        "N_total": 50,
        "r_resp_mean": 0.29255380086310667,
        "r_stim_mean": 0.23520721737985428,
        "r_resp_weighted": 0.29458600770378524,
        "r_stim_weighted": 0.23520721737985426
      },
      {
        "range_category": "short",
        "n_runs": 5,
        "N_total": 50,
        "r_resp_mean": 0.21668202161698433,
        "r_stim_mean": 0.23521755130669836,
        "r_resp_weighted": 0.21782414297678995,
        "r_stim_weighted": 0.23521755130669833
      }
    ]
  },
  "overall": {
    "range_effect": {
      "range_analyses_by_category": {
        "short": {
          "slope": 1.2877483207206482,
          "regression_strength": -0.28774832072064815,
          "r_squared": 0.815590364666536,
          "mean_stimulus_magnitude": 0.30805599999999994
        },
        "medium": {
          "slope": 0.9843505815089555,
          "regression_strength": 0.01564941849104451,
          "r_squared": 0.8698932640988066,
          "mean_stimulus_magnitude": 0.5600700000000001
        },
        "long": {
          "slope": 0.9789050112163576,
          "regression_strength": 0.021094988783642354,
          "r_squared": 0.8506807938858119,
          "mean_stimulus_magnitude": 0.7080560000000001
        }
      },
      "correlation_analysis": {
        "correlation_magnitude_regression": 0.9361937413272742,
        "p_value": 0.22864593491028654,
        "interpretation": "Regression strength increases with stimulus magnitude (r=0.936)"
      },
      "pairwise_comparison_on_overlap": {
        "short_vs_medium": {
          "categories": [
            "medium",
            "short"
          ],
          "error": "Insufficient data in common bins for t-test.",
          "t_statistic": NaN,
          "p_value": NaN,
          "is_significant": false,
          "n_overlapping_bins": 0
        },
        "short_vs_long": {
          "error": "No overlapping data found or insufficient data after binning for short vs long."
        },
        "medium_vs_long": {
          "categories": [
            "long",
            "medium"
          ],
          "t_statistic": -4.058823529411768,
          "p_value": 0.1537855054628401,
          "is_significant": false,
          "n_overlapping_bins": 2,
          "mean_long": 0.683,
          "mean_medium": 0.752
        }
      }
    }
  }
}