{
  "per_range": {
    "regression_effect": {
      "long": {
        "regression_angle": 0.3472899919063927,
        "slope": 0.0060614280504821105,
        "intercept": 0.46610816950028783,
        "r_squared": 2.477318670653987e-05,
        "p_value": 0.9726342501821797,
        "regression_strength": 0.9939385719495178,
        "regression_strength_angular": 0.9922824446243024
      },
      "medium": {
        "regression_angle": 18.692637119322406,
        "slope": 0.338338102538995,
        "intercept": 0.2813069789109851,
        "r_squared": 0.1369862646423435,
        "p_value": 0.008154554130111976,
        "regression_strength": 0.661661897461005,
        "regression_strength_angular": 0.5846080640150576
      },
      "short": {
        "regression_angle": 55.726564790857964,
        "slope": 1.467406181602709,
        "intercept": -0.10804327867980407,
        "r_squared": 0.8392990887229477,
        "p_value": 1.096203708709821e-20,
        "regression_strength": -0.4674061816027091,
        "regression_strength_angular": 0.2383681064635103
      }
    },
    "weber_law": {
      "long": {
        "mean_cv": 0.14593622876548337,
        "cv_magnitude_correlation": 0.5895458266673341,
        "bin_magnitudes": [
          0.5455462499999999,
          0.63481125,
          0.72407625,
          0.76870875,
          0.8133412499999999,
          0.85797375
        ],
        "coefficient_variations": [
          0.02807439696339085,
          0.01086751106161045,
          0.3410316401149419,
          0.026514640049404646,
          0.17991351543101755,
          0.28921566897253487
        ],
        "p_value": 0.21813379589847864
      },
      "medium": {
        "mean_cv": 0.20131869549723938,
        "cv_magnitude_correlation": 0.3383086492182963,
        "bin_magnitudes": [
          0.356935,
          0.468515,
          0.580095,
          0.635885,
          0.691675,
          0.747465
        ],
        "coefficient_variations": [
          0.23230070124282332,
          0.0,
          0.21621510399002114,
          0.2567462133156975,
          0.33598348776822756,
          0.16666666666666666
        ],
        "p_value": 0.51189720246822
      },
      "short": {
        "mean_cv": 0.18356528990111998,
        "cv_magnitude_correlation": -0.9454319079121767,
        "bin_magnitudes": [
          0.14554625,
          0.23481125,
          0.32407625,
          0.36870875000000003,
          0.41334125,
          0.45797374999999996
        ],
        "coefficient_variations": [
          0.5663035479800657,
          0.2706341305280714,
          0.21537116477522122,
          0.008980192680722053,
          0.018105813582994266,
          0.021996889859645246
        ],
        "p_value": 0.004385271943677581
      }
    },
    "sequential_effect": [
      {
        "range_category": "long",
        "n_runs": 5,
        "N_total": 50,
        "r_resp_mean": -0.08094096339630026,
        "r_stim_mean": 0.23521755130669839,
        "r_resp_weighted": -0.08095892779849637,
        "r_stim_weighted": 0.23521755130669839
      },
      {
        "range_category": "medium",
        "n_runs": 5,
        "N_total": 50,
        "r_resp_mean": -0.06933037347279869,
        "r_stim_mean": 0.23520721737985428,
        "r_resp_weighted": -0.07439659820649136,
        "r_stim_weighted": 0.23520721737985426
      },
      {
        "range_category": "short",
        "n_runs": 5,
        "N_total": 50,
        "r_resp_mean": 0.47474810249970467,
        "r_stim_mean": 0.23521755130669836,
        "r_resp_weighted": 0.477250809531876,
        "r_stim_weighted": 0.23521755130669833
      }
    ]
  },
  "overall": {
    "range_effect": {
      "range_analyses_by_category": {
        "short": {
          "slope": 1.467406181602709,
          "regression_strength": -0.4674061816027091,
          "r_squared": 0.8392990887229477,
          "mean_stimulus_magnitude": 0.30805599999999994
        },
        "medium": {
          "slope": 0.338338102538995,
          "regression_strength": 0.661661897461005,
          "r_squared": 0.1369862646423435,
          "mean_stimulus_magnitude": 0.5600700000000001
        },
        "long": {
          "slope": 0.0060614280504821105,
          "regression_strength": 0.9939385719495178,
          "r_squared": 2.477318670653987e-05,
          "mean_stimulus_magnitude": 0.7080560000000001
        }
      },
      "correlation_analysis": {
        "correlation_magnitude_regression": 0.9878662048038847,
        "p_value": 0.0992735535122314,
        "interpretation": "Regression strength increases with stimulus magnitude (r=0.988)"
      },
      "pairwise_comparison_on_overlap": {
        "short_vs_medium": {
          "categories": [
            "medium",
            "short"
          ],
          "error": "Insufficient data in common bins for t-test.",
          "t_statistic": NaN,
          "p_value": NaN,
          "is_significant": false,
          "n_overlapping_bins": 0
        },
        "short_vs_long": {
          "error": "No overlapping data found or insufficient data after binning for short vs long."
        },
        "medium_vs_long": {
          "categories": [
            "long",
            "medium"
          ],
          "t_statistic": -1.7631578947368431,
          "p_value": 0.32844838294089684,
          "is_significant": false,
          "n_overlapping_bins": 2,
          "mean_long": 0.505,
          "mean_medium": 0.639
        }
      }
    }
  }
}