{
  "per_range": {
    "regression_effect": {
      "long": {
        "regression_angle": NaN,
        "slope": NaN,
        "intercept": NaN,
        "r_squared": NaN,
        "p_value": NaN,
        "regression_strength": NaN,
        "regression_strength_angular": NaN
      },
      "medium": {
        "regression_angle": NaN,
        "slope": NaN,
        "intercept": NaN,
        "r_squared": NaN,
        "p_value": NaN,
        "regression_strength": NaN,
        "regression_strength_angular": NaN
      },
      "short": {
        "regression_angle": NaN,
        "slope": NaN,
        "intercept": NaN,
        "r_squared": NaN,
        "p_value": NaN,
        "regression_strength": NaN,
        "regression_strength_angular": NaN
      }
    },
    "weber_law": {
      "long": {
        "mean_cv": NaN,
        "cv_magnitude_correlation": NaN,
        "bin_magnitudes": [
          5.43633125,
          5.8685937500000005,
          6.300856250000001,
          7.16538125,
          7.59764375,
          8.02990625,
          8.46216875
        ],
        "coefficient_variations": [
          0.26185361752622716,
          0.24840185564434628,
          NaN,
          0.09746797371626141,
          0.11346226309217539,
          0.20545664353686832,
          0.11028479176707456
        ],
        "p_value": NaN
      },
      "medium": {
        "mean_cv": NaN,
        "cv_magnitude_correlation": NaN,
        "bin_magnitudes": [
          3.39370625,
          4.31933125,
          5.24495625,
          5.70776875,
          6.63339375
        ],
        "coefficient_variations": [
          0.19665190000366603,
          NaN,
          0.1626951340380173,
          0.13615845101308094,
          0.21977830506774818
        ],
        "p_value": NaN
      },
      "short": {
        "mean_cv": NaN,
        "cv_magnitude_correlation": NaN,
        "bin_magnitudes": [
          1.47201875,
          2.36009375,
          3.2481687499999996,
          3.69220625,
          4.13624375,
          4.5802812500000005
        ],
        "coefficient_variations": [
          0.1898012134884376,
          NaN,
          0.47418476341581745,
          0.07154042815133393,
          0.0670469407590277,
          0.12655455426724277
        ],
        "p_value": NaN
      }
    },
    "sequential_effect": [
      {
        "range_category": "long",
        "n_runs": 5,
        "N_total": 39,
        "r_resp_mean": -0.009267729434379443,
        "r_stim_mean": 0.24919433515492706,
        "r_resp_weighted": 0.012949046617412164,
        "r_stim_weighted": 0.2496857937706323
      },
      {
        "range_category": "medium",
        "n_runs": 5,
        "N_total": 41,
        "r_resp_mean": -0.2276560373273521,
        "r_stim_mean": 0.26315730500886403,
        "r_resp_weighted": -0.21280301633533716,
        "r_stim_weighted": 0.28095209719138925
      },
      {
        "range_category": "short",
        "n_runs": 5,
        "N_total": 44,
        "r_resp_mean": 0.13602115774042717,
        "r_stim_mean": 0.337609480720311,
        "r_resp_weighted": 0.13420473668199592,
        "r_stim_weighted": 0.34213562035976797
      }
    ]
  },
  "overall": {
    "range_effect": {
      "range_analyses_by_category": {
        "short": {
          "slope": NaN,
          "regression_strength": NaN,
          "r_squared": NaN,
          "mean_stimulus_magnitude": 3.0697699999999997
        },
        "medium": {
          "slope": NaN,
          "regression_strength": NaN,
          "r_squared": NaN,
          "mean_stimulus_magnitude": 5.0383
        },
        "long": {
          "slope": NaN,
          "regression_strength": NaN,
          "r_squared": NaN,
          "mean_stimulus_magnitude": 7.0569999999999995
        }
      },
      "correlation_analysis": {
        "correlation_magnitude_regression": NaN,
        "p_value": NaN,
        "interpretation": "Regression strength decreases with stimulus magnitude (r=nan)"
      },
      "pairwise_comparison_on_overlap": {
        "short_vs_medium": {
          "error": "No overlapping data found or insufficient data after binning for short vs medium."
        },
        "short_vs_long": {
          "error": "No overlapping data found or insufficient data after binning for short vs long."
        },
        "medium_vs_long": {
          "error": "No overlapping data found or insufficient data after binning for medium vs long."
        }
      }
    }
  }
}