{
    "Basic Single-Stage": {
        "model_name": "bayes_basic_single",
        "params": {
            "w_p": 0.21428711765742625,
            "delta": -0.10593333534302032
        },
        "steady_state_weight": null,
        "mode": "single",
        "model_type": "basic",
        "r_squared": 0.7701622712507457,
        "aic": -147.04891554362717,
        "bic": -144.24652078030286,
        "n_params": 2,
        "mse": 0.006505433310624628,
        "rmse": 0.08065626640642765,
        "predictions": [
            0.15628103036345295,
            0.3369949933022449,
            0.2662808338914133,
            0.22699518977428465,
            0.08556687095262133,
            0.08556687095262133,
            0.05413835565891839,
            0.3134236068319677,
            0.22699518977428465,
            0.2584237050679876,
            0.39928105001065706,
            0.6271377858900034,
            0.5407093688323202,
            0.48570946706834006,
            0.31285263295297383,
            0.31285263295297383,
            0.2735669888358452,
            0.5878521417728747,
            0.48570946706834006,
            0.5249951111854688,
            0.5562810303634531,
            0.736994993302245,
            0.6662808338914135,
            0.6269951897742847,
            0.4855668709526214,
            0.4855668709526214,
            0.45413835565891847,
            0.7134236068319677,
            0.6269951897742847,
            0.6584237050679875
        ],
        "converged": true,
        "confidence_intervals": {
            "w_p": [
                -10.35629606714619,
                10.78487030246104
            ],
            "delta": [
                -1.4915836508658404,
                1.2797169801797998
            ]
        }
    },
    "Basic Two-Stage": {
        "model_name": "bayes_basic_sequential",
        "params": {
            "r_div_q": 0.7331677227546,
            "delta": -0.1016018837946204
        },
        "steady_state_weight": 0.6503917366026921,
        "mode": "sequential",
        "model_type": "basic",
        "r_squared": 0.7883602970397434,
        "aic": -149.52316562745966,
        "bic": -146.72077086413535,
        "n_params": 2,
        "mse": 0.005990347977160916,
        "rmse": 0.07739733830798651,
        "predictions": [
            0.1483981162053796,
            0.3188175967656861,
            0.29684492507410354,
            0.25471188865445826,
            0.11321564494522468,
            0.07370552874052613,
            0.03384236322222947,
            0.26056038423917627,
            0.24458679140798492,
            0.2689565145035633,
            0.3883981162053797,
            0.603274852564027,
            0.5780826052420129,
            0.5206397859736048,
            0.3460402868429602,
            0.2972867205355052,
            0.24763482559301173,
            0.522072342328434,
            0.5050089962798012,
            0.5362819749129443,
            0.5483981162053796,
            0.7188175967656862,
            0.6968449250741036,
            0.6547118886544583,
            0.5132156449452246,
            0.4737055287405262,
            0.43384236322222947,
            0.6605603842391762,
            0.6445867914079848,
            0.6689565145035632
        ],
        "converged": true,
        "confidence_intervals": {
            "r_div_q": [
                -24.506079918012574,
                25.972415363521776
            ],
            "delta": [
                -1.496342739205041,
                1.2931389716158002
            ]
        }
    },
    "Weber Single-Stage": {
        "model_name": "bayes_weber_single",
        "params": {
            "w_p": 0.0,
            "delta": -0.2362572510506608
        },
        "steady_state_weight": null,
        "mode": "single",
        "model_type": "weber",
        "r_squared": 0.8465957663145152,
        "aic": -159.17552965089945,
        "bic": -156.37313488757513,
        "n_params": 2,
        "mse": 0.004342024337079757,
        "rmse": 0.06589403870669756,
        "predictions": [
            0.19739417161640177,
            0.37899700309216555,
            0.30793502555817104,
            0.26845614915039634,
            0.1263321940824073,
            0.1263321940824073,
            0.0947490929561875,
            0.3553096772475008,
            0.26845614915039634,
            0.3000392502766161,
            0.38689277837372055,
            0.615870261538814,
            0.5290167334417095,
            0.4737463064708249,
            0.3000392502766161,
            0.3000392502766161,
            0.26056037386884134,
            0.5763913851310392,
            0.4737463064708249,
            0.5132251828785996,
            0.5132251828785996,
            0.6948280143543635,
            0.6237660368203689,
            0.5842871604125942,
            0.4421632053446052,
            0.4421632053446052,
            0.41058010421838537,
            0.6711406885096985,
            0.5842871604125942,
            0.615870261538814
        ],
        "converged": true,
        "confidence_intervals": {
            "w_p": [
                -14.322825796582572,
                14.322825796582572
            ],
            "delta": [
                -3.724990052939846,
                3.252475550838524
            ]
        }
    },
    "Weber Two-Stage": {
        "model_name": "bayes_weber_sequential",
        "params": {
            "r_div_q": 0.3523592721105,
            "delta": -0.2244291035620068
        },
        "steady_state_weight": 0.8895554176272418,
        "mode": "sequential",
        "model_type": "weber",
        "r_squared": 0.853213104161459,
        "aic": -160.49805747054458,
        "bic": -157.69566270722027,
        "n_params": 2,
        "mse": 0.004154724147979253,
        "rmse": 0.06445714970411935,
        "predictions": [
            0.19974285371632178,
            0.35941446628945206,
            0.3160996961892472,
            0.27581771919441267,
            0.13810296567224764,
            0.12883140339060425,
            0.09876486871306311,
            0.31576922055267925,
            0.2757887399621633,
            0.30069194309152164,
            0.3914961862706606,
            0.5950388377860295,
            0.541029631568082,
            0.4852448456854909,
            0.31825410212896804,
            0.3050495408103986,
            0.267551356479079,
            0.5393277660467222,
            0.4850912877249326,
            0.5157853408174087,
            0.5193317413068863,
            0.6822261156757135,
            0.6361373821762967,
            0.5956028292518367,
            0.46046946679710854,
            0.4487179367721163,
            0.41869153201341375,
            0.6469153644501792,
            0.5966089899057693,
            0.6204741991009054
        ],
        "converged": true,
        "confidence_intervals": {
            "r_div_q": [
                -94.63342989500885,
                95.33814843922985
            ],
            "delta": [
                -3.4435538825525414,
                2.994695675428528
            ]
        }
    },
    "Linear Regression": {
        "model_name": "linear",
        "params": {
            "slope": 0.7360371493839643,
            "intercept": 0.03264716324008554
        },
        "steady_state_weight": null,
        "mode": "linear",
        "model_type": "linear",
        "log_likelihood": null,
        "r_squared": 0.8518308547532625,
        "aic": -160.21694538490107,
        "bic": -157.41455062157675,
        "n_params": 2,
        "mse": 0.00419384797413524,
        "rmse": 0.06475992568043326,