range_category,regression_angle,scalar_variability,short_vs_medium_t,medium_vs_long_t,response_autocorr,stimulus_autocorr
short,34.56967033585324,0.09912728269804848,,,0.026258476925726946,0.24718809267831102
medium,44.20651533721391,0.17530160258923483,,,0.1762311976242127,0.217956842254054
long,33.8328402004165,0.1276995188001116,,,0.175340475092683,0.21906490146470328
