range_category,regression_angle,scalar_variability,short_vs_medium_t,medium_vs_long_t,response_autocorr,stimulus_autocorr
short,44.20331435730722,0.06993150995796697,,,0.22994195049191585,0.24718809267831113
medium,41.83116746553745,0.04528464434913501,,,0.22436080377217588,0.217956842254054
long,40.33407825670683,0.039567173775727604,,,0.4565706702768367,0.21906490146470325
