model,scope,k,aic,rmse_to_llm,r2_to_llm,r2_to_truth,rmse_vs_truth,bias_vs_truth,aic_weight
Combo_Oracle,overall,0.0,21.435719364099132,1.0795627959235305,0.6269458963072616,0.8066054499765754,0.8817475452097299,-1.3703324189659076e-15,0.9571357375864528
EmpiricalLinear,overall,2.0,27.65288245709929,1.088145183451318,0.6209908533337032,0.776968387086257,0.9469027028362417,-0.007733468892831397,0.04274976385267544
Equal,overall,0.0,39.49820979535259,1.1514995333022366,0.5755724804623852,0.7885374102262087,0.9220169753974434,-0.1921682991077653,0.00011448631329511336
Combo_NonOracle,overall,0.0,57.783974715173755,1.2292095718102363,0.516353699919905,0.7667863777304267,0.9682758516222225,-0.28767679145980063,1.2247576741237505e-08
LLM(Combined),overall,,,0.0,1.0,0.7614669208310165,0.9792564727500559,0.3119182552525268,
