{
  "empirical_linear": {
    "w_txt_norm": 0.25410004608869774,
    "w_img_norm": 0.7458999539113023
  },
  "combo_oracle": {
    "w_txt_norm": 0.4739910843419961,
    "w_img_norm": 0.5260089156580039
  },
  "combo_non_oracle": {
    "w_txt_norm": 0.6273378452439505,
    "w_img_norm": 0.3726621547560495
  }
}