range_category,regression_angle,scalar_variability,short_vs_medium_t,medium_vs_long_t,response_autocorr,stimulus_autocorr
short,54.99114924313777,0.2463624173345812,,,0.29745604912582285,0.23521755130669833
medium,47.51749656361566,0.0445212938370099,,-11.499999999999986,0.31386010720975244,0.23520721737985426
long,40.22184697642971,0.038779104207604206,,,-0.14021669466822742,0.23521755130669839
