range_category,w_img_bayes,w_txt_bayes
short,0.5176983904823549,0.4823016095176451
medium,0.5942516332997678,0.4057483667002322
long,0.8229598213554671,0.17704017864453292
