{
  "empirical_linear": {
    "a_txt": 0.1373816710321112,
    "a_img": 0.8037685119088289,
    "intercept": 0.023075579864300696,
    "w_txt_norm": 0.145972102563712,
    "w_img_norm": 0.854027897436288
  }
}