model,scope,k,aic,rmse_to_llm,r2_to_llm,r2_to_truth,rmse_vs_truth,bias_vs_truth,aic_weight
Equal,overall,0.0,-75.10584403186886,0.8800900675437262,0.7602756155193189,0.7833849072796077,0.9378321734991255,0.28072381140592734,0.7248539952674509
Combo_NonOracle,overall,0.0,-72.06497723077756,0.8846532797009868,0.7577832588798017,0.7769598367526918,0.9516391673869863,0.339289982937231,0.15846549115454814
EmpiricalLinear,overall,2.0,-71.44832089445217,0.8795776139300321,0.7605547048220023,0.7825370109981373,0.939665858710961,0.2948319211626769,0.11642050505246412
Combo_Oracle,overall,0.0,-59.23982181844281,0.9041608560682466,0.746983190462257,0.7939774639146601,0.9146146124601057,1.450087215836939e-16,0.00026000852553702286
LLM(Combined),overall,,,0.0,1.0,0.8951063526639992,0.6526124650071785,0.25256257131742527,
