model,scope,k,aic,rmse_to_llm,r2_to_llm,r2_to_truth,rmse_vs_truth,bias_vs_truth,aic_weight
Combo_Oracle,overall,0.0,-27.695703561132696,0.9077029292518598,0.7266242335768528,0.8378473190385365,0.8117414882274379,4.9688303200007006e-17,0.9999743791046642
EmpiricalLinear,overall,2.0,-6.548043378372245,0.9637905588750364,0.6917962808546153,0.8293708083024401,0.8326880716035483,-0.12948546528117166,2.5576011089831504e-05
Equal,overall,0.0,6.15520308380247,1.0217549510461734,0.6536094452457993,0.8141054069758039,0.8691386349643613,-0.274472456559276,4.460236538934747e-08
Combo_NonOracle,overall,0.0,16.283321513758963,1.058586672484938,0.6281863036916178,0.7990444980522885,0.9036611825716568,-0.31661176192309587,2.8188042530096077e-10
LLM(Combined),overall,,,0.0,1.0,0.8909032939621475,0.6658271432066217,0.2258710742018936,
