model,scope,k,aic,rmse_to_llm,r2_to_llm,r2_to_truth,rmse_vs_truth,bias_vs_truth,aic_weight
EmpiricalLinear,overall,3.0,-745.2190752994891,0.08175211610965107,0.8818574369332451,0.6905967481482527,0.11711325887255185,-0.0791128227937703,0.9999999999434348
Equal,overall,0.0,-698.0117402964412,0.09761678713291637,0.8315552802035769,0.8196357983374822,0.08941673361898932,-0.02672751476190476,5.6112220012789895e-11
Bayes(range),overall,0.0,-688.3733693358412,0.10080393384811992,0.8203764216271971,0.8260878816123752,0.08780283763503603,-0.021816877735507133,4.5301417348057786e-13
Bayes(stimulus),overall,0.0,-640.3012142361894,0.1183229674740103,0.7525163636723071,0.7957207799557091,0.0951602829487928,-0.03474739381702126,1.6495897277683513e-23
LLM(Combined),overall,,,0.0,1.0,0.6313777181844927,0.12783048031333005,-0.07911282279376997,
