range_category,w_img_bayes,w_txt_bayes
short,0.4598313204100748,0.5401686795899252
medium,0.5050206882626539,0.4949793117373461
long,0.5554148599747312,0.44458514002526883
