{
  "per_range": {
    "regression_effect": {
      "long": {
        "regression_angle": 44.74775271036406,
        "slope": 0.9912334470445083,
        "intercept": -0.15764878958054662,
        "r_squared": 0.7645203163629685,
        "p_value": 1.1005472533969084e-16,
        "regression_strength": 0.008766552955491669,
        "regression_strength_angular": 0.005605495325243086
      },
      "medium": {
        "regression_angle": 35.781962894087975,
        "slope": 0.7207442974088605,
        "intercept": 0.06273274135021956,
        "r_squared": 0.5952482961058808,
        "p_value": 5.476606412353291e-11,
        "regression_strength": 0.2792557025911395,
        "regression_strength_angular": 0.20484526902026723
      },
      "short": {
        "regression_angle": 26.399593633538196,
        "slope": 0.4963954708880646,
        "intercept": 0.15828239682010642,
        "r_squared": 0.5905677174631458,
        "p_value": 7.243668605334286e-11,
        "regression_strength": 0.5036045291119353,
        "regression_strength_angular": 0.4133423636991512
      }
    },
    "weber_law": {
      "long": {
        "mean_cv": 0.05611554411225769,
        "cv_magnitude_correlation": -0.5269208757987056,
        "bin_magnitudes": [
          0.5455462499999999,
          0.63481125,
          0.72407625,
          0.76870875,
          0.8133412499999999,
          0.85797375
        ],
        "coefficient_variations": [
          0.10608067588990255,
          0.020962065611584098,
          0.1226940079238078,
          0.04799288255728834,
          0.01963163288548973,
          0.01933199980547363
        ],
        "p_value": 0.2827673201227773
      },
      "medium": {
        "mean_cv": 0.06552423585773752,
        "cv_magnitude_correlation": -0.6673976606602756,
        "bin_magnitudes": [
          0.356935,
          0.468515,
          0.580095,
          0.635885,
          0.691675,
          0.747465
        ],
        "coefficient_variations": [
          0.20541937566797983,
          0.007121235597133096,
          0.09413991438957185,
          0.03008163198430213,
          0.01608681998201281,
          0.04029643752542531
        ],
        "p_value": 0.14753952103433016
      },
      "short": {
        "mean_cv": 0.10047422158560144,
        "cv_magnitude_correlation": -0.7575521161821018,
        "bin_magnitudes": [
          0.14554625,
          0.23481125,
          0.32407625,
          0.36870875000000003,
          0.41334125,
          0.45797374999999996
        ],
        "coefficient_variations": [
          0.18098537463736925,
          0.087402535772101,
          0.0896326910299096,
          0.09028393805030213,
          0.0613712909614356,
          0.09316949906249121
        ],
        "p_value": 0.08104580288710692
      }
    },
    "sequential_effect": [
      {
        "range_category": "long",
        "n_runs": 5,
        "N_total": 50,
        "r_resp_mean": 0.5371645036077702,
        "r_stim_mean": 0.23521755130669839,
        "r_resp_weighted": 0.5372713323110346,
        "r_stim_weighted": 0.23521755130669839
      },
      {
        "range_category": "medium",
        "n_runs": 5,
        "N_total": 50,
        "r_resp_mean": 0.5834153578134924,
        "r_stim_mean": 0.23520721737985428,
        "r_resp_weighted": 0.5844571573087881,
        "r_stim_weighted": 0.23520721737985426
      },
      {
        "range_category": "short",
        "n_runs": 5,
        "N_total": 50,
        "r_resp_mean": 0.17568771076815753,
        "r_stim_mean": 0.23521755130669836,
        "r_resp_weighted": 0.17603451576257884,
        "r_stim_weighted": 0.23521755130669833
      }
    ]
  },
  "overall": {
    "range_effect": {
      "range_analyses_by_category": {
        "short": {
          "slope": 0.4963954708880646,
          "regression_strength": 0.5036045291119353,
          "r_squared": 0.5905677174631458,
          "mean_stimulus_magnitude": 0.30805599999999994
        },
        "medium": {
          "slope": 0.7207442974088605,
          "regression_strength": 0.2792557025911395,
          "r_squared": 0.5952482961058808,
          "mean_stimulus_magnitude": 0.5600700000000001
        },
        "long": {
          "slope": 0.9912334470445083,
          "regression_strength": 0.008766552955491669,
          "r_squared": 0.7645203163629685,
          "mean_stimulus_magnitude": 0.7080560000000001
        }
      },
      "correlation_analysis": {
        "correlation_magnitude_regression": -0.9795023895622392,
        "p_value": 0.12911936309522762,
        "interpretation": "Regression strength decreases with stimulus magnitude (r=-0.980)"
      },
      "pairwise_comparison_on_overlap": {
        "short_vs_medium": {
          "categories": [
            "medium",
            "short"
          ],
          "error": "Insufficient data in common bins for t-test.",
          "t_statistic": NaN,
          "p_value": NaN,
          "is_significant": false,
          "n_overlapping_bins": 0
        },
        "short_vs_long": {
          "error": "No overlapping data found or insufficient data after binning for short vs long."
        },
        "medium_vs_long": {
          "categories": [
            "long",
            "medium"
          ],
          "t_statistic": 0.4426229508196724,
          "p_value": 0.7347191016230274,
          "is_significant": false,
          "n_overlapping_bins": 2,
          "mean_long": 0.627,
          "mean_medium": 0.573
        }
      }
    }
  }
}