model,scope,k,aic,rmse_to_llm,r2_to_llm,r2_to_truth,rmse_vs_truth,bias_vs_truth,aic_weight
Bayes(range),overall,0.0,-635.6713442446124,0.12016319751411872,0.5539800532859736,0.3055180785286904,0.17545837449499818,-0.1025804852227547,0.9861032013231555
EmpiricalLinear,overall,3.0,-627.1471392182325,0.12117851814373397,0.5464109063675087,0.16141887923592646,0.1928040576430061,-0.11719399999999991,0.013896798676833735
Bayes(stimulus),overall,0.0,-571.3479102755197,0.1488981097291622,0.3151590868276647,-0.14423003533001055,0.22521654976677116,-0.10446891091769632,1.0623464079780664e-14
Equal,overall,0.0,-522.589046237424,0.17517610662796837,0.05210317556745081,0.10289276537983194,0.19941866689622278,-0.06546399999999998,2.744184809664672e-25
LLM(Combined),overall,,,0.0,1.0,0.12089412736307781,0.19740775965836127,-0.11719399999999998,
