{
    "Basic Single-Stage": {
        "model_name": "bayes_basic_single",
        "params": {
            "w_p": 0.19483401412037848,
            "delta": -0.1407939998598406
        },
        "steady_state_weight": null,
        "mode": "single",
        "model_type": "basic",
        "r_squared": 0.3709523437905152,
        "aic": -118.39610949399074,
        "bic": -115.59371473066642,
        "n_params": 2,
        "mse": 0.016908658414775544,
        "rmse": 0.13003329733101265,
        "predictions": [
            0.12037235378647376,
            0.3059389585521501,
            0.23549498644754202,
            0.192547432760723,
            0.04999279496073605,
            0.049984743300877266,
            0.018446391633972464,
            0.2787082449097013,
            0.1933445470867438,
            0.2277895479626741,
            0.36065991636812295,
            0.5926201852401831,
            0.5045672330243878,
            0.4508868167457934,
            0.27268748075091553,
            0.27267942909105675,
            0.23325850242239043,
            0.5585858190170514,
            0.4518771709084252,
            0.4949374478332674,
            0.5203723537864737,
            0.7059389585521503,
            0.6354949864475419,
            0.592547432760723,
            0.449992794960736,
            0.4499847433008773,
            0.4184463916339724,
            0.6787082449097013,
            0.5933445470867438,
            0.627789547962674
        ],
        "converged": true,
        "confidence_intervals": {
            "w_p": [
                -10.415719288943327,
                10.805387317184083
            ],
            "delta": [
                -1.5263522559896787,
                1.2447642562699974
            ]
        }
    },
    "Basic Two-Stage": {
        "model_name": "bayes_basic_sequential",
        "params": {
            "r_div_q": 0.5548698555459954,
            "delta": -0.13763673745592578
        },
        "steady_state_weight": 0.7645958149301442,
        "mode": "sequential",
        "model_type": "basic",
        "r_squared": 0.3684483796893383,
        "aic": -118.27693666934032,
        "bic": -115.474541906016,
        "n_params": 2,
        "mse": 0.016975964402249983,
        "rmse": 0.13029184319154435,
        "predictions": [
            0.11218326254407421,
            0.29873740740732346,
            0.26377907222322994,
            0.21409104671443094,
            0.062261901349263155,
            0.03218874557312232,
            -0.005179895920015776,
            0.24665234983084558,
            0.21149428238954257,
            0.2388409795529415,
            0.34963326254407423,
            0.5828279672503418,
            0.5391324361320657,
            0.47702688618369704,
            0.287235327074587,
            0.24964487197837745,
            0.20293627102714254,
            0.5177270140411326,
            0.47377550614212116,
            0.5079621105448463,
            0.5121832625440742,
            0.6987374074073236,
            0.66377907222323,
            0.614091046714431,
            0.46226190134926315,
            0.43218874557312237,
            0.39482010407998425,
            0.6466523498308454,
            0.6114942823895426,
            0.6388409795529415
        ],
        "converged": true,
        "confidence_intervals": {
            "r_div_q": [
                -24.043497186467402,
                25.153236897559392
            ],
            "delta": [
                -1.5374228029390107,
                1.2621493280271592
            ]
        }
    },
    "Weber Single-Stage": {
        "model_name": "bayes_weber_single",
        "params": {
            "w_p": 0.0,
            "delta": -0.33621553632858875
        },
        "steady_state_weight": null,
        "mode": "single",
        "model_type": "weber",
        "r_squared": 0.5810879837262515,
        "aic": -130.59160274260003,
        "bic": -127.78920797927572,
        "n_params": 2,
        "mse": 0.011260260044048004,
        "rmse": 0.10611437246691893,
        "predictions": [
            0.1784883838253503,
            0.3431520761899973,
            0.2806431750532638,
            0.2425333935167069,
            0.11603664021623068,
            0.11602949552527894,
            0.08804374106733119,
            0.318988731391228,
            0.2432407179209287,
            0.273805705812453,
            0.34813907047430864,
            0.5539704721028554,
            0.47583613185467655,
            0.4282024772794563,
            0.27007617713564713,
            0.2700690324446953,
            0.23508862554499854,
            0.5237698634498696,
            0.42908127426651965,
            0.46729108147640086,
            0.4642760218947685,
            0.6289397142594156,
            0.566430813122682,
            0.5283210315861252,
            0.40182427828564893,
            0.40181713359469723,
            0.3738313791367494,
            0.6047763694606461,
            0.5290283559903469,
            0.5595933438818712
        ],
        "converged": true,
        "confidence_intervals": {
            "w_p": [
                -16.753062618025222,
                16.753062618025222
            ],
            "delta": [
                -4.15355339159265,
                3.481122318935473
            ]
        }
    },
    "Weber Two-Stage": {
        "model_name": "bayes_weber_sequential",
        "params": {
            "r_div_q": 0.01,
            "delta": -0.33620412871553335
        },
        "steady_state_weight": 0.9999000099990001,
        "mode": "sequential",
        "model_type": "weber",
        "r_squared": 0.5810823759546861,
        "aic": -130.59120118552954,
        "bic": -127.78880642220523,
        "n_params": 2,
        "mse": 0.011260410779676589,
        "rmse": 0.10611508271530767,
        "predictions": [
            0.17849041997478926,
            0.3431335656165193,
            0.28065201715760657,
            0.242539699762138,
            0.11604651743814919,
            0.11603082073323166,
            0.08804717513364041,
            0.3189513175992437,
            0.24325008282185764,
            0.27380558972263147,
            0.3481430419441742,
            0.5539510646462459,
            0.47584879104440947,
            0.4282118784774823,
            0.27009170392071125,
            0.2700721152752937,
            0.2350945678131762,
            0.5237338901484686,
            0.4290947202768826,
            0.4672924276201806,
            0.46428131821759394,
            0.6289278010548838,
            0.5664432014134215,
            0.5283307381855231,
            0.40183985803733513,
            0.4018217192202884,
            0.37383834197057686,
            0.6047541821971031,
            0.5290414664403693,
            0.5595965857623837
        ],
        "converged": true,
        "confidence_intervals": {
            "r_div_q": [
                -298.44635785699097,
                298.46635785699095
            ],
            "delta": [
                -4.203708525610017,
                3.5313002681789496
            ]
        }
    },
    "Linear Regression": {
        "model_name": "linear",
        "params": {
            "slope": 0.6051623847545379,
            "intercept": 0.06665131402427461
        },
        "steady_state_weight": null,
        "mode": "linear",
        "model_type": "linear",
        "log_likelihood": null,
        "r_squared": 0.6039562883527042,
        "aic": -132.27553866068212,
        "bic": -129.4731438973578,
        "n_params": 2,
        "mse": 0.010645565199171338,
        "rmse": 0.10317734828522847,