model,scope,k,aic,rmse_to_llm,r2_to_llm,r2_to_truth,rmse_vs_truth,bias_vs_truth,aic_weight
EmpiricalLinear,overall,3.0,-746.8850973728026,0.07190098063130523,0.8012580696739415,0.6298251080146573,0.12836260448753184,-0.061532587412586943,0.9999999980380532
Equal,overall,0.0,-706.1635862831052,0.08466072767930127,0.7244604971319384,0.6858476953796921,0.11825109371010639,-0.03182979020979021,1.4369320071354853e-09
Bayes(range),overall,0.0,-704.149908538444,0.0852589129682751,0.7205529953410224,0.7086109283417055,0.11388634918079554,-0.027672629213458512,5.250149281649623e-10
Bayes(stimulus),overall,0.0,-657.0010685947747,0.1005393049814551,0.6114099878667532,0.5814707527097465,0.13648909287707545,-0.04591203278418724,3.0334102112600475e-20
LLM(Combined),overall,,,0.0,1.0,0.7082373056520929,0.11395933903742227,-0.061532587412587395,
