range_category,w_img_bayes,w_txt_bayes
short,0.6322285240294697,0.3677714759705303
medium,0.32839856426560393,0.671601435734396
long,0.4528600428467658,0.5471399571532343
