{
  "empirical_linear": {
    "a_txt": 0.7365296564657172,
    "a_img": 0.22593407887213132,
    "intercept": -0.018942370214102576,
    "w_txt_norm": 0.7652544500361638,
    "w_img_norm": 0.23474554996383618
  }
}