range_category,w_img_bayes,w_txt_bayes
short,0.17170773368796227,0.8282922663120378
medium,0.34828585082083885,0.6517141491791612
long,0.23228923922681285,0.7677107607731871
