model,scope,k,aic,rmse_to_llm,r2_to_llm,r2_to_truth,rmse_vs_truth,bias_vs_truth,aic_weight
EmpiricalLinear,overall,2.0,55.34668229331908,1.1866753904172782,0.7724164416659782,0.6954721697875903,1.1200718218672359,0.17831521464735878,0.9999999924104445
Combo_Oracle,overall,0.0,92.73966789996707,1.3622424829234685,0.7000935185031728,0.7759103374218642,0.9608227750724108,8.052817671947802e-16,7.589555501822396e-09
Combo_NonOracle,overall,0.0,133.8206680865858,1.562159085623722,0.6056085151760274,0.6679480098058259,1.1695947801070752,-0.6828912452389962,9.111512917618936e-18
Equal,overall,0.0,206.82935846357572,1.9925818200983676,0.35833354075067136,0.4249095732325918,1.5392191100191783,-1.1785683506774243,1.276306010211838e-33
LLM(Combined),overall,,,0.0,1.0,0.6175307199330482,1.2552512333213577,0.21599286172316703,
