range_category,regression_angle,scalar_variability,short_vs_medium_t,medium_vs_long_t,response_autocorr,stimulus_autocorr
short,24.216983535746195,0.1858174458838396,,,0.09604836645839408,0.23502816576403177
medium,6.303618904185736,0.14422957169697062,,,-0.13248992392885386,0.23224644127448962
long,39.12059251984604,0.1431922816680701,,,0.35481840291448224,0.23502816576403165
