range_category,regression_angle,scalar_variability,short_vs_medium_t,medium_vs_long_t,response_autocorr,stimulus_autocorr
short,14.442111212979665,0.16091119924091604,,,-0.1850939658326611,0.23502816576403177
medium,17.977795413772366,0.05154963688739958,,3.6249999999999987,0.3666086614127754,0.23525030686203605
long,14.032358804569485,0.06035882850229521,,,0.22907258498672942,0.23502816576403165
