model,scope,k,aic,rmse_to_llm,r2_to_llm,r2_to_truth,rmse_vs_truth,bias_vs_truth,aic_weight
Combo_Oracle,overall,0.0,-88.25205771732645,0.7005741460789452,0.8296384116828124,0.8541433595672342,0.7650857659523335,1.2534776084477575e-15,0.9457318279853448
EmpiricalLinear,overall,2.0,-82.53601542814737,0.7054385970859999,0.8272643797365233,0.8100029630894146,0.8732134835374594,-0.21340067957048225,0.054268172014654795
Combo_NonOracle,overall,0.0,-17.48221310342886,0.9319344543013993,0.6985368695426883,0.7526732365626766,0.9962826707325336,-0.5968342984680169,4.0578080997011397e-16
Equal,overall,0.0,16.7485410710618,1.0698671049749342,0.6026958172123276,0.695125932883037,1.1061327765264053,-0.7198418248750446,1.4968479262705537e-23
LLM(Combined),overall,,,0.0,1.0,0.8218695972829717,0.8455047349212147,-0.051177419354838584,
