model,scope,k,aic,rmse_to_llm,r2_to_llm,r2_to_truth,rmse_vs_truth,bias_vs_truth,aic_weight
EmpiricalLinear,overall,2.0,-711.4043204480521,0.0921183543655675,-0.4348530711274776,-0.5838885780255625,0.2649837725771703,-0.1927463512367515,1.0
Equal,overall,0.0,-590.225156417655,0.13981751259830122,-2.3055081546424114,0.07673561046577282,0.20231123811412788,-0.09729682539682541,4.8560021457865715e-27
Combo_NonOracle,overall,0.0,-557.1898703340892,0.15609358187126138,-3.1198858445652498,0.14836216495672228,0.1943052070002361,-0.07839225825246657,3.256549192447578e-34
Combo_Oracle,overall,0.0,-446.74534168376437,0.22556404682798675,-7.603097501782267,0.3062985894177126,0.1753651351114068,-8.289665250534503e-17,3.388698795290128e-58
LLM(Combined),overall,,,0.0,1.0,-0.9562452263651824,0.29448868512502596,-0.20425666666666667,
