{
  "empirical_linear": {
    "w_txt_norm": 0.15390047000292706,
    "w_img_norm": 0.8460995299970729
  },
  "combo_oracle": {
    "w_txt_norm": 0.45634359070173575,
    "w_img_norm": 0.5436564092982643
  },
  "combo_non_oracle": {
    "w_txt_norm": 0.568547871200884,
    "w_img_norm": 0.43145212879911593
  }
}