model,scope,k,aic,rmse_to_llm,r2_to_llm,r2_to_truth,rmse_vs_truth,bias_vs_truth,aic_weight
Bayes(range),overall,0.0,67.748008690709,1.2533584339681216,0.6142059372152052,0.8714801322715788,0.7276415872273203,0.09519363372983697,0.9906555404262324
Equal,overall,0.0,77.24208791111629,1.2936576920811955,0.5889982088720327,0.8096334335149932,0.8855798290762198,0.2100100000000001,0.00859626043746326
EmpiricalLinear,overall,3.0,82.23077472314414,1.2893040574019283,0.5917598988435067,0.8032390832594882,0.9003301548234451,0.29556478163785405,0.0007096267650641339
Bayes(stimulus),overall,0.0,88.05518052234432,1.3411363384990698,0.5582761749716935,0.8484473559512877,0.7901583545959904,0.07621043680072138,3.8572371240280775e-05
LLM(Combined),overall,,,0.0,1.0,0.6390135446515947,1.2194888421780408,0.2955647816378542,
