range_category,w_img_bayes,w_txt_bayes
short,0.16560230912934637,0.8343976908706536
medium,0.4313161036199793,0.5686838963800207
long,0.6262776950125369,0.37372230498746306
