range_category,regression_angle,scalar_variability,short_vs_medium_t,medium_vs_long_t,response_autocorr,stimulus_autocorr
short,0.13346734539654403,0.03741078504473253,,,-0.3005511649498005,0.23521755130669833
medium,11.477753094532904,0.08051010471732571,,1.3012939001848425,0.3137766231579417,0.23520721737985426
long,2.3352398532474554,0.046926404595468825,,,0.5389438238931422,0.23521755130669839
