model,scope,k,aic,rmse_to_llm,r2_to_llm,r2_to_truth,rmse_vs_truth,bias_vs_truth,aic_weight
EmpiricalLinear,overall,3.0,227.7581618316023,2.0942466046373465,0.09280044657332576,-9.765796613571325,6.659712223362499,6.153309999999984,1.0
Equal,overall,0.0,404.08127647807356,3.8456305751896314,-2.0590199678239514,-2.4704410962121868,3.7811570519044393,3.36191,5.1513628128956286e-39
Bayes(stimulus),overall,0.0,502.8951465273687,5.3458318034499595,-4.911228786922584,-0.8831186527032167,2.785295132250067,1.74354103225754,1.7978890591095939e-60
Bayes(range),overall,0.0,516.1608181358058,5.587522911663266,-5.457818305189997,0.13315496609526367,1.889744588303864,1.4811529656560947,2.366785502690808e-63
LLM(Combined),overall,,,0.0,1.0,-11.778686477318843,7.255635968013648,6.15331,
