range_category,w_img_bayes,w_txt_bayes
short,0.14726391694608323,0.8527360830539168
medium,0.10871398634371388,0.8912860136562861
long,0.272337519206033,0.727662480793967
