{
    "Basic Single-Stage": {
        "model_name": "bayes_basic_single",
        "params": {
            "w_p": 0.1691633247684515,
            "delta": -0.10526067098268094
        },
        "steady_state_weight": null,
        "mode": "single",
        "model_type": "basic",
        "r_squared": 0.6244512440681842,
        "aic": -131.95678339743955,
        "bic": -129.15438863411524,
        "n_params": 2,
        "mse": 0.010759289924938091,
        "rmse": 0.10372699708821273,
        "predictions": [
            0.1544107243985346,
            0.3458936529391496,
            0.27320375222314136,
            0.22888692396629057,
            0.08178729061654494,
            0.0817789822497926,
            0.04923510968097286,
            0.3177947565828186,
            0.2297094522747698,
            0.2652526452411755,
            0.3943244190604623,
            0.6336801568279191,
            0.5428198580245971,
            0.4874279768869096,
            0.30354720392466333,
            0.303538895557911,
            0.2628611319385744,
            0.5985606905658816,
            0.4884499059974445,
            0.5328830513888276,
            0.5544107243985346,
            0.7458936529391496,
            0.6732037522231413,
            0.6288869239662906,
            0.48178729061654485,
            0.4817789822497926,
            0.44923510968097286,
            0.7177947565828184,
            0.6297094522747697,
            0.6652526452411753
        ],
        "converged": true,
        "confidence_intervals": {
            "w_p": [
                -10.441393569106838,
                10.77972021864374
            ],
            "delta": [
                -1.4911899653743128,
                1.280668623408951
            ]
        }
    },
    "Basic Two-Stage": {
        "model_name": "bayes_basic_sequential",
        "params": {
            "r_div_q": 0.01,
            "delta": -0.10525922662240714
        },
        "steady_state_weight": 0.9999000099990001,
        "mode": "sequential",
        "model_type": "basic",
        "r_squared": 0.6073990713176605,
        "aic": -130.62474423743814,
        "bic": -127.82234947411382,
        "n_params": 2,
        "mse": 0.011247826413410244,
        "rmse": 0.10605577029756676,
        "predictions": [
            0.14456077337759285,
            0.37500773098602014,
            0.28754951832445175,
            0.2342061071853793,
            0.05716847537075198,
            0.057140776147238254,
            0.017974689594665555,
            0.34117845623232046,
            0.23520137002665445,
            0.27796649729243206,
            0.3820107733775928,
            0.6700719701381771,
            0.5607517043111915,
            0.49407744013740096,
            0.2727729016188418,
            0.2727407765897746,
            0.22378566839895878,
            0.6277903769459775,
            0.49531401968881983,
            0.5487754277712917,
            0.5445607733775928,
            0.7750077309860203,
            0.6875495183244517,
            0.6342061071853793,
            0.4571684753707519,
            0.45714077614723825,
            0.41797468959466555,
            0.7411784562323204,
            0.6352013700266544,
            0.677966497292432
        ],
        "converged": true,
        "confidence_intervals": {
            "r_div_q": [
                -1.9499999917479713,
                1.9699999917479714
            ],
            "delta": [
                -1.4911885195122392,
                1.280670066267425
            ]
        }
    },
    "Weber Single-Stage": {
        "model_name": "bayes_weber_single",
        "params": {
            "w_p": 0.0,
            "delta": -0.24162464490584157
        },
        "steady_state_weight": null,
        "mode": "single",
        "model_type": "weber",
        "r_squared": 0.7358919625991232,
        "aic": -142.51650861189668,
        "bic": -139.71411384857237,
        "n_params": 2,
        "mse": 0.007566567325863667,
        "rmse": 0.08698601799061541,
        "predictions": [
            0.19619614911203317,
            0.37719597280920153,
            0.30848562189469964,
            0.266595004478086,
            0.12754862627014713,
            0.12754077276107015,
            0.09677857770653776,
            0.35063540511085367,
            0.2673725018767069,
            0.3009698137080294,
            0.3826777221449339,
            0.6089294651436636,
            0.5230434898778055,
            0.47068414486157684,
            0.2968702819698456,
            0.2968624284607686,
            0.25841164801987226,
            0.5757326822752672,
            0.4716501264780454,
            0.5136506930217367,
            0.510336512191251,
            0.6913363358884195,
            0.6226259849739174,
            0.5807353675573037,
            0.441688989349365,
            0.441681135840288,
            0.4109189407857556,
            0.6647757681900713,
            0.5815128649559249,
            0.6151101767872472
        ],
        "converged": true,
        "confidence_intervals": {
            "w_p": [
                -13.241431519521068,
                13.241431519521068
            ],
            "delta": [
                -3.655133288957075,
                3.171883999145392
            ]
        }
    },
    "Weber Two-Stage": {
        "model_name": "bayes_weber_sequential",
        "params": {
            "r_div_q": 0.01,
            "delta": -0.2416150247813715
        },
        "steady_state_weight": 0.9999000099990001,
        "mode": "sequential",
        "model_type": "weber",
        "r_squared": 0.7358601977496949,
        "aic": -142.51290114019454,
        "bic": -139.71050637687023,
        "n_params": 2,
        "mse": 0.0075674773734114836,
        "rmse": 0.08699124883234798,
        "predictions": [
            0.19619803656210705,
            0.37717495162068343,
            0.3084947897827712,
            0.2666014598109645,
            0.12755925538933516,
            0.12754200145980482,
            0.09678217946437927,
            0.3505936528469635,
            0.2673823179156663,
            0.30096914811985975,
            0.38268140357958086,
            0.6089070438742351,
            0.5230564700138514,
            0.4706936373816468,
            0.2968868184687127,
            0.29686528649054233,
            0.25841771789401197,
            0.5756921110504033,
            0.4716640633578845,
            0.5136512545668228,
            0.5103414217252552,
            0.6913220050528931,
            0.6226384893334517,
            0.5807449990616023,
            0.4417053252079642,
            0.4416853868914365,
            0.41092585986810465,
            0.6647501915125781,
            0.5815262366072389,
            0.6151126407821073
        ],
        "converged": true,
        "confidence_intervals": {
            "r_div_q": [
                -163.67337822435326,
                163.69337822435324
            ],
            "delta": [
                -3.5349016597184244,
                3.0516716101556813
            ]
        }
    },
    "Linear Regression": {
        "model_name": "linear",
        "params": {
            "slope": 0.6962826781727465,
            "intercept": 0.054310591917441677
        },
        "steady_state_weight": null,
        "mode": "linear",
        "model_type": "linear",
        "log_likelihood": null,
        "r_squared": 0.7501379855754157,
        "aic": -144.17976545161278,
        "bic": -141.37737068828847,
        "n_params": 2,
        "mse": 0.007158425668999575,
        "rmse": 0.08460747998256167,