model,scope,k,aic,rmse_to_llm,r2_to_llm,r2_to_truth,rmse_vs_truth,bias_vs_truth,aic_weight
EmpiricalLinear,overall,2.0,262.1857670665945,2.364624471628233,0.6478432736904247,-6.675208750630936,5.623121606222341,4.48687753679385,1.0
Equal,overall,0.0,401.02564066863795,3.806659890814929,0.08735940918274243,-0.9138215616871708,2.8079094544329988,1.917093264951888,7.100754754113248e-31
Combo_Oracle,overall,0.0,543.9747819613688,6.130334236673665,-1.3669001418989857,0.5987618901465467,1.2856817094144626,7.579122514774402e-16,6.460898005311922e-62
Combo_NonOracle,overall,0.0,583.312733397626,6.989267638375494,-2.0766278755239016,0.28943952789459737,1.7109325935493607,-1.1788568972131293,1.854237098976173e-70
LLM(Combined),overall,,,0.0,1.0,-7.751887429338032,6.004588346352812,4.675284133333334,
