{
    "Basic Single-Stage": {
        "model_name": "bayes_basic_single",
        "params": {
            "w_p": 0.3000449448228383,
            "delta": -0.10559400016580424
        },
        "steady_state_weight": null,
        "mode": "single",
        "model_type": "basic",
        "r_squared": 0.7178816163344095,
        "aic": -144.09588233584245,
        "bic": -141.29348757251813,
        "n_params": 2,
        "mse": 0.007178472179743358,
        "rmse": 0.08472586488046822,
        "predictions": [
            0.1616994172408986,
            0.32301805880757906,
            0.26177899103012914,
            0.22444338838697936,
            0.10051634586786289,
            0.10050934631731111,
            0.07309210680602167,
            0.29934557884148744,
            0.22513634389160475,
            0.25508042115208374,
            0.4035192718172984,
            0.6051693236632869,
            0.5286222388291125,
            0.4819562353004512,
            0.3270421824886417,
            0.3270351829380899,
            0.29276538343661607,
            0.5755822234809482,
            0.48281718001831897,
            0.5202507763691937,
            0.5616994172408986,
            0.7230180588075791,
            0.661778991030129,
            0.6244433883869793,
            0.5005163458678629,
            0.500509346317311,
            0.47309210680602165,
            0.6993455788414873,
            0.6251363438916048,
            0.6550804211520836
        ],
        "converged": true,
        "confidence_intervals": {
            "w_p": [
                -10.310511743865073,
                10.91060163351075
            ],
            "delta": [
                -1.4911907914758011,
                1.2800027911441927
            ]
        }
    },
    "Basic Two-Stage": {
        "model_name": "bayes_basic_sequential",
        "params": {
            "r_div_q": 0.6667663978046187,
            "delta": -0.10158203002656203
        },
        "steady_state_weight": 0.6922439598998671,
        "mode": "sequential",
        "model_type": "basic",
        "r_squared": 0.7054277895185113,
        "aic": -142.8001373918669,
        "bic": -139.9977426285426,
        "n_params": 2,
        "mse": 0.007495358474665697,
        "rmse": 0.08657573837205026,
        "predictions": [
            0.14823796997343797,
            0.3244708633279875,
            0.29950221016096495,
            0.25328326528713,
            0.10894974140758436,
            0.0728530620888291,
            0.03445154024367557,
            0.26726493119101974,
            0.2459684846618988,
            0.2727264974383261,
            0.38568796997343796,
            0.6059809983350997,
            0.5747725008167486,
            0.5170031468393744,
            0.33658169894723516,
            0.2914615887439574,
            0.2434617460945931,
            0.5344789997854372,
            0.507854820623201,
            0.5413051809566373,
            0.5482379699734379,
            0.7244708633279876,
            0.6995022101609649,
            0.65328326528713,
            0.5089497414075843,
            0.4728530620888291,
            0.43445154024367555,
            0.6672649311910196,
            0.6459684846618988,
            0.672726497438326
        ],
        "converged": true,
        "confidence_intervals": {
            "r_div_q": [
                -22.231129323425055,
                23.564662119034292
            ],
            "delta": [
                -1.4387114850365244,
                1.2355474249834004
            ]
        }
    },
    "Weber Single-Stage": {
        "model_name": "bayes_weber_single",
        "params": {
            "w_p": 0.0871603681961427,
            "delta": -0.2341856049591213
        },
        "steady_state_weight": null,
        "mode": "single",
        "model_type": "weber",
        "r_squared": 0.8108129566934221,
        "aic": -156.08154813680963,
        "bic": -153.27915337348531,
        "n_params": 2,
        "mse": 0.004813844136984587,
        "rmse": 0.06938187181810958,
        "predictions": [
            0.19967476888947427,
            0.3626243641906379,
            0.30181217324655324,
            0.26416684438451493,
            0.13477483435673537,
            0.13476725918921936,
            0.1047520542789666,
            0.33924203796131985,
            0.26487002130044024,
            0.29509267221253316,
            0.388894393575854,
            0.5942679374469296,
            0.517259216258419,
            0.469777992269362,
            0.3084438391186483,
            0.3084363906317529,
            0.27175233601341126,
            0.5646225358551318,
            0.47065800232118765,
            0.5087732393845473,
            0.5173283665886804,
            0.6825090971318807,
            0.6203100238740893,
            0.5820983179358274,
            0.45341373768471416,
            0.4534063783823014,
            0.4244901804912261,
            0.658532488183958,
            0.5828096725791709,
            0.6134712043034443
        ],
        "converged": true,
        "confidence_intervals": {
            "w_p": [
                -14.266087006137282,
                14.440407742529567
            ],
            "delta": [
                -3.6847813557020364,
                3.216410145783794
            ]
        }
    },
    "Weber Two-Stage": {
        "model_name": "bayes_weber_sequential",
        "params": {
            "r_div_q": 0.32883082911932004,
            "delta": -0.2330359465210275
        },
        "steady_state_weight": 0.9024214288312067,
        "mode": "sequential",
        "model_type": "weber",
        "r_squared": 0.8153615414234568,
        "aic": -156.81149077615473,
        "bic": -154.0090960128304,
        "n_params": 2,
        "mse": 0.004698105883711225,
        "rmse": 0.06854273034911307,
        "predictions": [
            0.19788848432505501,
            0.35897106111780513,
            0.3151587435858314,
            0.27274759528336817,
            0.13761096109900733,
            0.12942034544808914,
            0.10011216447375045,
            0.31583966645621725,
            0.27352455704476025,
            0.3007441500955659,
            0.3859785890519768,
            0.589334887805696,
            0.5328164810955562,
            0.47967938469589516,
            0.31234702948340126,
            0.30055914239441406,
            0.2639905359366844,
            0.5410896933709177,
            0.4812395742218811,
            0.5146676512514147,
            0.5147385238734596,
            0.6787330566765295,
            0.6323840802779376,
            0.5897800998678454,
            0.45684189035168327,
            0.4464965807761733,
            0.4172378527824476,
            0.6426020162289718,
            0.5913477333830675,
            0.6177536404347457
        ],
        "converged": true,
        "confidence_intervals": {
            "r_div_q": [
                -20.785780602785664,
                21.443442261024302
            ],
            "delta": [
                -3.953957587926022,
                3.487885694883967
            ]
        }
    },
    "Linear Regression": {
        "model_name": "linear",
        "params": {
            "slope": 0.6887082117375035,
            "intercept": 0.05795683780238632
        },
        "steady_state_weight": null,
        "mode": "linear",
        "model_type": "linear",
        "log_likelihood": null,
        "r_squared": 0.8263368995101281,
        "aic": -158.64955980597796,
        "bic": -155.84716504265364,
        "n_params": 2,
        "mse": 0.004418839067900735,
        "rmse": 0.06647434894679853,