range_category,regression_angle,scalar_variability,short_vs_medium_t,medium_vs_long_t,response_autocorr,stimulus_autocorr
short,64.16311553968666,0.21462590151884445,,,0.5749260491866317,0.24718809267831113
medium,44.34108126052075,0.24908096775094785,,,0.27027739003050316,0.217956842254054
long,2.8730221403402423,0.057455734444041624,,,0.32717861476386667,0.21906490146470325
