model,scope,k,aic,rmse_to_llm,r2_to_llm,r2_to_truth,rmse_vs_truth,bias_vs_truth,aic_weight
EmpiricalLinear,overall,2.0,-732.0040206364803,0.0860052674210303,0.4465811063564368,0.10914518486495473,0.19872862663130267,-0.13087012089074324,0.9999742861497363
Combo_NonOracle,overall,0.0,-710.867110435766,0.09352214415530674,0.345615820670819,0.2834313678084879,0.17823207443963138,-0.10817955866279912,2.5713849644618353e-05
Equal,overall,0.0,-675.7831346917991,0.10512444406589616,0.1731793686044606,0.3636065714297153,0.16796539229103444,-0.09353136060172067,6.191253203853957e-13
Combo_Oracle,overall,0.0,-522.5923907554518,0.17517415370669878,-1.2958522563860129,0.5604046610993612,0.13959938493297366,-6.513308411134252e-17,3.3638078569034093e-46
LLM(Combined),overall,,,0.0,1.0,-0.10548848036164715,0.22137780451827896,-0.15214999999999998,
