range_category,regression_angle,scalar_variability,short_vs_medium_t,medium_vs_long_t,response_autocorr,stimulus_autocorr
short,23.456147441507472,0.2604236026898196,,,-0.02899476688830113,0.24718809267831113
medium,24.161596974614717,0.09260236791035911,,,0.10659958238524235,0.217956842254054
long,19.762031451170618,0.04214874754379065,,,0.193011741915528,0.21906490146470325
