{
    "Basic Single-Stage": {
        "model_name": "bayes_basic_single",
        "params": {
            "w_p": 0.23410252989478128,
            "delta": -0.06192733817201662
        },
        "steady_state_weight": null,
        "mode": "single",
        "model_type": "basic",
        "r_squared": 0.9687121885483869,
        "aic": -197.05355504041344,
        "bic": -194.25116027708913,
        "n_params": 2,
        "mse": 0.0012277164783007653,
        "rmse": 0.03503878534282782,
        "predictions": [
            0.20152585675893586,
            0.3780422466940856,
            0.31103387703458,
            0.27018090597916766,
            0.13457875889703869,
            0.13457109992233762,
            0.1045708960183162,
            0.3521395942551271,
            0.27093914447457185,
            0.3037042382456731,
            0.4423853260043234,
            0.6630327281669359,
            0.5792741808362292,
            0.5282117965043143,
            0.3587033684206273,
            0.35869570944592616,
            0.3211973693095747,
            0.6306582421055884,
            0.5291538503925437,
            0.5701140470937707,
            0.6015258567589357,
            0.7780422466940857,
            0.7110338770345799,
            0.6701809059791677,
            0.5345787588970385,
            0.5345710999223376,
            0.5045708960183162,
            0.752139594255127,
            0.6709391444745718,
            0.7037042382456731
        ],
        "converged": true,
        "confidence_intervals": {
            "w_p": [
                -10.376454207811118,
                10.84465926760068
            ],
            "delta": [
                -1.447856628449576,
                1.3240019521055426
            ]
        }
    },
    "Basic Two-Stage": {
        "model_name": "bayes_basic_sequential",
        "params": {
            "r_div_q": 0.27174872062405436,
            "delta": -0.06095430030468657
        },
        "steady_state_weight": 0.9312310395135032,
        "mode": "sequential",
        "model_type": "basic",
        "r_squared": 0.9469520120003045,
        "aic": -181.22452219288226,
        "bic": -178.42212742955795,
        "n_params": 2,
        "mse": 0.0020815738137724394,
        "rmse": 0.04562426781628873,
        "predictions": [
            0.18886569969531342,
            0.4045062973931585,
            0.33654041625694625,
            0.28225547964719644,
            0.1131376631688624,
            0.10220114912290426,
            0.06485539112050934,
            0.36479696865306616,
            0.2850072457203051,
            0.3198676839427544,
            0.4263156996953134,
            0.695868785957179,
            0.6109139234749374,
            0.543062590463276,
            0.3316586170408122,
            0.31798987986394495,
            0.2713101439409801,
            0.6462372749060288,
            0.5464954545802296,
            0.5900753777692163,
            0.5888656996953134,
            0.8045062973931585,
            0.7365404162569462,
            0.6822554796471965,
            0.5131376631688624,
            0.5022011491229044,
            0.4648553911205093,
            0.764796968653066,
            0.6850072457203051,
            0.7198676839427545
        ],
        "converged": true,
        "confidence_intervals": {
            "r_div_q": [
                -24.244452272376083,
                24.78794971362419
            ],
            "delta": [
                -1.454756424823223,
                1.3328478242138497
            ]
        }
    },
    "Weber Single-Stage": {
        "model_name": "bayes_weber_single",
        "params": {
            "w_p": 0.17427686404857928,
            "delta": -0.10117426566293532
        },
        "steady_state_weight": null,
        "mode": "single",
        "model_type": "weber",
        "r_squared": 0.9606679089530468,
        "aic": -190.19418479342664,
        "bic": -187.39179003010233,
        "n_params": 2,
        "mse": 0.0015433695763300474,
        "rmse": 0.039285742659774775,
        "predictions": [
            0.2304036179831375,
            0.39526890791176,
            0.3347961960157587,
            0.2967862580554301,
            0.16146080529692725,
            0.1614525962800786,
            0.128548189402716,
            0.37214134191941034,
            0.29750077866137586,
            0.3280464794191681,
            0.44808847505896965,
            0.6575669970012319,
            0.5799869046342092,
            0.5316101682367854,
            0.3633408731315653,
            0.363332936312729,
            0.324011661038102,
            0.6278224881849442,
            0.5325108872039045,
            0.5713731287289046,
            0.5945796622574226,
            0.7639542888503076,
            0.7006937392232956,
            0.6615321736515608,
            0.5277207133894384,
            0.5277129654488177,
            0.4971748283192989,
            0.73963653328561,
            0.6622634059391961,
            0.6937022481823684
        ],
        "converged": true,
        "confidence_intervals": {
            "w_p": [
                -12.156907379477094,
                12.505461107574252
            ],
            "delta": [
                -3.0950273599512137,
                2.8926788286253426
            ]
        }
    },
    "Weber Two-Stage": {
        "model_name": "bayes_weber_sequential",
        "params": {
            "r_div_q": 0.0502559692545487,
            "delta": -0.1194771179539853
        },
        "steady_state_weight": 0.9974807004545373,
        "mode": "sequential",
        "model_type": "weber",
        "r_squared": 0.9511787606126265,
        "aic": -183.71421965934627,
        "bic": -180.91182489602195,
        "n_params": 2,
        "mse": 0.0019157185276330489,
        "rmse": 0.04376892193820918,
        "predictions": [
            0.22168623639687116,
            0.4255021948645626,
            0.34873919226049543,
            0.30134224452451047,
            0.1443873596106889,
            0.14411179334957372,
            0.10942813169981697,
            0.3949114418225778,
            0.3023133120029599,
            0.33997161166432827,
            0.4323956414606451,
            0.6872395074425934,
            0.5912219502843831,
            0.5319774230599807,
            0.3358289926100167,
            0.33543215676814164,
            0.29208662414059117,
            0.6492247370883043,
            0.5331918331029987,
            0.5802610413938715,
            0.5766399614990381,
            0.7805597650638217,
            0.7037019136179817,
            0.6563003850386196,
            0.499417288539785,
            0.4990657103018352,
            0.4643902244944833,
            0.7502369341630232,
            0.6572825997723313,
            0.694928388603359
        ],
        "converged": true,
        "confidence_intervals": {
            "r_div_q": [
                -36.87308407985534,
                36.97359601836444
            ],
            "delta": [
                -2.693652788186845,
                2.4546985522788747
            ]
        }
    },
    "Linear Regression": {
        "model_name": "linear",
        "params": {
            "slope": 0.9182000079435079,
            "intercept": -0.01895010830680451
        },
        "steady_state_weight": null,
        "mode": "linear",
        "model_type": "linear",
        "log_likelihood": null,
        "r_squared": 0.9524428888007623,
        "aic": -184.5008272691908,
        "bic": -181.6984325058665,
        "n_params": 2,
        "mse": 0.0018661148342056907,
        "rmse": 0.043198551297534166,