range_category,regression_angle,scalar_variability,short_vs_medium_t,medium_vs_long_t,response_autocorr,stimulus_autocorr
short,36.124569504862706,0.1276261069141201,,,0.597587519431019,0.23521755130669833
medium,40.51763894089697,0.07029239709290443,,0.28571428571428564,0.5259032156395217,0.23520721737985426
long,43.10260151989027,0.08539905244680283,,,0.6070325365278522,0.23521755130669839
