range_category,regression_angle,scalar_variability,short_vs_medium_t,medium_vs_long_t,response_autocorr,stimulus_autocorr
short,13.838142494034965,0.22342846976926847,,,-0.11416561995015304,0.24718809267831102
medium,15.311905635403145,0.12403668141471642,,,-0.05930719485006769,0.217956842254054
long,26.751885329834177,0.13630643051303318,,,0.04659644684886937,0.21906490146470328
