{
  "per_range": {
    "regression_effect": {
      "long": {
        "regression_angle": 28.2683393538354,
        "slope": 0.5377319467993041,
        "intercept": 0.40905566867707177,
        "r_squared": 0.394376843455107,
        "p_value": 1.0507157731657697e-06,
        "regression_strength": 0.46226805320069586,
        "regression_strength_angular": 0.37181468102588
      },
      "medium": {
        "regression_angle": 45.903145036306846,
        "slope": 1.0320332983572469,
        "intercept": 0.012589110589056651,
        "r_squared": 0.7252144306542938,
        "p_value": 4.586115337386631e-15,
        "regression_strength": -0.03203329835724689,
        "regression_strength_angular": 0.020069889695707686
      },
      "short": {
        "regression_angle": 60.32939228085478,
        "slope": 1.7552782708408285,
        "intercept": -0.12852400300214212,
        "r_squared": 0.595402490179754,
        "p_value": 5.426094050242083e-11,
        "regression_strength": -0.7552782708408285,
        "regression_strength_angular": 0.34065316179677296
      }
    },
    "weber_law": {
      "long": {
        "mean_cv": 0.04099305926889933,
        "cv_magnitude_correlation": -0.9550310176341494,
        "bin_magnitudes": [
          0.5455462499999999,
          0.63481125,
          0.72407625,
          0.76870875,
          0.8133412499999999,
          0.85797375
        ],
        "coefficient_variations": [
          0.07763765491574375,
          0.047245559126153344,
          0.04865323794823073,
          0.037059599390025934,
          0.025357525810424383,
          0.010004778422817861
        ],
        "p_value": 0.0029878457136675984
      },
      "medium": {
        "mean_cv": 0.1250555827421761,
        "cv_magnitude_correlation": -0.4941021822920311,
        "bin_magnitudes": [
          0.356935,
          0.468515,
          0.580095,
          0.635885,
          0.691675,
          0.747465
        ],
        "coefficient_variations": [
          0.32360023185762554,
          0.0,
          0.11966402829615969,
          0.1693709639740531,
          0.03021713483107827,
          0.10748113749414007
        ],
        "p_value": 0.3191610305361586
      },
      "short": {
        "mean_cv": 0.2709063984756129,
        "cv_magnitude_correlation": -0.18706190105672,
        "bin_magnitudes": [
          0.14554625,
          0.23481125,
          0.32407625,
          0.36870875000000003,
          0.41334125,
          0.45797374999999996
        ],
        "coefficient_variations": [
          0.28338015292807966,
          0.17459203323888442,
          0.605142833053275,
          0.164953350394415,
          0.3423265984407289,
          0.05504342279829449
        ],
        "p_value": 0.7226799979169205
      }
    },
    "sequential_effect": [
      {
        "range_category": "long",
        "n_runs": 5,
        "N_total": 50,
        "r_resp_mean": 0.03007100646596427,
        "r_stim_mean": 0.23521755130669839,
        "r_resp_weighted": 0.03027227497755895,
        "r_stim_weighted": 0.23521755130669839
      },
      {
        "range_category": "medium",
        "n_runs": 5,
        "N_total": 50,
        "r_resp_mean": 0.2167820945189473,
        "r_stim_mean": 0.23520721737985428,
        "r_resp_weighted": 0.2178966089435071,
        "r_stim_weighted": 0.23520721737985426
      },
      {
        "range_category": "short",
        "n_runs": 5,
        "N_total": 50,
        "r_resp_mean": 0.46092672346269936,
        "r_stim_mean": 0.23521755130669836,
        "r_resp_weighted": 0.4666115436310377,
        "r_stim_weighted": 0.23521755130669833
      }
    ]
  },
  "overall": {
    "range_effect": {
      "range_analyses_by_category": {
        "short": {
          "slope": 1.7552782708408285,
          "regression_strength": -0.7552782708408285,
          "r_squared": 0.595402490179754,
          "mean_stimulus_magnitude": 0.30805599999999994
        },
        "medium": {
          "slope": 1.0320332983572469,
          "regression_strength": -0.03203329835724689,
          "r_squared": 0.7252144306542938,
          "mean_stimulus_magnitude": 0.5600700000000001
        },
        "long": {
          "slope": 0.5377319467993041,
          "regression_strength": 0.46226805320069586,
          "r_squared": 0.394376843455107,
          "mean_stimulus_magnitude": 0.7080560000000001
        }
      },
      "correlation_analysis": {
        "correlation_magnitude_regression": 0.9991637743981643,
        "p_value": 0.026036770757727357,
        "interpretation": "Regression strength increases with stimulus magnitude (r=0.999)"
      },
      "pairwise_comparison_on_overlap": {
        "short_vs_medium": {
          "categories": [
            "medium",
            "short"
          ],
          "error": "Insufficient data in common bins for t-test.",
          "t_statistic": NaN,
          "p_value": NaN,
          "is_significant": false,
          "n_overlapping_bins": 0
        },
        "short_vs_long": {
          "error": "No overlapping data found or insufficient data after binning for short vs long."
        },
        "medium_vs_long": {
          "categories": [
            "long",
            "medium"
          ],
          "t_statistic": -0.3333333333333333,
          "p_value": 0.7951672353008665,
          "is_significant": false,
          "n_overlapping_bins": 2,
          "mean_long": 0.713,
          "mean_medium": 0.733
        }
      }
    }
  }
}