model,scope,k,aic,rmse_to_llm,r2_to_llm,r2_to_truth,rmse_vs_truth,bias_vs_truth,aic_weight
Bayes(range),overall,0.0,-192.16826679432617,0.5269967542826349,0.928275244108694,0.9497855378529186,0.4548275731842388,-0.13228661968101704,0.506157100498489
EmpiricalLinear,overall,3.0,-192.11684474975203,0.516650069138483,0.9310639838581578,0.9403229867528514,0.4958335587916988,-0.18048999999999563,0.49330915862705194
Equal,overall,0.0,-178.45888296754214,0.5516381664340011,0.9214109913464908,0.9451852411885998,0.47520514201763436,-0.06535666666666662,0.0005337408715870483
Bayes(stimulus),overall,0.0,-140.37807600671746,0.6262992919225953,0.8986982286735314,0.9106312492337907,0.6067715661767585,-0.09190182896462107,2.8720255274532736e-12
LLM(Combined),overall,,,0.0,1.0,0.8992864967477274,0.6441340080552597,-0.18048999999999998,
