range_category,w_img_bayes,w_txt_bayes
short,0.37812623343964447,0.6218737665603555
medium,0.7206891652472379,0.2793108347527621
long,0.6879948562684349,0.31200514373156507
