model,scope,k,aic,rmse_to_llm,r2_to_llm,r2_to_truth,rmse_vs_truth,bias_vs_truth,aic_weight
Equal,overall,0.0,-680.8129358294183,0.10337662019116349,0.426753558879848,0.6482645059287854,0.12487199874377532,0.0398210188715302,0.8724554050735644
EmpiricalLinear,overall,2.0,-676.9672448821642,0.10332346070285511,0.4273429697586033,0.633917228597827,0.12739330672577098,0.04064798568426392,0.1275445949143943
Combo_NonOracle,overall,0.0,-630.8004817257248,0.12213011667652814,0.19990371699229237,0.8249766240845945,0.08808561555186084,0.024403284412125994,1.2041395352212198e-11
Combo_Oracle,overall,0.0,-574.1224817321006,0.14752736340517092,-0.16745962615998966,0.8526198956882829,0.08083071029606406,2.708944180085382e-16,5.932059445150031e-24
LLM(Combined),overall,,,0.0,1.0,0.4315310676730024,0.15874875675523678,0.0308718,
