model,scope,k,aic,rmse_to_llm,r2_to_llm,r2_to_truth,rmse_vs_truth,bias_vs_truth,aic_weight
EmpiricalLinear,overall,3.0,-890.3985263220582,0.05038835974917943,0.9420653091120871,0.9220618149358346,0.0587785371397279,-0.033860666666666414,0.8924000181487586
Bayes(stimulus),overall,0.0,-886.1675383143801,0.052136406421872714,0.9379759046836903,0.9688882883758346,0.037136894296696005,-0.005969423690661818,0.10759998185096631
Bayes(range),overall,0.0,-832.1080279445304,0.06243099409943585,0.9110637625708509,0.9518234511958817,0.04621271370465704,0.001558602973233576,1.963083053887437e-13
Equal,overall,0.0,-830.2769384624596,0.06281321517005796,0.9099714409467721,0.9322314455753002,0.05480973976706451,-0.0005606666666666597,7.858192168909603e-14
LLM(Combined),overall,,,0.0,1.0,0.9027837996000595,0.0656467077620805,-0.03386066666666666,
