range_category,w_img_bayes,w_txt_bayes
short,0.3014291709991493,0.6985708290008508
medium,0.425153033198903,0.5748469668010969
long,0.2061391623854166,0.7938608376145834
