range_category,w_img_bayes,w_txt_bayes
short,0.6135211538001338,0.38647884619986617
medium,0.6773587714160488,0.32264122858395117
long,0.41409516622103515,0.5859048337789649
