{
  "empirical_linear": {
    "w_txt_norm": 0.8970801696116084,
    "w_img_norm": 0.10291983038839164
  },
  "combo_oracle": {
    "w_txt_norm": 0.8129661445975193,
    "w_img_norm": 0.18703385540248085
  },
  "combo_non_oracle": {
    "w_txt_norm": 0.7780440222142263,
    "w_img_norm": 0.22195597778577372
  }
}