model,scope,k,aic,rmse_to_llm,r2_to_llm,r2_to_truth,rmse_vs_truth,bias_vs_truth,aic_weight
Bayes(stimulus),overall,0.0,-852.631530379233,0.05830280337710319,0.9172948964421627,0.9691326819423023,0.0369907449567889,-0.008024367838166931,0.9999999977626504
EmpiricalLinear,overall,3.0,-812.7100479259005,0.06528235502648388,0.8963080454589385,0.9462100341137076,0.048830847693655366,-0.005860666666666372,2.143681349886551e-09
Bayes(range),overall,0.0,-806.4490076101279,0.06800572686096977,0.8874761952505319,0.94562469484651,0.049095816017971465,0.009490899056323224,9.366829165439808e-11
Equal,overall,0.0,-745.3412519104878,0.08336965874945153,0.8308899248572683,0.9092432530581369,0.06342830262062303,0.024506,5.037465080041763e-24
LLM(Combined),overall,,,0.0,1.0,0.9081453545624057,0.0638108003397544,-0.0058606666666666625,
