range_category,w_img_bayes,w_txt_bayes
short,0.192485319133696,0.8075146808663041
medium,0.21513932157041307,0.784860678429587
long,0.14202019776649352,0.8579798022335065
