model,scope,k,aic,rmse_to_llm,r2_to_llm,r2_to_truth,rmse_vs_truth,bias_vs_truth,aic_weight
EmpiricalLinear,overall,2.0,-742.6159611283755,0.08301617003177626,-0.1966428949153094,-0.5838098653124482,0.2649771881964567,-0.20354132498609442,1.0
Equal,overall,0.0,-643.3488531119743,0.11712703346544143,-1.3820642304874244,-0.021021403323328247,0.21275236105924097,-0.1256270174705469,2.782411611120069e-22
Combo_NonOracle,overall,0.0,-630.972703484871,0.12206002525209984,-1.5869384210584148,0.011836405214335044,0.20930104192581098,-0.11916231824175237,5.714452562665886e-25
Combo_Oracle,overall,0.0,-432.16219457179454,0.23679969864631456,-8.736468671301873,0.44461417140506154,0.15691135124364625,-6.513308411134252e-17,3.85319642963926e-68
LLM(Combined),overall,,,0.0,1.0,-0.983227902859932,0.2965126849450683,-0.20685666666666666,
