{
  "empirical_linear": {
    "w_txt_norm": 0.30659672539148597,
    "w_img_norm": 0.693403274608514
  },
  "combo_oracle": {
    "w_txt_norm": 0.2855887187258237,
    "w_img_norm": 0.7144112812741763
  },
  "combo_non_oracle": {
    "w_txt_norm": 0.5160470398836376,
    "w_img_norm": 0.4839529601163623
  }
}