{
  "per_range": {
    "regression_effect": {
      "long": {
        "regression_angle": 28.286237637364188,
        "slope": 0.5381347260399882,
        "intercept": 0.40797047841903006,
        "r_squared": 0.35606125110352965,
        "p_value": 4.7976555191679005e-06,
        "regression_strength": 0.46186527396001176,
        "regression_strength_angular": 0.37141694139190695
      },
      "medium": {
        "regression_angle": 51.41338534566119,
        "slope": 1.253278752514999,
        "intercept": -0.12432383092107557,
        "r_squared": 0.9356335077019099,
        "p_value": 3.0251394590287776e-30,
        "regression_strength": -0.2532787525149991,
        "regression_strength_angular": 0.14251967434802645
      },
      "short": {
        "regression_angle": 57.99768205688965,
        "slope": 1.6001904726240928,
        "intercept": -0.09314827623468735,
        "r_squared": 0.5992238736025262,
        "p_value": 4.3079726676435093e-11,
        "regression_strength": -0.6001904726240928,
        "regression_strength_angular": 0.28883737904199225
      }
    },
    "weber_law": {
      "long": {
        "mean_cv": 0.03503122837442547,
        "cv_magnitude_correlation": -0.7496734021361491,
        "bin_magnitudes": [
          0.5455462499999999,
          0.63481125,
          0.72407625,
          0.76870875,
          0.8133412499999999,
          0.85797375
        ],
        "coefficient_variations": [
          0.09350821038132304,
          0.015551301608440076,
          0.035235063158248044,
          0.03542766668372978,
          0.01818435358285745,
          0.012280774831954408
        ],
        "p_value": 0.08615194983016894
      },
      "medium": {
        "mean_cv": 0.051742688062388235,
        "cv_magnitude_correlation": -0.7030113650777299,
        "bin_magnitudes": [
          0.356935,
          0.468515,
          0.580095,
          0.635885,
          0.691675,
          0.747465
        ],
        "coefficient_variations": [
          0.17519122205668378,
          0.01803280627015961,
          0.05141219843971327,
          0.0,
          0.037515243664737435,
          0.028304657943035338
        ],
        "p_value": 0.11920584110516011
      },
      "short": {
        "mean_cv": 0.22749494456888095,
        "cv_magnitude_correlation": -0.34392225833713774,
        "bin_magnitudes": [
          0.14554625,
          0.23481125,
          0.32407625,
          0.36870875000000003,
          0.41334125,
          0.45797374999999996
        ],
        "coefficient_variations": [
          0.272016235594658,
          0.18175791519411882,
          0.46923214618906817,
          0.13055764614097823,
          0.2605786533235239,
          0.050827070970938325
        ],
        "p_value": 0.5044566081565172
      }
    },
    "sequential_effect": [
      {
        "range_category": "long",
        "n_runs": 5,
        "N_total": 50,
        "r_resp_mean": -0.16803403351592378,
        "r_stim_mean": 0.23521755130669839,
        "r_resp_weighted": -0.17338213027679147,
        "r_stim_weighted": 0.23521755130669839
      },
      {
        "range_category": "medium",
        "n_runs": 5,
        "N_total": 50,
        "r_resp_mean": 0.22747947091756465,
        "r_stim_mean": 0.23520721737985428,
        "r_resp_weighted": 0.22791451740631644,
        "r_stim_weighted": 0.23520721737985426
      },
      {
        "range_category": "short",
        "n_runs": 5,
        "N_total": 50,
        "r_resp_mean": 0.4226462090599159,
        "r_stim_mean": 0.23521755130669836,
        "r_resp_weighted": 0.4328229796649286,
        "r_stim_weighted": 0.23521755130669833
      }
    ]
  },
  "overall": {
    "range_effect": {
      "range_analyses_by_category": {
        "short": {
          "slope": 1.6001904726240928,
          "regression_strength": -0.6001904726240928,
          "r_squared": 0.5992238736025262,
          "mean_stimulus_magnitude": 0.30805599999999994
        },
        "medium": {
          "slope": 1.253278752514999,
          "regression_strength": -0.2532787525149991,
          "r_squared": 0.9356335077019099,
          "mean_stimulus_magnitude": 0.5600700000000001
        },
        "long": {
          "slope": 0.5381347260399882,
          "regression_strength": 0.46186527396001176,
          "r_squared": 0.35606125110352965,
          "mean_stimulus_magnitude": 0.7080560000000001
        }
      },
      "correlation_analysis": {
        "correlation_magnitude_regression": 0.940531862945172,
        "p_value": 0.22065479432361593,
        "interpretation": "Regression strength increases with stimulus magnitude (r=0.941)"
      },
      "pairwise_comparison_on_overlap": {
        "short_vs_medium": {
          "categories": [
            "medium",
            "short"
          ],
          "error": "Insufficient data in common bins for t-test.",
          "t_statistic": NaN,
          "p_value": NaN,
          "is_significant": false,
          "n_overlapping_bins": 0
        },
        "short_vs_long": {
          "error": "No overlapping data found or insufficient data after binning for short vs long."
        },
        "medium_vs_long": {
          "categories": [
            "long",
            "medium"
          ],
          "t_statistic": -0.3478260869565242,
          "p_value": 0.786899910824324,
          "is_significant": false,
          "n_overlapping_bins": 2,
          "mean_long": 0.704,
          "mean_medium": 0.72
        }
      }
    }
  }
}