model,scope,k,aic,rmse_to_llm,r2_to_llm,r2_to_truth,rmse_vs_truth,bias_vs_truth,aic_weight
Equal,overall,0.0,-719.9543867249218,0.090731747475732,0.8783517617450863,0.7748506596643908,0.09990310091950766,-0.03552733333333333,0.8624946215554271
EmpiricalLinear,overall,2.0,-716.2820549175708,0.09063270188334596,0.8786172067690454,0.7802213347645081,0.09870437319275846,-0.03560840542903911,0.13750537528616208
Combo_NonOracle,overall,0.0,-681.1038457752974,0.10327642448893269,0.8423878618143004,0.7829233604799337,0.0980957459621221,-0.036555545558545836,3.1584108203915736e-09
Combo_Oracle,overall,0.0,-644.576181617592,0.1166488344879354,0.7989296283545674,0.8618891235585828,0.07824517565111316,-1.9984014443252818e-16,3.694767617154995e-17
LLM(Combined),overall,,,0.0,1.0,0.6331480621869138,0.1275231517803728,-0.03782733333333333,
