{
  "per_range": {
    "regression_effect": {
      "long": {
        "regression_angle": 47.710444993239065,
        "slope": 1.0993882065087368,
        "intercept": -0.1236284159477502,
        "r_squared": 0.921268344708059,
        "p_value": 3.834515198802707e-28,
        "regression_strength": -0.09938820650873681,
        "regression_strength_angular": 0.06023211096086811
      },
      "medium": {
        "regression_angle": 46.65973187773151,
        "slope": 1.0596810955200993,
        "intercept": -0.050095591167942044,
        "r_squared": 0.9591309694678632,
        "p_value": 5.510784105192562e-35,
        "regression_strength": -0.05968109552009926,
        "regression_strength_angular": 0.03688293061625577
      },
      "short": {
        "regression_angle": 47.2167094209394,
        "slope": 1.080533700150822,
        "intercept": 0.026935110466338508,
        "r_squared": 0.8825884013783586,
        "p_value": 5.729204569317314e-24,
        "regression_strength": -0.08053370015082195,
        "regression_strength_angular": 0.04926020935420894
      }
    },
    "weber_law": {
      "long": {
        "mean_cv": 0.011431616010043092,
        "cv_magnitude_correlation": 0.32654864854057697,
        "bin_magnitudes": [
          0.5455462499999999,
          0.63481125,
          0.72407625,
          0.76870875,
          0.8133412499999999,
          0.85797375
        ],
        "coefficient_variations": [
          0.0,
          0.0,
          0.03055340734462198,
          0.0,
          0.03803628871563657,
          0.0
        ],
        "p_value": 0.5275876247266008
      },
      "medium": {
        "mean_cv": 0.05155042799752526,
        "cv_magnitude_correlation": -0.7186318050914701,
        "bin_magnitudes": [
          0.356935,
          0.468515,
          0.580095,
          0.635885,
          0.691675,
          0.747465
        ],
        "coefficient_variations": [
          0.14689309347763552,
          0.017746571249998348,
          0.06822378142573805,
          0.0329953347894678,
          0.01367625674311799,
          0.02976753029919384
        ],
        "p_value": 0.10761440443521306
      },
      "short": {
        "mean_cv": 0.1054332475006396,
        "cv_magnitude_correlation": -0.887870905500046,
        "bin_magnitudes": [
          0.14554625,
          0.23481125,
          0.32407625,
          0.36870875000000003,
          0.41334125,
          0.45797374999999996
        ],
        "coefficient_variations": [
          0.15341443648867412,
          0.14526081813017527,
          0.07396411107914425,
          0.10515871648584461,
          0.08657973195636676,
          0.06822167086363275
        ],
        "p_value": 0.01815450490709708
      }
    },
    "sequential_effect": [
      {
        "range_category": "long",
        "n_runs": 5,
        "N_total": 50,
        "r_resp_mean": 0.07678667810601401,
        "r_stim_mean": 0.23521755130669839,
        "r_resp_weighted": 0.07682060981539035,
        "r_stim_weighted": 0.23521755130669839
      },
      {
        "range_category": "medium",
        "n_runs": 5,
        "N_total": 50,
        "r_resp_mean": 0.32601263369708466,
        "r_stim_mean": 0.23520721737985428,
        "r_resp_weighted": 0.32616656342353406,
        "r_stim_weighted": 0.23520721737985426
      },
      {
        "range_category": "short",
        "n_runs": 5,
        "N_total": 50,
        "r_resp_mean": 0.17021509501632037,
        "r_stim_mean": 0.23521755130669836,
        "r_resp_weighted": 0.1706736486197209,
        "r_stim_weighted": 0.23521755130669833
      }
    ]
  },
  "overall": {
    "range_effect": {
      "range_analyses_by_category": {
        "short": {
          "slope": 1.080533700150822,
          "regression_strength": -0.08053370015082195,
          "r_squared": 0.8825884013783586,
          "mean_stimulus_magnitude": 0.30805599999999994
        },
        "medium": {
          "slope": 1.0596810955200993,
          "regression_strength": -0.05968109552009926,
          "r_squared": 0.9591309694678632,
          "mean_stimulus_magnitude": 0.5600700000000001
        },
        "long": {
          "slope": 1.0993882065087368,
          "regression_strength": -0.09938820650873681,
          "r_squared": 0.921268344708059,
          "mean_stimulus_magnitude": 0.7080560000000001
        }
      },
      "correlation_analysis": {
        "correlation_magnitude_regression": -0.3386822785844426,
        "p_value": 0.7800376479205138,
        "interpretation": "Regression strength decreases with stimulus magnitude (r=-0.339)"
      },
      "pairwise_comparison_on_overlap": {
        "short_vs_medium": {
          "categories": [
            "medium",
            "short"
          ],
          "error": "Insufficient data in common bins for t-test.",
          "t_statistic": NaN,
          "p_value": NaN,
          "is_significant": false,
          "n_overlapping_bins": 0
        },
        "short_vs_long": {
          "error": "No overlapping data found or insufficient data after binning for short vs long."
        },
        "medium_vs_long": {
          "categories": [
            "long",
            "medium"
          ],
          "t_statistic": -1.0,
          "p_value": 0.49999999999999956,
          "is_significant": false,
          "n_overlapping_bins": 2,
          "mean_long": 0.625,
          "mean_medium": 0.7070000000000001
        }
      }
    }
  }
}