{
  "per_range": {
    "regression_effect": {
      "long": {
        "regression_angle": 0.9530578386868744,
        "slope": 0.016635531569654093,
        "intercept": 0.7616211120589171,
        "r_squared": 0.007610414983776339,
        "p_value": 0.5469001419270452,
        "regression_strength": 0.9833644684303459,
        "regression_strength_angular": 0.9788209369180695
      },
      "medium": {
        "regression_angle": 12.240105557695342,
        "slope": 0.21694045880858778,
        "intercept": 0.39429815723507416,
        "r_squared": 0.19505936628706338,
        "p_value": 0.0013235418606836764,
        "regression_strength": 0.7830595411914122,
        "regression_strength_angular": 0.7279976542734368
      },
      "short": {
        "regression_angle": 0.7263703365834349,
        "slope": 0.012678233186273149,
        "intercept": 0.1666943941975694,
        "r_squared": 0.00207369100083773,
        "p_value": 0.7535062428871788,
        "regression_strength": 0.9873217668137269,
        "regression_strength_angular": 0.9838584369648126
      }
    },
    "weber_law": {
      "long": {
        "mean_cv": 0.029831335517588837,
        "cv_magnitude_correlation": 0.4664012365009619,
        "bin_magnitudes": [
          0.5455462499999999,
          0.63481125,
          0.72407625,
          0.76870875,
          0.8133412499999999,
          0.85797375
        ],
        "coefficient_variations": [
          0.023581839114839385,
          0.01954349341250401,
          0.030844892316017267,
          0.04701459018787725,
          0.019294848458146458,
          0.038708349616148656
        ],
        "p_value": 0.3511263021837793
      },
      "medium": {
        "mean_cv": 0.08026480132629214,
        "cv_magnitude_correlation": 0.41297622106011195,
        "bin_magnitudes": [
          0.356935,
          0.468515,
          0.580095,
          0.635885,
          0.691675,
          0.747465
        ],
        "coefficient_variations": [
          0.08352634716978687,
          0.04034327111542361,
          0.07525961400053273,
          0.07584735870213832,
          0.12866102141208086,
          0.07795119555779048
        ],
        "p_value": 0.41575208333511743
      },
      "short": {
        "mean_cv": 0.20881244943838015,
        "cv_magnitude_correlation": -0.11454756622816778,
        "bin_magnitudes": [
          0.14554625,
          0.23481125,
          0.32407625,
          0.36870875000000003,
          0.41334125,
          0.45797374999999996
        ],
        "coefficient_variations": [
          0.22505856858928125,
          0.20307266507643007,
          0.22356380884296823,
          0.2243029009692473,
          0.11917495030648113,
          0.25770180284587274
        ],
        "p_value": 0.8289301482666086
      }
    },
    "sequential_effect": [
      {
        "range_category": "long",
        "n_runs": 5,
        "N_total": 50,
        "r_resp_mean": 0.20492505995560237,
        "r_stim_mean": 0.23521755130669839,
        "r_resp_weighted": 0.26236092338776906,
        "r_stim_weighted": 0.23521755130669839
      },
      {
        "range_category": "medium",
        "n_runs": 5,
        "N_total": 50,
        "r_resp_mean": 0.12827426275998516,
        "r_stim_mean": 0.23520721737985428,
        "r_resp_weighted": 0.1376771007981056,
        "r_stim_weighted": 0.23520721737985426
      },
      {
        "range_category": "short",
        "n_runs": 5,
        "N_total": 50,
        "r_resp_mean": 0.2296109055752368,
        "r_stim_mean": 0.23521755130669836,
        "r_resp_weighted": 0.2455279728072765,
        "r_stim_weighted": 0.23521755130669833
      }
    ]
  },
  "overall": {
    "range_effect": {
      "range_analyses_by_category": {
        "short": {
          "slope": 0.012678233186273149,
          "regression_strength": 0.9873217668137269,
          "r_squared": 0.00207369100083773,
          "mean_stimulus_magnitude": 0.30805599999999994
        },
        "medium": {
          "slope": 0.21694045880858778,
          "regression_strength": 0.7830595411914122,
          "r_squared": 0.19505936628706338,
          "mean_stimulus_magnitude": 0.5600700000000001
        },
        "long": {
          "slope": 0.016635531569654093,
          "regression_strength": 0.9833644684303459,
          "r_squared": 0.007610414983776339,
          "mean_stimulus_magnitude": 0.7080560000000001
        }
      },
      "correlation_analysis": {
        "correlation_magnitude_regression": -0.16521759644785855,
        "p_value": 0.8943347186916083,
        "interpretation": "Regression strength decreases with stimulus magnitude (r=-0.165)"
      },
      "pairwise_comparison_on_overlap": {
        "short_vs_medium": {
          "categories": [
            "medium",
            "short"
          ],
          "error": "Insufficient data in common bins for t-test.",
          "t_statistic": NaN,
          "p_value": NaN,
          "is_significant": false,
          "n_overlapping_bins": 0
        },
        "short_vs_long": {
          "error": "No overlapping data found or insufficient data after binning for short vs long."
        },
        "medium_vs_long": {
          "categories": [
            "long",
            "medium"
          ],
          "t_statistic": 1.4827586206896557,
          "p_value": 0.37773843498056087,
          "is_significant": false,
          "n_overlapping_bins": 2,
          "mean_long": 0.767,
          "mean_medium": 0.595
        }
      }
    }
  }
}