{
  "per_range": {
    "regression_effect": {
      "long": {
        "regression_angle": 7.546273716758002,
        "slope": 0.13247421197837556,
        "intercept": 0.6268608393634394,
        "r_squared": 0.22820497245455043,
        "p_value": 0.00045109414399551584,
        "regression_strength": 0.8675257880216245,
        "regression_strength_angular": 0.8323050285164888
      },
      "medium": {
        "regression_angle": 16.94085318752609,
        "slope": 0.3046022395934475,
        "intercept": 0.34550142367089776,
        "r_squared": 0.24370788761777004,
        "p_value": 0.0002693935620551176,
        "regression_strength": 0.6953977604065524,
        "regression_strength_angular": 0.6235365958327536
      },
      "short": {
        "regression_angle": 20.239064910011216,
        "slope": 0.3687026636095213,
        "intercept": 0.10887893225910532,
        "r_squared": 0.21709458394224024,
        "p_value": 0.0006495072224185374,
        "regression_strength": 0.6312973363904787,
        "regression_strength_angular": 0.5502430019997507
      }
    },
    "weber_law": {
      "long": {
        "mean_cv": 0.030083153868233372,
        "cv_magnitude_correlation": -0.403779586825998,
        "bin_magnitudes": [
          0.5455462499999999,
          0.63481125,
          0.72407625,
          0.76870875,
          0.8133412499999999,
          0.85797375
        ],
        "coefficient_variations": [
          0.04409876719066539,
          0.014880520726769547,
          0.041591827512288425,
          0.036995438077256776,
          0.026621156640964695,
          0.016311213061455394
        ],
        "p_value": 0.42724631876140906
      },
      "medium": {
        "mean_cv": 0.08145995438044697,
        "cv_magnitude_correlation": 0.2541254936365967,
        "bin_magnitudes": [
          0.356935,
          0.468515,
          0.580095,
          0.635885,
          0.691675,
          0.747465
        ],
        "coefficient_variations": [
          0.10035899343273239,
          0.01010101010101011,
          0.10946264304195823,
          0.06730630535906063,
          0.11901385784666195,
          0.08251691650125854
        ],
        "p_value": 0.627017442067518
      },
      "short": {
        "mean_cv": 0.24351883254085246,
        "cv_magnitude_correlation": 0.5481177268447712,
        "bin_magnitudes": [
          0.14554625,
          0.23481125,
          0.32407625,
          0.36870875000000003,
          0.41334125,
          0.45797374999999996
        ],
        "coefficient_variations": [
          0.11481270621130578,
          0.1380296092840738,
          0.409438843355564,
          0.3142401065229126,
          0.1552887920546428,
          0.3293029378166156
        ],
        "p_value": 0.26015974788984664
      }
    },
    "sequential_effect": [
      {
        "range_category": "long",
        "n_runs": 5,
        "N_total": 50,
        "r_resp_mean": 0.5654912230858612,
        "r_stim_mean": 0.23521755130669839,
        "r_resp_weighted": 0.5802173669483897,
        "r_stim_weighted": 0.23521755130669839
      },
      {
        "range_category": "medium",
        "n_runs": 5,
        "N_total": 50,
        "r_resp_mean": 0.34151486229708816,
        "r_stim_mean": 0.23520721737985428,
        "r_resp_weighted": 0.3485302596095074,
        "r_stim_weighted": 0.23520721737985426
      },
      {
        "range_category": "short",
        "n_runs": 5,
        "N_total": 50,
        "r_resp_mean": 0.5674640917295541,
        "r_stim_mean": 0.23521755130669836,
        "r_resp_weighted": 0.5958518255975233,
        "r_stim_weighted": 0.23521755130669833
      }
    ]
  },
  "overall": {
    "range_effect": {
      "range_analyses_by_category": {
        "short": {
          "slope": 0.3687026636095213,
          "regression_strength": 0.6312973363904787,
          "r_squared": 0.21709458394224024,
          "mean_stimulus_magnitude": 0.30805599999999994
        },
        "medium": {
          "slope": 0.3046022395934475,
          "regression_strength": 0.6953977604065524,
          "r_squared": 0.24370788761777004,
          "mean_stimulus_magnitude": 0.5600700000000001
        },
        "long": {
          "slope": 0.13247421197837556,
          "regression_strength": 0.8675257880216245,
          "r_squared": 0.22820497245455043,
          "mean_stimulus_magnitude": 0.7080560000000001
        }
      },
      "correlation_analysis": {
        "correlation_magnitude_regression": 0.9182448969967381,
        "p_value": 0.25921298094997886,
        "interpretation": "Regression strength increases with stimulus magnitude (r=0.918)"
      },
      "pairwise_comparison_on_overlap": {
        "short_vs_medium": {
          "categories": [
            "medium",
            "short"
          ],
          "error": "Insufficient data in common bins for t-test.",
          "t_statistic": NaN,
          "p_value": NaN,
          "is_significant": false,
          "n_overlapping_bins": 0
        },
        "short_vs_long": {
          "error": "No overlapping data found or insufficient data after binning for short vs long."
        },
        "medium_vs_long": {
          "categories": [
            "long",
            "medium"
          ],
          "t_statistic": 0.7122015915119363,
          "p_value": 0.606016332365331,
          "is_significant": false,
          "n_overlapping_bins": 2,
          "mean_long": 0.7099,
          "mean_medium": 0.6025
        }
      }
    }
  }
}