llm_model,Model,line_length_ratio,marker_location,maze_distance,Mean NRMSE,Rank
GPT-5 Mini,GPT-5 Mini,0.2619964445430758,0.268088635866347,0.0799327923869441,0.2033392909321223,1
anthropic_claude-3.7-sonnet,Claude 3.7 Sonnet,0.4087431105690294,0.3989304434061545,0.3530004218646167,0.38689132527993353,2
openai_gpt-4o-2024-08-06,GPT 4o,0.5782808760440481,0.5187938379652792,0.5634086070789497,0.553494440362759,3
meta-llama_llama-4-maverick,Llama 4 Maverick,0.7583833824071738,0.7067555336832327,0.5815685746155563,0.682235830235321,4
mistralai_mistral-small-3.2-24b-instruct,Mistral 24B,0.7101718265064996,0.7358320127536425,0.8174582939590036,0.7544873777397152,5
qwen_qwen2.5-vl-32b-instruct,Qwen2.5 VL 32B,0.9011011973197156,0.6315653178041315,0.7521009556626415,0.7615891569288294,6
microsoft_phi-4-multimodal-instruct,Phi 4 Multimodal,1.121108100472066,1.1228376371479365,1.5071736982146395,1.250373145278214,7
gemma-3-4b-it,Gemma 3 4B it,1.1777278997979863,1.0044255425804105,2.4826333680398167,1.5549289368060712,8
google_gemini-2.5-flash-lite,Gemini 2.5 Flash Lite,1.6900059629159552,3.921401269164085,0.5109426045708316,2.040783278883624,9
