model,scope,k,aic,rmse_to_llm,r2_to_llm,r2_to_truth,rmse_vs_truth,bias_vs_truth,aic_weight
EmpiricalLinear,overall,3.0,-98.85305005251233,0.7050333538646123,0.864064665933501,0.8577338114639302,0.7655670370626709,-0.3132233333333346,0.9867409522055391
Bayes(stimulus),overall,0.0,-89.50475508329797,0.7420421855336776,0.8494189835978624,0.82877429562585,0.8398792626821132,-0.48627648867131096,0.009209725641308737
Bayes(range),overall,0.0,-87.86124102807747,0.7461185304270449,0.8477600317124961,0.8244277632223327,0.850472545672588,-0.5182063188483343,0.004049134007702675
Equal,overall,0.0,-67.90764450809664,0.7974319197691214,0.8260997269556061,0.7974235986077748,0.9135383920047732,-0.5694233333333332,1.8814544944603115e-07
LLM(Combined),overall,,,0.0,1.0,0.8250881323062983,0.8488716237845783,-0.3132233333333333,
