range_category,w_img_bayes,w_txt_bayes
short,0.46502966624852854,0.5349703337514715
medium,0.7552435063432172,0.24475649365678276
long,0.5578689715572795,0.44213102844272045
