{
  "per_range": {
    "regression_effect": {
      "long": {
        "regression_angle": 56.039014987894454,
        "slope": 1.484740806746261,
        "intercept": -0.44387963666153074,
        "r_squared": 0.81119792919126,
        "p_value": 5.329134797181235e-19,
        "regression_strength": -0.4847408067462611,
        "regression_strength_angular": 0.24531144417543232
      },
      "medium": {
        "regression_angle": 51.21719773384886,
        "slope": 1.2445139206106348,
        "intercept": -0.26701491151639817,
        "r_squared": 0.8541922965048113,
        "p_value": 1.053271519735572e-21,
        "regression_strength": -0.24451392061063482,
        "regression_strength_angular": 0.13815994964108586
      },
      "short": {
        "regression_angle": 41.38370668955346,
        "slope": 0.8811133186607818,
        "intercept": -0.04153224449336579,
        "r_squared": 0.7490760929255221,
        "p_value": 5.104335652818842e-16,
        "regression_strength": 0.1188866813392182,
        "regression_strength_angular": 0.08036207356547859
      }
    },
    "weber_law": {
      "long": {
        "mean_cv": 0.11355252059827825,
        "cv_magnitude_correlation": -0.7197488613528629,
        "bin_magnitudes": [
          0.5455462499999999,
          0.63481125,
          0.72407625,
          0.76870875,
          0.8133412499999999,
          0.85797375
        ],
        "coefficient_variations": [
          0.15940534448270435,
          0.2736089077750559,
          0.07292761675877898,
          0.05388115608433226,
          0.05733507634614844,
          0.06415702214264946
        ],
        "p_value": 0.10680549066704181
      },
      "medium": {
        "mean_cv": 0.14575220116534668,
        "cv_magnitude_correlation": -0.5575076308227604,
        "bin_magnitudes": [
          0.356935,
          0.468515,
          0.580095,
          0.635885,
          0.691675,
          0.747465
        ],
        "coefficient_variations": [
          0.251788085715474,
          0.1201737371644269,
          0.2047270230449216,
          0.043727875951258245,
          0.10096982889047049,
          0.1531266562255289
        ],
        "p_value": 0.2503793535631638
      },
      "short": {
        "mean_cv": 0.22778020787278053,
        "cv_magnitude_correlation": -0.2613835930666716,
        "bin_magnitudes": [
          0.14554625,
          0.23481125,
          0.32407625,
          0.36870875000000003,
          0.41334125,
          0.45797374999999996
        ],
        "coefficient_variations": [
          0.22201438776409743,
          0.2792083963997568,
          0.2990981596816041,
          0.11148624383509528,
          0.2711496240588515,
          0.183724435497278
        ],
        "p_value": 0.6168536546498915
      }
    },
    "sequential_effect": [
      {
        "range_category": "long",
        "n_runs": 5,
        "N_total": 50,
        "r_resp_mean": 0.29458936343142195,
        "r_stim_mean": 0.23521755130669825,
        "r_resp_weighted": 0.29875644891486974,
        "r_stim_weighted": 0.23521755130669827
      },
      {
        "range_category": "medium",
        "n_runs": 5,
        "N_total": 50,
        "r_resp_mean": 0.0821722510939503,
        "r_stim_mean": 0.23520721737985423,
        "r_resp_weighted": 0.0845780510967031,
        "r_stim_weighted": 0.2352072173798542
      },
      {
        "range_category": "short",
        "n_runs": 5,
        "N_total": 50,
        "r_resp_mean": 0.13400426637014745,
        "r_stim_mean": 0.23521755130669839,
        "r_resp_weighted": 0.13510583461089945,
        "r_stim_weighted": 0.23521755130669839
      }
    ]
  },
  "overall": {
    "range_effect": {
      "range_analyses_by_category": {
        "short": {
          "slope": 0.8811133186607818,
          "regression_strength": 0.1188866813392182,
          "r_squared": 0.7490760929255221,
          "mean_stimulus_magnitude": 0.308056
        },
        "medium": {
          "slope": 1.2445139206106348,
          "regression_strength": -0.24451392061063482,
          "r_squared": 0.8541922965048113,
          "mean_stimulus_magnitude": 0.56007
        },
        "long": {
          "slope": 1.484740806746261,
          "regression_strength": -0.4847408067462611,
          "r_squared": 0.81119792919126,
          "mean_stimulus_magnitude": 0.708056
        }
      },
      "correlation_analysis": {
        "correlation_magnitude_regression": -0.9994954724097445,
        "p_value": 0.020223477786429984,
        "interpretation": "Regression strength decreases with stimulus magnitude (r=-0.999)"
      },
      "pairwise_comparison_on_overlap": {
        "short_vs_medium": {
          "categories": [
            "medium",
            "short"
          ],
          "error": "Insufficient data in common bins for t-test.",
          "t_statistic": NaN,
          "p_value": NaN,
          "is_significant": false,
          "n_overlapping_bins": 0
        },
        "short_vs_long": {
          "error": "No overlapping data found or insufficient data after binning for short vs long."
        },
        "medium_vs_long": {
          "categories": [
            "long",
            "medium"
          ],
          "t_statistic": -0.7222222222222221,
          "p_value": 0.6018038560635748,
          "is_significant": false,
          "n_overlapping_bins": 2,
          "mean_long": 0.609,
          "mean_medium": 0.687
        }
      }
    }
  }
}