range_category,regression_angle,scalar_variability,short_vs_medium_t,medium_vs_long_t,response_autocorr,stimulus_autocorr
short,28.228433347581337,0.12240741451598373,,,0.27967967278518957,0.3215372729414105
medium,14.131978914052752,0.16316843663525532,,2.0476190476190497,-0.019400146914104986,0.3217548898326659
long,22.269632941079845,0.0834296524968996,,,0.16949684459769382,0.27622328406597824
