model,scope,k,aic,rmse_to_llm,r2_to_llm,r2_to_truth,rmse_vs_truth,bias_vs_truth,aic_weight
Combo_NonOracle,overall,0.0,-59.39003685313296,0.7775147231886106,0.8133256002041769,0.7628218736336021,1.0169501593313963,-0.40913723307533295,0.4835457740980154
Combo_Oracle,overall,0.0,-58.987947448279826,0.7788405575470664,0.8126884152191887,0.8108052429677888,0.908274037391048,4.553796134903184e-16,0.3954804205304916
EmpiricalLinear,overall,2.0,-56.61879067141402,0.7734770478590404,0.8152593861883963,0.7661455296215829,1.0097995896735394,-0.3586342884213185,0.12096761824096805
Equal,overall,0.0,-36.85717715555189,0.8554099258762274,0.7740480514126469,0.7268250224054447,1.0913971359901922,-0.5917764660432856,6.1871305250490814e-06
LLM(Combined),overall,,,0.0,1.0,0.8291873128176965,0.8630230877560576,-0.20272542372881353,
