range_category,regression_angle,scalar_variability,short_vs_medium_t,medium_vs_long_t,response_autocorr,stimulus_autocorr
short,36.62427473166466,0.1591745079353609,,,0.08876610562671337,0.12408237989344621
medium,45.72597778124651,0.09070415288703906,,,0.08614100168163664,0.09685955351392779
long,36.707757645283806,0.06102281155584453,,,0.06845286667991816,0.0927400352638608
