model,scope,k,aic,rmse_to_llm,r2_to_llm,r2_to_truth,rmse_vs_truth,bias_vs_truth,aic_weight
Bayes(stimulus),overall,0.0,-63.69038993816909,0.8087209933850883,0.8294989511118847,0.8219632453621847,0.8564208110613042,-0.5407461897247177,0.9999988277561594
EmpiricalLinear,overall,3.0,-35.2552480222549,0.8715191040243876,0.8019916777624377,0.8218767848107859,0.85662873899173,-0.5540663354279517,6.689395563171641e-07
Bayes(range),overall,0.0,-34.43956853780509,0.8915457171902146,0.7927870673827796,0.862965314008671,0.7513592407814693,-0.4268138697082948,4.4490196944669745e-07
Equal,overall,0.0,-30.378571660145212,0.9036963188215124,0.7871004970864017,0.8320516101561309,0.8318026504007859,-0.5121332911721058,5.8402314779850393e-08
LLM(Combined),overall,,,0.0,1.0,0.6943386510665589,1.1221544609469771,-0.5540663354279534,
