range_category,w_img_bayes,w_txt_bayes
short,0.5963731185944131,0.4036268814055869
medium,0.7106664076432139,0.28933359235678613
long,0.549651734079877,0.450348265920123
