model,scope,k,aic,rmse_to_llm,r2_to_llm,r2_to_truth,rmse_vs_truth,bias_vs_truth,aic_weight
Combo_NonOracle,overall,0.0,-490.2679098901148,0.195103251376309,0.15937606577760222,0.23976870474931322,0.18357625291482896,-0.10073988634419924,0.7909836466134619
EmpiricalLinear,overall,2.0,-487.6050084256798,0.19423561210557577,0.16683608067337252,0.1920577856587311,0.18924908104070964,-0.10467453433690628,0.20889391952226735
Equal,overall,0.0,-472.7209867468992,0.20685512240857531,0.055057685688230995,0.2920565299179394,0.17715071899374274,-0.08944400000000001,0.00012243386426069488
Combo_Oracle,overall,0.0,-426.270279013688,0.24149634754184754,-0.28793477836722214,0.4180580372637698,0.1606140252732204,1.1842378929335004e-17,1.0029020808629569e-14
LLM(Combined),overall,,,0.0,1.0,-0.27326735899797794,0.2375764738072073,-0.15079399999999998,
