model,scope,k,aic,rmse_to_llm,r2_to_llm,r2_to_truth,rmse_vs_truth,bias_vs_truth,aic_weight
EmpiricalLinear,overall,3.0,-929.3103676468053,0.044258792542354125,0.9278193296082431,0.7166266611745069,0.11207870977651553,-0.056293999999999705,0.9999998753164385
Bayes(stimulus),overall,0.0,-897.5153927469057,0.05020111828085979,0.9071357465614159,0.7644037077233424,0.10219457806131485,-0.03740268671436566,1.246834670765734e-07
Bayes(range),overall,0.0,-868.3452140548842,0.0553275641536431,0.8872010935514405,0.7790422963298917,0.09896877689854768,-0.03400692490316315,5.77543963782696e-14
Equal,overall,0.0,-867.4319693535316,0.05549624611929471,0.8865122453649597,0.7766946472848598,0.09949315339928338,-0.033127333333333335,3.658276118556278e-14
LLM(Combined),overall,,,0.0,1.0,0.7402334326771621,0.10730877988310183,-0.05629399999999999,
