range_category,w_img_bayes,w_txt_bayes
short,0.5984174240337371,0.4015825759662629
medium,0.4201115880103748,0.5798884119896253
long,0.45704051190640615,0.5429594880935938
