model,scope,k,aic,rmse_to_llm,r2_to_llm,r2_to_truth,rmse_vs_truth,bias_vs_truth,aic_weight
EmpiricalLinear,overall,2.0,-634.0790266070104,0.11920267435657955,0.26175241971028584,0.08767304060971282,0.20110933022418573,-0.1044343722534628,0.644380965360684
Equal,overall,0.0,-632.3329134953258,0.12150785375258687,0.2329234017386308,0.18031546485954453,0.1906252104150993,-0.08263290790282744,0.2691405022599599
Combo_NonOracle,overall,0.0,-630.0622387874711,0.12243102575198178,0.22122319105344457,0.19476205788111633,0.1889378984977602,-0.07858470744711614,0.08647853237935614
Combo_Oracle,overall,0.0,-523.9563853270573,0.17437950625114026,-0.5798684318286338,0.4258147134343273,0.1595449253567992,2.960594732333751e-17,7.8761682129599145e-25
LLM(Combined),overall,,,0.0,1.0,-0.021547254760007073,0.21280714038772292,-0.11098999999999999,
