{
  "empirical_linear": {
    "w_txt_norm": 0.4321912829281054,
    "w_img_norm": 0.5678087170718946
  },
  "combo_oracle": {
    "w_txt_norm": 0.38162789454665125,
    "w_img_norm": 0.6183721054533488
  },
  "combo_non_oracle": {
    "w_txt_norm": 0.5125910477817809,
    "w_img_norm": 0.4874089522182191
  }
}