model,scope,k,aic,rmse_to_llm,r2_to_llm,r2_to_truth,rmse_vs_truth,bias_vs_truth,aic_weight
EmpiricalLinear,overall,3.0,-655.6859656333195,0.11018220378201876,0.4600343177207008,0.5165343424639661,0.14639956298182094,-0.046323333333333244,0.9999999992380229
Bayes(stimulus),overall,0.0,-613.5718817176765,0.1293491934528295,0.25583249868900415,0.6793861700051207,0.11921971833558051,0.017051041865380083,7.162141091219607e-10
Equal,overall,0.0,-607.8724662104465,0.13183006738474598,0.2270129859347375,0.6001140440203161,0.13314505498390342,0.021176666666666667,4.144102796422596e-11
Bayes(range),overall,0.0,-603.3512737327645,0.1338318774745439,0.2033594827091485,0.6833699876880837,0.11847671507355897,0.02058974726117615,4.321813755221578e-12
LLM(Combined),overall,,,0.0,1.0,0.45259732686999454,0.1557795418746206,-0.04632333333333334,
