range_category,w_img_bayes,w_txt_bayes
short,0.8047303079934375,0.19526969200656252
medium,0.8377895817941243,0.16221041820587567
long,0.5896694084259854,0.41033059157401464
