range_category,regression_angle,scalar_variability,short_vs_medium_t,medium_vs_long_t,response_autocorr,stimulus_autocorr
short,0.19031658375914837,0.1711373956544221,,,-0.2666915674000529,0.24718809267831113
medium,-4.457641170304799,0.15142975411318543,,,0.22435423642805175,0.217956842254054
long,2.0991136389634595,0.1993034186499854,,,-0.03834898674728799,0.21906490146470325
