{
    "Basic Single-Stage": {
        "model_name": "bayes_basic_single",
        "params": {
            "w_p": 0.4530435230312162,
            "delta": -0.04546067086444819
        },
        "steady_state_weight": null,
        "mode": "single",
        "model_type": "basic",
        "r_squared": 0.20959536314441907,
        "aic": -126.57697761633625,
        "bic": -123.77458285301194,
        "n_params": 2,
        "mse": 0.012872737177490323,
        "rmse": 0.11345808555361016,
        "predictions": [
            0.23074277174279775,
            0.3567998309897933,
            0.3089466088197944,
            0.2797719503382795,
            0.18293330609095634,
            0.18292783652618663,
            0.16150355132331937,
            0.33830176293870906,
            0.28031343725047864,
            0.3037122353352032,
            0.47479089761222437,
            0.6323635890621614,
            0.5725484287408551,
            0.5360828404213464,
            0.4150304329386151,
            0.4150249633738453,
            0.3882459742614537,
            0.6092437387806908,
            0.5367555968880179,
            0.5660068292763084,
            0.6307427717427977,
            0.7567998309897933,
            0.7089466088197943,
            0.6797719503382794,
            0.5829333060909563,
            0.5829278365261866,
            0.5615035513233194,
            0.7383017629387089,
            0.6803134372504785,
            0.7037122353352031
        ],
        "converged": true,
        "confidence_intervals": {
            "w_p": [
                -10.157513292739008,
                11.06360033880144
            ],
            "delta": [
                -1.4313899603313347,
                1.3404686186024382
            ]
        }
    },
    "Basic Two-Stage": {
        "model_name": "bayes_basic_sequential",
        "params": {
            "r_div_q": 1.0222054207234643,
            "delta": -0.03955738072581001
        },
        "steady_state_weight": 0.4890205300919269,
        "mode": "sequential",
        "model_type": "basic",
        "r_squared": 0.05833014292803029,
        "aic": -121.324060048812,
        "bic": -118.52166528548769,
        "n_params": 2,
        "mse": 0.01533628221903662,
        "rmse": 0.12383974410114315,
        "predictions": [
            0.21026261927419,
            0.36279223570624813,
            0.3568891177013115,
            0.32203176723136706,
            0.20039336144898023,
            0.15304474910959254,
            0.11069115084411531,
            0.29154151441817505,
            0.2972505850240864,
            0.32559233085806594,
            0.44771261927419,
            0.6383762943638399,
            0.6309994648557679,
            0.5874316165437535,
            0.4353805177626792,
            0.37619507545986597,
            0.32325472978192926,
            0.5493183277142932,
            0.5564518639672417,
            0.5918810075631993,
            0.6102626192741899,
            0.7627922357062481,
            0.7568891177013114,
            0.722031767231367,
            0.6003933614489801,
            0.5530447491095924,
            0.5106911508441152,
            0.6915415144181749,
            0.6972505850240864,
            0.7255923308580658
        ],
        "converged": true,
        "confidence_intervals": {
            "r_div_q": [
                -55.64590754687634,
                57.69031838832327
            ],
            "delta": [
                -1.433443259822881,
                1.354328498371261
            ]
        }
    },
    "Weber Single-Stage": {
        "model_name": "bayes_weber_single",
        "params": {
            "w_p": 0.28302498420627387,
            "delta": -0.12623912095878595
        },
        "steady_state_weight": null,
        "mode": "single",
        "model_type": "weber",
        "r_squared": 0.3210883562150645,
        "aic": -131.1382155483816,
        "bic": -128.33582078505728,
        "n_params": 2,
        "mse": 0.011056933056401385,
        "rmse": 0.10515195222344369,
        "predictions": [
            0.22756001163087106,
            0.3636037108566909,
            0.3147845127746785,
            0.28351066046310697,
            0.16711338967808514,
            0.16710601222913163,
            0.13710352622184746,
            0.34505800668219466,
            0.28410323257258646,
            0.309266678691588,
            0.44175265905478717,
            0.6163355941868853,
            0.5526828315377749,
            0.5124277266998181,
            0.368231483650391,
            0.36822449934360746,
            0.3333649066073467,
            0.5920545191780583,
            0.5131815157467957,
            0.5455485887813529,
            0.5843417573439075,
            0.726419828828507,
            0.6738953718732458,
            0.6410689228849823,
            0.5268462276124953,
            0.5268395112209278,
            0.5002639996685503,
            0.7062995555672897,
            0.6416841664825442,
            0.6680529895414021
        ],
        "converged": true,
        "confidence_intervals": {
            "w_p": [
                -13.712525992048802,
                14.278575960461348
            ],
            "delta": [
                -3.210752596132608,
                2.958274354215036
            ]
        }
    },
    "Weber Two-Stage": {
        "model_name": "bayes_weber_sequential",
        "params": {
            "r_div_q": 0.048705983074376895,
            "delta": -0.15508321528407462
        },
        "steady_state_weight": 0.9976333415721436,
        "mode": "sequential",
        "model_type": "weber",
        "r_squared": 0.2748924402552819,
        "aic": -129.16351809050545,
        "bic": -126.36112332718113,
        "n_params": 2,
        "mse": 0.011809291857318145,
        "rmse": 0.10867056573570483,
        "predictions": [
            0.21393169284358662,
            0.41065901043558034,
            0.3365302630207647,
            0.2907948715973487,
            0.13932108620028222,
            0.13907069996317567,
            0.10559591063116396,
            0.38117199085034836,
            0.29172672499025354,
            0.3280853204510597,
            0.4172705551318236,
            0.6632468657523164,
            0.5705281940117845,
            0.513360717820935,
            0.3240590609969896,
            0.32369870805257445,
            0.28186355961012954,
            0.6265912216898636,
            0.5145256503408733,
            0.5599708486733617,
            0.556469258290185,
            0.7532907501227608,
            0.6790759813909341,
            0.6333364382082174,
            0.4819277470909366,
            0.4816084288322896,
            0.44814106391187725,
            0.7240467355437633,
            0.634278377482879,
            0.6706256529433345
        ],
        "converged": true,
        "confidence_intervals": {
            "r_div_q": [
                -366.6527686799684,
                366.7501806461172
            ],
            "delta": [
                -3.9862364351282378,
                3.676070004560089
            ]
        }
    },
    "Linear Regression": {
        "model_name": "linear",
        "params": {
            "slope": 0.4990048357208824,
            "intercept": 0.21775918667459632
        },
        "steady_state_weight": null,
        "mode": "linear",
        "model_type": "linear",
        "log_likelihood": null,
        "r_squared": 0.6777590789687119,
        "aic": -153.49095857696923,
        "bic": -150.68856381364492,
        "n_params": 2,
        "mse": 0.005248100138645962,
        "rmse": 0.07244377225577063,