{
    "Basic Single-Stage": {
        "model_name": "bayes_basic_single",
        "params": {
            "w_p": 0.0,
            "delta": -0.03712733795481221
        },
        "steady_state_weight": null,
        "mode": "single",
        "model_type": "basic",
        "r_squared": 0.9456398436687521,
        "aic": -177.69296273890544,
        "bic": -174.89056797558112,
        "n_params": 2,
        "mse": 0.0023417446928889105,
        "rmse": 0.04839157667289743,
        "predictions": [
            0.21269266204518777,
            0.4431626620451878,
            0.35567266204518777,
            0.30233266204518777,
            0.1252826620451878,
            0.12527266204518778,
            0.08610266204518778,
            0.40934266204518777,
            0.30332266204518776,
            0.3461026620451878,
            0.45014266204518777,
            0.7382326620451878,
            0.6288726620451879,
            0.5622026620451879,
            0.3408826620451878,
            0.3408726620451878,
            0.2919126620451878,
            0.6959626620451878,
            0.5634326620451877,
            0.6169126620451877,
            0.6126926620451878,
            0.843162662045188,
            0.7556726620451877,
            0.7023326620451877,
            0.5252826620451878,
            0.5252726620451877,
            0.48610266204518776,
            0.8093426620451876,
            0.7033226620451878,
            0.7461026620451878
        ],
        "converged": true,
        "confidence_intervals": {
            "w_p": [
                -10.610556611523753,
                10.610556611523753
            ],
            "delta": [
                -1.42305662610903,
                1.3488019501994055
            ]
        }
    },
    "Basic Two-Stage": {
        "model_name": "bayes_basic_sequential",
        "params": {
            "r_div_q": 0.01,
            "delta": -0.037125890898228445
        },
        "steady_state_weight": 0.9999000099990001,
        "mode": "sequential",
        "model_type": "basic",
        "r_squared": 0.9456340729050539,
        "aic": -177.68977952817798,
        "bic": -174.88738476485366,
        "n_params": 2,
        "mse": 0.0023419932877454435,
        "rmse": 0.04839414518043937,
        "predictions": [
            0.21269410910177156,
            0.44314106671019887,
            0.3556828540486305,
            0.302339442909558,
            0.12530181109493066,
            0.12527411187141696,
            0.08610802531884425,
            0.4093117919564992,
            0.30333470575083316,
            0.3460998330166108,
            0.45014410910177155,
            0.7382053058623558,
            0.6288850400353702,
            0.5622107758615796,
            0.34090623734302056,
            0.3408741123139533,
            0.2919190041231375,
            0.6959237126701562,
            0.5634473554129985,
            0.6169087634954704,
            0.6126941091017715,
            0.843141066710199,
            0.7556828540486303,
            0.702339442909558,
            0.5253018110949306,
            0.5252741118714169,
            0.4861080253188443,
            0.809311791956499,
            0.7033347057508331,
            0.7460998330166106
        ],
        "converged": true,
        "confidence_intervals": {
            "r_div_q": [
                -21.031145902552108,
                21.05114590255211
            ],
            "delta": [
                -1.4234666654841703,
                1.3492148836877136
            ]
        }
    },
    "Weber Single-Stage": {
        "model_name": "bayes_weber_single",
        "params": {
            "w_p": 0.0,
            "delta": -0.06880815016438491
        },
        "steady_state_weight": null,
        "mode": "single",
        "model_type": "weber",
        "r_squared": 0.9465235278489522,
        "aic": -178.18444155737313,
        "bic": -175.38204679404882,
        "n_params": 2,
        "mse": 0.0023036770551403446,
        "rmse": 0.0479966358731562,
        "predictions": [
            0.23320834142611402,
            0.4483534129712463,
            0.36668099439406215,
            0.31688779737832323,
            0.15161060330939594,
            0.15160126825183767,
            0.11503584779614787,
            0.4167822483092236,
            0.3178119680765906,
            0.35774734431081096,
            0.45486928314690916,
            0.7238029563427142,
            0.6217147668856235,
            0.559477938144729,
            0.3528744442654012,
            0.3528651092078429,
            0.3071606674026202,
            0.6843436680439648,
            0.5606261502243945,
            0.610550038045949,
            0.6066106437563649,
            0.8217557153014974,
            0.7400832967243131,
            0.6902900997085741,
            0.5250129056396469,
            0.5250035705820886,
            0.4884381501263988,
            0.7901845506394743,
            0.6912142704068416,
            0.7311496466410619
        ],
        "converged": true,
        "confidence_intervals": {
            "w_p": [
                -11.637183850155987,
                11.637183850155987
            ],
            "delta": [
                -2.939194970365497,
                2.8015786700367276
            ]
        }
    },
    "Weber Two-Stage": {
        "model_name": "bayes_weber_sequential",
        "params": {
            "r_div_q": 0.01,
            "delta": -0.06879714669365351
        },
        "steady_state_weight": 0.9999000099990001,
        "mode": "sequential",
        "model_type": "weber",
        "r_squared": 0.946512431466601,
        "aic": -178.1782198955347,
        "bic": -175.3758251322104,
        "n_params": 2,
        "mse": 0.002304155068748746,
        "rmse": 0.04800161527228793,
        "predictions": [
            0.23321090755239482,
            0.4483290463736217,
            0.3666923990491253,
            0.31689590887444385,
            0.15162344733922306,
            0.15160293846268086,
            0.11504028816009132,
            0.4167331960531384,
            0.31782407555311964,
            0.35774704804987223,
            0.45487428832629345,
            0.7237773065818263,
            0.621731055768,
            0.559489995378605,
            0.35289458851753214,
            0.3528689945401587,
            0.3071683072673643,
            0.684296389759799,
            0.560643491833136,
            0.6105515501303744,
            0.6066173186265555,
            0.821739817734358,
            0.7400991838199027,
            0.6903025031046385,
            0.5250330495280641,
            0.5250093498559745,
            0.48844705017184803,
            0.7901552420328266,
            0.6912311208056321,
            0.7311535869027951
        ],
        "converged": true,
        "confidence_intervals": {
            "r_div_q": [
                -32.84281382068555,
                32.862813820685545
            ],
            "delta": [
                -2.691733450216585,
                2.5541391568292777
            ]
        }
    },
    "Linear Regression": {
        "model_name": "linear",
        "params": {
            "slope": 0.9594807868514152,
            "intercept": -0.015838781860345454
        },
        "steady_state_weight": null,
        "mode": "linear",
        "model_type": "linear",
        "log_likelihood": null,
        "r_squared": 0.9473293134064533,
        "aic": -178.63972387030762,
        "bic": -175.8373291069833,
        "n_params": 2,
        "mse": 0.002268965159880392,
        "rmse": 0.04763365574759502,