{
  "per_range": {
    "regression_effect": {
      "long": {
        "regression_angle": 53.945299155886566,
        "slope": 1.3736222079188583,
        "intercept": -0.2718014460501952,
        "r_squared": 0.787229524395269,
        "p_value": 9.518349708211058e-18,
        "regression_strength": -0.37362220791885825,
        "regression_strength_angular": 0.19878442568636814
      },
      "medium": {
        "regression_angle": 50.70548559166224,
        "slope": 1.2219999379797715,
        "intercept": -0.24200550526433057,
        "r_squared": 0.8851921069059485,
        "p_value": 3.339959195781643e-24,
        "regression_strength": -0.22199993797977147,
        "regression_strength_angular": 0.1267885687036053
      },
      "short": {
        "regression_angle": 40.13308080490864,
        "slope": 0.843065450194736,
        "intercept": -0.02391137032518953,
        "r_squared": 0.6363020457584371,
        "p_value": 4.075404320296062e-12,
        "regression_strength": 0.156934549805264,
        "regression_strength_angular": 0.10815375989091917
      }
    },
    "weber_law": {
      "long": {
        "mean_cv": 0.08171425019473401,
        "cv_magnitude_correlation": -0.8888408515810644,
        "bin_magnitudes": [
          0.5455462499999999,
          0.63481125,
          0.72407625,
          0.76870875,
          0.8133412499999999,
          0.85797375
        ],
        "coefficient_variations": [
          0.1508024078549083,
          0.08153845456655645,
          0.08892519229611572,
          0.05267597754553666,
          0.06502131321255611,
          0.05132215569273083
        ],
        "p_value": 0.01784777339516589
      },
      "medium": {
        "mean_cv": 0.10365141562708925,
        "cv_magnitude_correlation": -0.7916440383871299,
        "bin_magnitudes": [
          0.356935,
          0.468515,
          0.580095,
          0.635885,
          0.691675,
          0.747465
        ],
        "coefficient_variations": [
          0.1532891693797054,
          0.10155048005794952,
          0.10133045483226377,
          0.13026619084933383,
          0.08032855739564082,
          0.05514364124764212
        ],
        "p_value": 0.06059571406895017
      },
      "short": {
        "mean_cv": 0.1561892894307362,
        "cv_magnitude_correlation": -0.8860639939334288,
        "bin_magnitudes": [
          0.14554625,
          0.23481125,
          0.32407625,
          0.36870875000000003,
          0.41334125,
          0.45797374999999996
        ],
        "coefficient_variations": [
          0.4230321055613435,
          0.1417217914174489,
          0.17077579155885295,
          0.08600261451922267,
          0.05733507634614851,
          0.05826835718140063
        ],
        "p_value": 0.018732595015188657
      }
    },
    "sequential_effect": [
      {
        "range_category": "long",
        "n_runs": 5,
        "N_total": 50,
        "r_resp_mean": 0.46885885246564685,
        "r_stim_mean": 0.23521755130669839,
        "r_resp_weighted": 0.4703019764382889,
        "r_stim_weighted": 0.23521755130669839
      },
      {
        "range_category": "medium",
        "n_runs": 5,
        "N_total": 50,
        "r_resp_mean": 0.19432465387719702,
        "r_stim_mean": 0.23520721737985428,
        "r_resp_weighted": 0.19453112203464346,
        "r_stim_weighted": 0.23520721737985426
      },
      {
        "range_category": "short",
        "n_runs": 5,
        "N_total": 50,
        "r_resp_mean": 0.047919604850572964,
        "r_stim_mean": 0.23521755130669836,
        "r_resp_weighted": 0.04810472078906904,
        "r_stim_weighted": 0.23521755130669833
      }
    ]
  },
  "overall": {
    "range_effect": {
      "range_analyses_by_category": {
        "short": {
          "slope": 0.843065450194736,
          "regression_strength": 0.156934549805264,
          "r_squared": 0.6363020457584371,
          "mean_stimulus_magnitude": 0.30805599999999994
        },
        "medium": {
          "slope": 1.2219999379797715,
          "regression_strength": -0.22199993797977147,
          "r_squared": 0.8851921069059485,
          "mean_stimulus_magnitude": 0.5600700000000001
        },
        "long": {
          "slope": 1.3736222079188583,
          "regression_strength": -0.37362220791885825,
          "r_squared": 0.787229524395269,
          "mean_stimulus_magnitude": 0.7080560000000001
        }
      },
      "correlation_analysis": {
        "correlation_magnitude_regression": -0.9956362805797514,
        "p_value": 0.05949515287246327,
        "interpretation": "Regression strength decreases with stimulus magnitude (r=-0.996)"
      },
      "pairwise_comparison_on_overlap": {
        "short_vs_medium": {
          "categories": [
            "medium",
            "short"
          ],
          "error": "Insufficient data in common bins for t-test.",
          "t_statistic": NaN,
          "p_value": NaN,
          "is_significant": false,
          "n_overlapping_bins": 0
        },
        "short_vs_long": {
          "error": "No overlapping data found or insufficient data after binning for short vs long."
        },
        "medium_vs_long": {
          "categories": [
            "long",
            "medium"
          ],
          "t_statistic": 1.2469135802469122,
          "p_value": 0.43032136167220975,
          "is_significant": false,
          "n_overlapping_bins": 2,
          "mean_long": 0.796,
          "mean_medium": 0.6950000000000001
        }
      }
    }
  }
}