{
    "Basic Single-Stage": {
        "model_name": "bayes_basic_single",
        "params": {
            "w_p": 0.0,
            "delta": -0.11466067081399867
        },
        "steady_state_weight": null,
        "mode": "single",
        "model_type": "basic",
        "r_squared": 0.8706635602320918,
        "aic": -140.7539475733026,
        "bic": -137.9515528099783,
        "n_params": 2,
        "mse": 0.00802449775955557,
        "rmse": 0.08957956105918118,
        "predictions": [
            0.13515932918600132,
            0.36562932918600133,
            0.2781393291860013,
            0.22479932918600132,
            0.04774932918600133,
            0.04773932918600132,
            0.008569329186001326,
            0.3318093291860013,
            0.2257893291860013,
            0.26856932918600135,
            0.3726093291860013,
            0.6606993291860014,
            0.5513393291860014,
            0.48466932918600136,
            0.26334932918600135,
            0.26333932918600134,
            0.21437932918600133,
            0.6184293291860014,
            0.4858993291860013,
            0.5393793291860013,
            0.5351593291860013,
            0.7656293291860015,
            0.6781393291860013,
            0.6247993291860013,
            0.4477493291860013,
            0.44773932918600134,
            0.4085693291860013,
            0.7318093291860012,
            0.6257893291860014,
            0.6685693291860013
        ],
        "converged": true,
        "confidence_intervals": {
            "w_p": [
                -10.610556412875908,
                10.610556412875908
            ],
            "delta": [
                -1.5005899638210187,
                1.2712686221930216
            ]
        }
    },
    "Basic Two-Stage": {
        "model_name": "bayes_basic_sequential",
        "params": {
            "r_div_q": 0.01,
            "delta": -0.11465922505625153
        },
        "steady_state_weight": 0.9999000099990001,
        "mode": "sequential",
        "model_type": "basic",
        "r_squared": 0.8706544134197787,
        "aic": -140.75182628035452,
        "bic": -137.9494315170302,
        "n_params": 2,
        "mse": 0.008025065260679346,
        "rmse": 0.0895827285846962,
        "predictions": [
            0.13516077494374845,
            0.36560773255217577,
            0.2781495198906074,
            0.2248061087515349,
            0.04776847693690758,
            0.047740777713393856,
            0.008574691160821157,
            0.3317784577984761,
            0.22580137159281005,
            0.2685664988585877,
            0.37261077494374845,
            0.6606719717043328,
            0.5513517058773472,
            0.4846774417035566,
            0.26337290318499745,
            0.2633407781559302,
            0.21438566996511438,
            0.6183903785121332,
            0.48591402125497546,
            0.5393754293374473,
            0.5351607749437484,
            0.765607732552176,
            0.6781495198906073,
            0.6248061087515349,
            0.4477684769369075,
            0.4477407777133939,
            0.4085746911608212,
            0.7317784577984761,
            0.6258013715928101,
            0.6685664988585875
        ],
        "converged": true,
        "confidence_intervals": {
            "r_div_q": [
                -1755.8539256946126,
                1755.8739256946126
            ],
            "delta": [
                -1.5905542539688404,
                1.3612358038563375
            ]
        }
    },
    "Weber Single-Stage": {
        "model_name": "bayes_weber_single",
        "params": {
            "w_p": 0.0,
            "delta": -0.18984961420600438
        },
        "steady_state_weight": null,
        "mode": "single",
        "model_type": "weber",
        "r_squared": 0.8131555576756004,
        "aic": -129.71931786537706,
        "bic": -126.91692310205275,
        "n_params": 2,
        "mse": 0.011592501011378376,
        "rmse": 0.10766847733379709,
        "predictions": [
            0.20662182860263956,
            0.39723976427678365,
            0.3248782283192583,
            0.2807615940984971,
            0.13432645932561033,
            0.1343181884905483,
            0.10192132755265523,
            0.3692678000970659,
            0.281580406769636,
            0.31696303916491475,
            0.4030128071500666,
            0.6412872944515122,
            0.550837442213371,
            0.49569578485495064,
            0.31264566326254556,
            0.3126373924274835,
            0.27214338396388266,
            0.606326474644396,
            0.49671309756757775,
            0.5409455234792071,
            0.5374552310830388,
            0.7280731667571831,
            0.6557116307996576,
            0.6115949965788964,
            0.46515986180600966,
            0.4651515909709477,
            0.43275473003305454,
            0.7001012025774651,
            0.6124138092500354,
            0.647796441645314
        ],
        "converged": true,
        "confidence_intervals": {
            "w_p": [
                -12.574724311945355,
                12.574724311945355
            ],
            "delta": [
                -3.4080608615706387,
                3.02836163315863
            ]
        }
    },
    "Weber Two-Stage": {
        "model_name": "bayes_weber_sequential",
        "params": {
            "r_div_q": 0.01,
            "delta": -0.1898392903622117
        },
        "steady_state_weight": 0.9999000099990001,
        "mode": "sequential",
        "model_type": "weber",
        "r_squared": 0.8131424271295862,
        "aic": -129.71720986280593,
        "bic": -126.91481509948161,
        "n_params": 2,
        "mse": 0.011593315677664704,
        "rmse": 0.10767226048367659,
        "predictions": [
            0.20662396175545722,
            0.39721790557822284,
            0.3248881120084922,
            0.2807685900428828,
            0.13433774780009095,
            0.1343195770048016,
            0.10192519243096326,
            0.3692240889990489,
            0.2815909425826689,
            0.3169625612614981,
            0.40301696782313495,
            0.6412641330134182,
            0.5508514997435776,
            0.4957061306346332,
            0.31266329851881675,
            0.3126406223413802,
            0.2721499679016289,
            0.6062841741680963,
            0.4967281245941354,
            0.5409464955391918,
            0.5374607797258555,
            0.7280585867477879,
            0.6557252610728297,
            0.611605570288908,
            0.46517739308730904,
            0.4651563952579507,
            0.4327623213308853,
            0.7000747594428932,
            0.6124283224329431,
            0.6477994924434477
        ],
        "converged": true,
        "confidence_intervals": {
            "r_div_q": [
                -13.918506772317647,
                13.938506772317647
            ],
            "delta": [
                -3.154372651339403,
                2.7746940706149794
            ]
        }
    },
    "Linear Regression": {
        "model_name": "linear",
        "params": {
            "slope": 1.109298448806781,
            "intercept": -0.1720854158790562
        },
        "steady_state_weight": null,
        "mode": "linear",
        "model_type": "linear",
        "log_likelihood": null,
        "r_squared": 0.8791988505353129,
        "aic": -142.80182151534777,
        "bic": -139.99942675202345,
        "n_params": 2,
        "mse": 0.007494937660033267,
        "rmse": 0.08657330801137997,