{
    "Basic Single-Stage": {
        "model_name": "bayes_basic_single",
        "params": {
            "w_p": 0.04956416821648656,
            "delta": -0.08926067107559588
        },
        "steady_state_weight": null,
        "mode": "single",
        "model_type": "basic",
        "r_squared": 0.797469741055529,
        "aic": -137.27567906321545,
        "bic": -134.47328429989113,
        "n_params": 2,
        "mse": 0.009011080696557566,
        "rmse": 0.09492671223927207,
        "predictions": [
            0.16344574782465943,
            0.38249269397580576,
            0.2993390630530662,
            0.2486428157857336,
            0.08036815176846251,
            0.08035864741014467,
            0.043130075879184465,
            0.35034895414488737,
            0.24958374725919924,
            0.290243392142898,
            0.4016176003705643,
            0.6754286591490768,
            0.5714889965852318,
            0.5081234396802249,
            0.29777298138989766,
            0.2977634770315798,
            0.25123013870745897,
            0.6352537365395877,
            0.5092924757533186,
            0.5601217840371009,
            0.5634457478246594,
            0.7824926939758059,
            0.6993390630530661,
            0.6486428157857336,
            0.4803681517684625,
            0.48035864741014467,
            0.4431300758791844,
            0.7503489541448872,
            0.6495837472591993,
            0.690243392142898
        ],
        "converged": true,
        "confidence_intervals": {
            "w_p": [
                -10.560992278974611,
                10.660120615407584
            ],
            "delta": [
                -1.4751899676654996,
                1.2966686255143078
            ]
        }
    },
    "Basic Two-Stage": {
        "model_name": "bayes_basic_sequential",
        "params": {
            "r_div_q": 0.01,
            "delta": -0.08925922660256899
        },
        "steady_state_weight": 0.9999000099990001,
        "mode": "sequential",
        "model_type": "basic",
        "r_squared": 0.7965270671540138,
        "aic": -137.13638391642596,
        "bic": -134.33398915310164,
        "n_params": 2,
        "mse": 0.009053022629784552,
        "rmse": 0.09514737321536812,
        "predictions": [
            0.160560773397431,
            0.3910077310058583,
            0.3035495183442899,
            0.2502061072052174,
            0.07316847539059013,
            0.0731407761670764,
            0.0339746896145037,
            0.3571784562521586,
            0.25120137004649257,
            0.2939664973122702,
            0.39801077339743096,
            0.6860719701580152,
            0.5767517043310296,
            0.5100774401572391,
            0.28877290163867997,
            0.2887407766096127,
            0.23978566841879692,
            0.6437903769658156,
            0.511314019708658,
            0.5647754277911299,
            0.5605607733974309,
            0.7910077310058584,
            0.7035495183442898,
            0.6502061072052174,
            0.47316847539059004,
            0.4731407761670764,
            0.4339746896145037,
            0.7571784562521585,
            0.6512013700464926,
            0.6939664973122701
        ],
        "converged": true,
        "confidence_intervals": {
            "r_div_q": [
                -42.28480192513785,
                42.304801925137845
            ],
            "delta": [
                -1.4752424164483586,
                1.2967239632432208
            ]
        }
    },
    "Weber Single-Stage": {
        "model_name": "bayes_weber_single",
        "params": {
            "w_p": 0.0,
            "delta": -0.1746610839267411
        },
        "steady_state_weight": null,
        "mode": "single",
        "model_type": "weber",
        "r_squared": 0.8023824816597614,
        "aic": -138.0122722677967,
        "bic": -135.2098775044724,
        "n_params": 2,
        "mse": 0.008792500508803345,
        "rmse": 0.09376833425417849,
        "predictions": [
            0.2097840798740567,
            0.4033193205406694,
            0.329850330190854,
            0.2850585146089687,
            0.1363822688501984,
            0.1363738714344538,
            0.10348119396271685,
            0.37491926049231233,
            0.2858898587676876,
            0.32181400332323795,
            0.4091807167304249,
            0.651101866917627,
            0.559267728334294,
            0.5032821575648095,
            0.31743055230453826,
            0.3174221548887936,
            0.27630840740305856,
            0.6156059905650529,
            0.5043150397013997,
            0.5492244191037099,
            0.5456807096594737,
            0.7392159503260866,
            0.6657469599762711,
            0.6209551443943857,
            0.47227889863561556,
            0.4722705012198709,
            0.43937782374813394,
            0.7108158902777293,
            0.6217864885531047,
            0.657710633108655
        ],
        "converged": true,
        "confidence_intervals": {
            "w_p": [
                -12.511938905995398,
                12.511938905995398
            ],
            "delta": [
                -3.369840343787221,
                3.0205181759337387
            ]
        }
    },
    "Weber Two-Stage": {
        "model_name": "bayes_weber_sequential",
        "params": {
            "r_div_q": 0.01,
            "delta": -0.1746497010519144
        },
        "steady_state_weight": 0.9999000099990001,
        "mode": "sequential",
        "model_type": "weber",
        "r_squared": 0.8023774586989008,
        "aic": -138.01150983653,
        "bic": -135.20911507320568,
        "n_params": 2,
        "mse": 0.008792723992967579,
        "rmse": 0.09376952592909692,
        "predictions": [
            0.20978646784495236,
            0.4032975544119415,
            0.3298607144782439,
            0.2850659195170755,
            0.13639387453503868,
            0.13637542562596158,
            0.10348522758597745,
            0.3748752774248493,
            0.2859008586044534,
            0.3218138589175088,
            0.40918537442119673,
            0.6510790405197824,
            0.5592825933058088,
            0.5032931946849755,
            0.31744879364792766,
            0.3174257703994083,
            0.27631538473190287,
            0.6155636946044822,
            0.5043308308112948,
            0.5492259876886666,
            0.545686921121422,
            0.7392019300159174,
            0.6657615039162234,
            0.6209665375528878,
            0.4722971984019316,
            0.47227587918950964,
            0.43938599655091437,
            0.710789795194316,
            0.6218018823606725,
            0.6577144271382935
        ],
        "converged": true,
        "confidence_intervals": {
            "r_div_q": [
                -2183.4493479192843,
                2183.4693479192847
            ],
            "delta": [
                -3.449135221016502,
                3.0998358189126733
            ]
        }
    },
    "Linear Regression": {
        "model_name": "linear",
        "params": {
            "slope": 0.8997335576714239,
            "intercept": -0.03658127946588651
        },
        "steady_state_weight": null,
        "mode": "linear",
        "model_type": "linear",
        "log_likelihood": null,
        "r_squared": 0.8065441305275252,
        "aic": -138.65071933389754,
        "bic": -135.84832457057323,
        "n_params": 2,
        "mse": 0.00860733828181761,
        "rmse": 0.0927757418823348,