model,scope,k,aic,rmse_to_llm,r2_to_llm,r2_to_truth,rmse_vs_truth,bias_vs_truth,aic_weight
EmpiricalLinear,overall,2.0,-881.4974869512721,0.05225298346176228,0.9340733406227345,0.9124132875246173,0.062310716046186064,0.0026950675832671973,0.9958954639023536
Combo_NonOracle,overall,0.0,-870.5142517844096,0.05492898154391799,0.9271479161363958,0.923070489782089,0.05839694299037652,-0.0014370689397633018,0.0041042569383687635
Combo_Oracle,overall,0.0,-851.3209049621286,0.05855807102493571,0.9172034178127371,0.9231523962186139,0.058365847255460915,3.508304757815495e-16,2.7890238876476527e-07
Equal,overall,0.0,-837.3409585489993,0.06135144660071187,0.9091157766705596,0.8565821290368361,0.07973431448671688,0.010539333333333338,2.568889606916499e-10
LLM(Combined),overall,,,0.0,1.0,0.8956258557287903,0.06802054277936923,-0.008660666666666665,
