model,scope,k,aic,rmse_to_llm,r2_to_llm,r2_to_truth,rmse_vs_truth,bias_vs_truth,aic_weight
EmpiricalLinear,overall,3.0,-508.026342181852,0.1802480825459405,0.4733632351590712,0.20168362329960343,0.1881183446187935,-0.09852733333333334,0.9996920863733281
Equal,overall,0.0,-491.84979477495017,0.19407718932596552,0.3894533462766866,0.2906374149387325,0.1773281847028272,-0.03236233333333333,0.00030702491279727085
Bayes(range),overall,0.0,-479.7371424541587,0.20207349559146773,0.33810579963815635,0.4968900387014117,0.1493396356023083,-0.026667280699711058,7.193571831591771e-07
Bayes(stimulus),overall,0.0,-476.8444406135491,0.20403138096186385,0.3252175086422854,0.45656723810462074,0.15520887025996108,-0.026596133769349835,1.6935669157227819e-07
LLM(Combined),overall,,,0.0,1.0,-0.11269718870991663,0.22209159575874696,-0.09852733333333331,
