range_category,w_img_bayes,w_txt_bayes
short,0.2121292580278851,0.7878707419721149
medium,0.20173018767795473,0.7982698123220453
long,0.210406034689999,0.789593965310001
