model,scope,k,aic,rmse_to_llm,r2_to_llm,r2_to_truth,rmse_vs_truth,bias_vs_truth,aic_weight
EmpiricalLinear,overall,3.0,-820.2288047023097,0.06366654721575425,0.8719203214759584,0.6395151574973028,0.12641554158355675,-0.051523333333333136,0.999997704852127
Bayes(stimulus),overall,0.0,-794.2445993687585,0.0708293371207909,0.8414800275816439,0.6605748471480489,0.12266734809249598,-0.024156899104940534,2.2782454244676423e-06
Bayes(range),overall,0.0,-784.4371945806541,0.0731831080715,0.8307692289004829,0.606296376038143,0.1321118187953608,-0.037252006861839576,1.6902448295084996e-08
Equal,overall,0.0,-708.5986890161295,0.09423198324702005,0.719421559793819,0.44378406060914755,0.1570285717101615,-0.05632333333333333,5.752112545836043e-25
LLM(Combined),overall,,,0.0,1.0,0.6303532348801242,0.12801192262181416,-0.05152333333333334,
