range_category,w_img_bayes,w_txt_bayes
short,0.25084385658382685,0.7491561434161731
medium,0.28333020625105065,0.7166697937489493
long,0.2127271800600919,0.7872728199399082
