{
  "per_range": {
    "regression_effect": {
      "long": {
        "regression_angle": 11.30344486470431,
        "slope": 0.19988224331734658,
        "intercept": 0.4700733776191527,
        "r_squared": 0.0478520233696591,
        "p_value": 0.12695218394758268,
        "regression_strength": 0.8001177566826534,
        "regression_strength_angular": 0.7488123363399042
      },
      "medium": {
        "regression_angle": 17.19143744165016,
        "slope": 0.3093879520974761,
        "intercept": 0.3685210896687665,
        "r_squared": 0.15785253844821015,
        "p_value": 0.004277273849121027,
        "regression_strength": 0.690612047902524,
        "regression_strength_angular": 0.6179680568522187
      },
      "short": {
        "regression_angle": 38.168958807473054,
        "slope": 0.7860455164618044,
        "intercept": 0.08205867865394115,
        "r_squared": 0.5627675465514165,
        "p_value": 3.584892497317953e-10,
        "regression_strength": 0.21395448353819557,
        "regression_strength_angular": 0.1518009153894877
      }
    },
    "weber_law": {
      "long": {
        "mean_cv": 0.14328828150851128,
        "cv_magnitude_correlation": -0.4791721860252629,
        "bin_magnitudes": [
          0.54551875,
          0.63479375,
          0.72406875,
          0.7687062499999999,
          0.81334375,
          0.8579812499999999
        ],
        "coefficient_variations": [
          0.15051841028457502,
          0.1878663925127556,
          0.17262916938722744,
          0.15847210924899563,
          0.05165933443148852,
          0.1385842731860254
        ],
        "p_value": 0.3362521215674993
      },
      "medium": {
        "mean_cv": 0.15290504006004765,
        "cv_magnitude_correlation": -0.39698307879889627,
        "bin_magnitudes": [
          0.3569,
          0.4685,
          0.5801000000000001,
          0.6358999999999999,
          0.6917,
          0.7475
        ],
        "coefficient_variations": [
          0.2578562887796038,
          0.05273067394122324,
          0.22973312619388556,
          0.1542724862054151,
          0.09364465940689844,
          0.12919300583325974
        ],
        "p_value": 0.43580676807178365
      },
      "short": {
        "mean_cv": 0.14485905754547956,
        "cv_magnitude_correlation": -0.6515115346260916,
        "bin_magnitudes": [
          0.14551875,
          0.23479374999999997,
          0.32406874999999996,
          0.36870624999999996,
          0.41334374999999995,
          0.45798125
        ],
        "coefficient_variations": [
          0.1976743632115006,
          0.1380731467626688,
          0.2380911592504428,
          0.12650478333886214,
          0.09549328485449009,
          0.073317607854913
        ],
        "p_value": 0.16100536247538036
      }
    },
    "sequential_effect": [
      {
        "range_category": "long",
        "n_runs": 5,
        "N_total": 50,
        "r_resp_mean": -0.3986513870307358,
        "r_stim_mean": 0.23502816576403168,
        "r_resp_weighted": -0.4108898229380087,
        "r_stim_weighted": 0.23502816576403165
      },
      {
        "range_category": "medium",
        "n_runs": 5,
        "N_total": 50,
        "r_resp_mean": -0.14507363158071754,
        "r_stim_mean": 0.23525030686203605,
        "r_resp_weighted": -0.15853785608246576,
        "r_stim_weighted": 0.23525030686203605
      },
      {
        "range_category": "short",
        "n_runs": 5,
        "N_total": 50,
        "r_resp_mean": 0.365149923313738,
        "r_stim_mean": 0.2350281657640318,
        "r_resp_weighted": 0.37471499884583737,
        "r_stim_weighted": 0.23502816576403177
      }
    ]
  },
  "overall": {
    "range_effect": {
      "range_analyses_by_category": {
        "short": {
          "slope": 0.7860455164618044,
          "regression_strength": 0.21395448353819557,
          "r_squared": 0.5627675465514165,
          "mean_stimulus_magnitude": 0.30805000000000005
        },
        "medium": {
          "slope": 0.3093879520974761,
          "regression_strength": 0.690612047902524,
          "r_squared": 0.15785253844821015,
          "mean_stimulus_magnitude": 0.56007
        },
        "long": {
          "slope": 0.19988224331734658,
          "regression_strength": 0.8001177566826534,
          "r_squared": 0.0478520233696591,
          "mean_stimulus_magnitude": 0.7080500000000001
        }
      },
      "correlation_analysis": {
        "correlation_magnitude_regression": 0.980472913032125,
        "p_value": 0.12601524948599768,
        "interpretation": "Regression strength increases with stimulus magnitude (r=0.980)"
      },
      "pairwise_comparison_on_overlap": {
        "short_vs_medium": {
          "categories": [
            "medium",
            "short"
          ],
          "error": "Insufficient data in common bins for t-test.",
          "t_statistic": NaN,
          "p_value": NaN,
          "is_significant": false,
          "n_overlapping_bins": 0
        },
        "short_vs_long": {
          "error": "No overlapping data found or insufficient data after binning for short vs long."
        },
        "medium_vs_long": {
          "categories": [
            "long",
            "medium"
          ],
          "t_statistic": 72.9999999999979,
          "p_value": 0.008720273366576783,
          "is_significant": true,
          "n_overlapping_bins": 2,
          "mean_long": 0.6910000000000001,
          "mean_medium": 0.545
        }
      }
    }
  }
}