model,scope,k,aic,rmse_to_llm,r2_to_llm,r2_to_truth,rmse_vs_truth,bias_vs_truth,aic_weight
EmpiricalLinear,overall,3.0,-697.1227385660894,0.09596780945325721,0.8307820171440105,0.7950438097799299,0.0953178305203606,-0.06954066666666706,0.9995922229767708
Equal,overall,0.0,-681.1139824132324,0.10327293496214524,0.8040395674290113,0.8481440917901807,0.08204638979006229,-0.03590506652148212,0.0003338609608242996
Bayes(range),overall,0.0,-678.0501243785849,0.10433305119574546,0.7999957763757792,0.896177668521556,0.06784049652517558,-0.03276753530429143,7.215348628602361e-05
Bayes(stimulus),overall,0.0,-670.6260860563294,0.10694717191101125,0.7898477909305713,0.8686795471027562,0.07629741342860812,-0.04594185670938138,1.7625761190715122e-06
LLM(Combined),overall,,,0.0,1.0,0.5908556008633861,0.13467343405438206,-0.06954066666666665,
