range_category,w_img_bayes,w_txt_bayes
short,0.2202760325138164,0.7797239674861836
medium,0.3063329979625727,0.6936670020374274
long,0.19794014655701353,0.8020598534429865
