model,scope,k,aic,rmse_to_llm,r2_to_llm,r2_to_truth,rmse_vs_truth,bias_vs_truth,aic_weight
Combo_NonOracle,overall,0.0,-44.12922649166233,0.8492161090977022,0.8268750985880269,0.8650567803879788,0.7535005635484726,-0.3982166820901699,0.8799042858157633
EmpiricalLinear,overall,2.0,-40.146178159799206,0.8491627936245166,0.826896836155635,0.8655094647595957,0.7522356445879582,-0.3954451127904062,0.12009570535133056
Combo_Oracle,overall,0.0,-7.295547252499682,0.973341243653033,0.7725670713236039,0.9004032886317183,0.6473371729180798,-1.7105658453483893e-16,8.832906070892317e-09
Equal,overall,0.0,30.48170050097547,1.1195145871616512,0.699127423641845,0.7059543835231636,1.1122832631490422,-0.6079325925925925,5.53195312885465e-17
LLM(Combined),overall,,,0.0,1.0,0.7990983894846077,0.9193899597463683,-0.4900599214772846,
