{
  "per_range": {
    "regression_effect": {
      "long": {
        "regression_angle": 38.42212962390279,
        "slope": 0.7932192932528075,
        "intercept": 0.10963632009659008,
        "r_squared": 0.5717110355850106,
        "p_value": 2.167033996581698e-10,
        "regression_strength": 0.2067807067471925,
        "regression_strength_angular": 0.14617489724660465
      },
      "medium": {
        "regression_angle": 32.027898248264776,
        "slope": 0.6255465964732695,
        "intercept": 0.15561011771321587,
        "r_squared": 0.24902084442730468,
        "p_value": 0.00022533264670313298,
        "regression_strength": 0.3744534035267305,
        "regression_strength_angular": 0.2882689278163383
      },
      "short": {
        "regression_angle": 30.115471381194048,
        "slope": 0.5800405442032702,
        "intercept": 0.06877503011491737,
        "r_squared": 0.41095549892244365,
        "p_value": 5.296901320935409e-07,
        "regression_strength": 0.4199594557967298,
        "regression_strength_angular": 0.33076730264013227
      }
    },
    "weber_law": {
      "long": {
        "mean_cv": 0.07337272725203349,
        "cv_magnitude_correlation": -0.3451695516477833,
        "bin_magnitudes": [
          0.5455462499999999,
          0.63481125,
          0.72407625,
          0.76870875,
          0.8133412499999999,
          0.85797375
        ],
        "coefficient_variations": [
          0.15209152610752924,
          0.026201060066690787,
          0.04094263851897669,
          0.10500997642166261,
          0.023984983248550924,
          0.0920061791487907
        ],
        "p_value": 0.5028077712350446
      },
      "medium": {
        "mean_cv": 0.12879675142379557,
        "cv_magnitude_correlation": -0.2911351260249793,
        "bin_magnitudes": [
          0.356935,
          0.468515,
          0.580095,
          0.635885,
          0.691675,
          0.747465
        ],
        "coefficient_variations": [
          0.2043639572268066,
          0.022132534264067333,
          0.2916289658409308,
          0.12464505443527878,
          0.04281905264594889,
          0.08719094412974111
        ],
        "p_value": 0.5756355683442187
      },
      "short": {
        "mean_cv": 0.14519426998637772,
        "cv_magnitude_correlation": 0.032069060940726424,
        "bin_magnitudes": [
          0.14554625,
          0.23481125,
          0.32407625,
          0.36870875000000003,
          0.41334125,
          0.45797374999999996
        ],
        "coefficient_variations": [
          0.08974711422660357,
          0.08570991287109668,
          0.3399671535825079,
          0.1795436166587951,
          0.13334286614371482,
          0.04285495643554832
        ],
        "p_value": 0.951912898895612
      }
    },
    "sequential_effect": [
      {
        "range_category": "long",
        "n_runs": 5,
        "N_total": 50,
        "r_resp_mean": 0.5723792918796388,
        "r_stim_mean": 0.23521755130669839,
        "r_resp_weighted": 0.5755304420025797,
        "r_stim_weighted": 0.23521755130669839
      },
      {
        "range_category": "medium",
        "n_runs": 5,
        "N_total": 50,
        "r_resp_mean": 0.7735946706836707,
        "r_stim_mean": 0.23520721737985428,
        "r_resp_weighted": 0.7757410658815903,
        "r_stim_weighted": 0.23520721737985426
      },
      {
        "range_category": "short",
        "n_runs": 5,
        "N_total": 50,
        "r_resp_mean": 0.42598209650315055,
        "r_stim_mean": 0.23521755130669836,
        "r_resp_weighted": 0.42848631213752253,
        "r_stim_weighted": 0.23521755130669833
      }
    ]
  },
  "overall": {
    "range_effect": {
      "range_analyses_by_category": {
        "short": {
          "slope": 0.5800405442032702,
          "regression_strength": 0.4199594557967298,
          "r_squared": 0.41095549892244365,
          "mean_stimulus_magnitude": 0.30805599999999994
        },
        "medium": {
          "slope": 0.6255465964732695,
          "regression_strength": 0.3744534035267305,
          "r_squared": 0.24902084442730468,
          "mean_stimulus_magnitude": 0.5600700000000001
        },
        "long": {
          "slope": 0.7932192932528075,
          "regression_strength": 0.2067807067471925,
          "r_squared": 0.5717110355850106,
          "mean_stimulus_magnitude": 0.7080560000000001
        }
      },
      "correlation_analysis": {
        "correlation_magnitude_regression": -0.8922178761556308,
        "p_value": 0.29829687762560836,
        "interpretation": "Regression strength decreases with stimulus magnitude (r=-0.892)"
      },
      "pairwise_comparison_on_overlap": {
        "short_vs_medium": {
          "categories": [
            "medium",
            "short"
          ],
          "error": "Insufficient data in common bins for t-test.",
          "t_statistic": NaN,
          "p_value": NaN,
          "is_significant": false,
          "n_overlapping_bins": 0
        },
        "short_vs_long": {
          "error": "No overlapping data found or insufficient data after binning for short vs long."
        },
        "medium_vs_long": {
          "categories": [
            "long",
            "medium"
          ],
          "t_statistic": 0.34108527131782973,
          "p_value": 0.7907360787482349,
          "is_significant": false,
          "n_overlapping_bins": 2,
          "mean_long": 0.7170000000000001,
          "mean_medium": 0.673
        }
      }
    }
  }
}