range_category,regression_angle,scalar_variability,short_vs_medium_t,medium_vs_long_t,response_autocorr,stimulus_autocorr
short,42.41587671124777,0.10566844627547456,,,0.24719614730593698,0.24718809267831102
medium,39.224675567974984,0.09166776923601197,,,-0.27331921457225833,0.217956842254054
long,41.45877435294627,0.045229170790762614,,,0.004316333385522826,0.21906490146470328
