model,scope,k,aic,rmse_to_llm,r2_to_llm,r2_to_truth,rmse_vs_truth,bias_vs_truth,aic_weight
Equal,overall,0.0,-853.3829716126224,0.05815694902001567,0.9373087667911633,0.9596699697971596,0.04228223180309842,-0.018795419817017735,0.8327624074881257
EmpiricalLinear,overall,2.0,-850.1710092100363,0.05800438327900066,0.9376372568193999,0.9664274612993429,0.03857764575101166,-0.017995402425735323,0.16712920151898775
Combo_NonOracle,overall,0.0,-835.4894542784672,0.06173125898694334,0.9293659917181182,0.9882628100454126,0.022810021562413036,-0.013981045995332474,0.00010839099225591735
Combo_Oracle,overall,0.0,-797.5643879715769,0.07004986313588112,0.909046761876761,0.9952034394394935,0.014581714650314527,3.256654205567126e-17,6.304776279738544e-13
LLM(Combined),overall,,,0.0,1.0,0.8901500184204894,0.06978203389289249,-0.036419470088376066,
