range_category,w_img_bayes,w_txt_bayes
short,0.6476554682222849,0.3523445317777151
medium,0.7895911923226737,0.21040880767732628
long,0.6936920357100075,0.3063079642899925
