range_category,regression_angle,scalar_variability,short_vs_medium_t,medium_vs_long_t,response_autocorr,stimulus_autocorr
short,29.3691970531936,0.8126196208443326,,,0.7276371244719306,0.23502816576403177
medium,29.432565122765286,0.3359781295400361,,-0.11433172302737521,0.5824473668436208,0.23525030686203605
long,21.763728939174047,0.7449267426848917,,,0.7638632832188053,0.23502816576403165
