range_category,regression_angle,scalar_variability,short_vs_medium_t,medium_vs_long_t,response_autocorr,stimulus_autocorr
short,35.72332185842417,0.13175446807861346,-0.14925239210385954,,0.06544182851068868,0.09934107071035803
medium,7.978797301907328,0.22116248571999497,,0.8248175182481751,-0.3094355562912288,0.09933723055793858
long,29.700225453199153,0.20334120345871287,,,0.08774931834719912,0.09934107071035804
