range_category,regression_angle,scalar_variability,short_vs_medium_t,medium_vs_long_t,response_autocorr,stimulus_autocorr
short,27.677304406564456,0.15412862155738033,,,-0.000862477484616538,0.23502816576403177
medium,-4.45988335761353,0.20143925031549112,,0.966907639881858,-0.32465193847865714,0.23525030686203605
long,32.87295686539518,0.28300800644340424,,,0.02662260201223357,0.23502816576403165
