range_category,regression_angle,scalar_variability,short_vs_medium_t,medium_vs_long_t,response_autocorr,stimulus_autocorr
short,4.064550839990743,0.32161360605553535,,,-0.19942716360889098,0.23502816576403177
medium,14.577337012502475,0.20658174027958418,,0.4054054054054052,0.05010934696602941,0.23525030686203605
long,48.650286945406584,0.26957153568417636,,,0.05761898494578223,0.23502816576403165
