range_category,regression_angle,scalar_variability,short_vs_medium_t,medium_vs_long_t,response_autocorr,stimulus_autocorr
short,12.141677545312053,0.10754195205045482,,,0.17799498239550068,0.23502816576403177
medium,5.309417641574621,0.05657000331553608,,18.111111111111203,-0.5452259977126912,0.23525030686203605
long,-0.9146556472964706,0.053042751754750074,,,-0.34613732582009826,0.23502816576403165
