model,scope,k,aic,rmse_to_llm,r2_to_llm,r2_to_truth,rmse_vs_truth,bias_vs_truth,aic_weight
Equal,overall,0.0,-734.5240219592129,0.08643060800434067,0.8366789584532754,0.7816581025652682,0.09838121216302768,-0.06436066666666666,0.6677876159574204
EmpiricalLinear,overall,2.0,-732.0135723496825,0.08600252913912801,0.8382927651784396,0.7522974676189007,0.10478734879477497,-0.06858739042586197,0.19032732975250885
Combo_NonOracle,overall,0.0,-731.426116099549,0.08732774506596698,0.8332708650047037,0.6923852862026839,0.11677427552220751,-0.07604346082525577,0.14188505429007078
Combo_Oracle,overall,0.0,-630.7347772722012,0.12215686791446546,0.6737558127080325,0.922202069623988,0.05872562547893578,-7.956598343146955e-17,1.9368243506346393e-23
LLM(Combined),overall,,,0.0,1.0,0.6755307369799769,0.11993071155185119,-0.06439399999999999,
