range_category,regression_angle,scalar_variability,short_vs_medium_t,medium_vs_long_t,response_autocorr,stimulus_autocorr
short,38.748274923144045,0.17027885953472097,,,0.20126245441789506,0.2589582904344863
medium,7.782352005075543,0.08907767635112904,,,0.2194697158697843,0.266322178416065
long,10.279837765850846,0.08900169714341433,,,-0.21254464845237334,0.303523318149793
