model,scope,k,aic,rmse_to_llm,r2_to_llm,r2_to_truth,rmse_vs_truth,bias_vs_truth,aic_weight
EmpiricalLinear,overall,3.0,-711.7208363011033,0.09140978149253813,0.6774260207262546,0.7595426423334282,0.10324665746468754,0.011002666666666933,0.9934184308060606
Equal,overall,0.0,-701.6726325164109,0.09643281072005527,0.6410006678178974,0.7392490070497644,0.10751522072076208,0.014324514707428576,0.006534200925115662
Bayes(range),overall,0.0,-691.7461478206008,0.09967698284742608,0.6164396046914673,0.8482191767317004,0.0820286222924274,0.011454974827656355,4.5675543180629184e-05
Bayes(stimulus),overall,0.0,-685.1557019042907,0.1018909312041508,0.5992116834472668,0.7204280543363923,0.11132783408527273,0.0185877704499999,1.6927256431124109e-06
LLM(Combined),overall,,,0.0,1.0,0.7166555318964052,0.11207644177078427,0.011002666666666662,
