range_category,w_img_bayes,w_txt_bayes
short,0.5654547674700656,0.4345452325299344
medium,0.880389983126971,0.11961001687302897
long,0.7464892041687395,0.25351079583126046
