range_category,regression_angle,scalar_variability,short_vs_medium_t,medium_vs_long_t,response_autocorr,stimulus_autocorr
short,40.904318911905605,0.09693749581043515,,,0.2561790962091651,0.24101711705289713
medium,39.227057665169255,0.05618247019854979,,,0.4714524133899463,0.20879350084609477
long,42.426551937781426,0.04664205651438856,,,0.2844318112323388,0.21148516965257916
