{
  "per_range": {
    "regression_effect": {
      "long": {
        "regression_angle": 16.93938403958685,
        "slope": 0.3045742192633561,
        "intercept": 4.024156882338284,
        "r_squared": 0.4806408123937936,
        "p_value": 1.826165792100409e-07,
        "regression_strength": 0.695425780736644,
        "regression_strength_angular": 0.6235692435647366
      },
      "medium": {
        "regression_angle": 31.284031264335397,
        "slope": 0.6076278566670886,
        "intercept": 1.7157881386771487,
        "r_squared": 0.5105075792772569,
        "p_value": 1.697224187922165e-08,
        "regression_strength": 0.39237214333291137,
        "regression_strength_angular": 0.30479930523699117
      },
      "short": {
        "regression_angle": 38.00699343766365,
        "slope": 0.7814822091665853,
        "intercept": 0.44160656478632054,
        "r_squared": 0.794846460791326,
        "p_value": 2.1866554168808207e-16,
        "regression_strength": 0.21851779083341472,
        "regression_strength_angular": 0.1554001458296966
      }
    },
    "weber_law": {
      "long": {
        "mean_cv": 0.05741309633678527,
        "cv_magnitude_correlation": -0.20454270724341528,
        "bin_magnitudes": [
          5.43633125,
          5.8685937500000005,
          7.16538125,
          7.59764375,
          8.02990625,
          8.46216875
        ],
        "coefficient_variations": [
          0.05685226720144918,
          0.09187416689903961,
          0.031145747008995705,
          0.02954786234235967,
          0.058979955462954155,
          0.07607857910591331
        ],
        "p_value": 0.6974647392982944
      },
      "medium": {
        "mean_cv": 0.05380388927319043,
        "cv_magnitude_correlation": -0.3640295821160684,
        "bin_magnitudes": [
          3.39370625,
          4.31933125,
          5.24495625,
          5.70776875,
          6.63339375
        ],
        "coefficient_variations": [
          0.10845007173306503,
          0.004950572563733162,
          0.05006570841643686,
          0.06421799926939255,
          0.04133509438332454
        ],
        "p_value": 0.5469538387795161
      },
      "short": {
        "mean_cv": 0.09687463979771263,
        "cv_magnitude_correlation": -0.7945012152342895,
        "bin_magnitudes": [
          1.47201875,
          3.2481687499999996,
          3.69220625,
          4.13624375,
          4.5802812500000005
        ],
        "coefficient_variations": [
          0.2664307186512202,
          0.033102421762456584,
          0.08884265785393149,
          0.0,
          0.09599740072095488
        ],
        "p_value": 0.10831430457300567
      }
    },
    "sequential_effect": [
      {
        "range_category": "long",
        "n_runs": 5,
        "N_total": 44,
        "r_resp_mean": 0.4155637460039462,
        "r_stim_mean": 0.3669070643793848,
        "r_resp_weighted": 0.4253135810927688,
        "r_stim_weighted": 0.3642860894836854
      },
      {
        "range_category": "medium",
        "n_runs": 5,
        "N_total": 47,
        "r_resp_mean": 0.03310800099111645,
        "r_stim_mean": 0.28676497988411886,
        "r_resp_weighted": 0.028051053539752714,
        "r_stim_weighted": 0.2834392332871105
      },
      {
        "range_category": "short",
        "n_runs": 5,
        "N_total": 45,
        "r_resp_mean": 0.045208064838012416,
        "r_stim_mean": 0.36419414019977264,
        "r_resp_weighted": 0.045285117639355894,
        "r_stim_weighted": 0.36419414019977264
      }
    ]
  },
  "overall": {
    "range_effect": {
      "range_analyses_by_category": {
        "short": {
          "slope": 0.7814822091665853,
          "regression_strength": 0.21851779083341472,
          "r_squared": 0.794846460791326,
          "mean_stimulus_magnitude": 3.1372777777777774
        },
        "medium": {
          "slope": 0.6076278566670886,
          "regression_strength": 0.39237214333291137,
          "r_squared": 0.5105075792772569,
          "mean_stimulus_magnitude": 5.077574468085106
        },
        "long": {
          "slope": 0.3045742192633561,
          "regression_strength": 0.695425780736644,
          "r_squared": 0.4806408123937936,
          "mean_stimulus_magnitude": 7.097620454545453
        }
      },
      "correlation_analysis": {
        "correlation_magnitude_regression": 0.9897175990231696,
        "p_value": 0.09137244048002875,
        "interpretation": "Regression strength increases with stimulus magnitude (r=0.990)"
      },
      "pairwise_comparison_on_overlap": {
        "short_vs_medium": {
          "categories": [
            "medium",
            "short"
          ],
          "error": "Insufficient data in common bins for t-test.",
          "t_statistic": NaN,
          "p_value": NaN,
          "is_significant": false,
          "n_overlapping_bins": 0
        },
        "short_vs_long": {
          "error": "No overlapping data found or insufficient data after binning for short vs long."
        },
        "medium_vs_long": {
          "error": "No overlapping data found or insufficient data after binning for medium vs long."
        }
      }
    }
  }
}