model,scope,k,aic,rmse_to_llm,r2_to_llm,r2_to_truth,rmse_vs_truth,bias_vs_truth,aic_weight
EmpiricalLinear,overall,3.0,286.70673806735215,2.5489694159996366,0.049376862372464414,-8.688908816562789,6.317857293751182,5.828309999999996,1.0
Equal,overall,0.0,406.29083557009034,3.8740589636925593,-1.1958950731558633,-2.354664724506239,3.7175510287239724,3.1919100000000005,1.0780605788225194e-26
Bayes(stimulus),overall,0.0,492.6159512181275,5.165764828644995,-2.904346862569249,-1.7871312066796032,3.3885280462656144,2.15492332906202,1.9381280980406206e-45
Bayes(range),overall,0.0,519.9977014750813,5.659444098526636,-3.6862632398151893,0.24970175057349586,1.7581233590501724,1.1279437253862254,2.1953863371038524e-51
LLM(Combined),overall,,,0.0,1.0,-11.407658989015552,7.149526858494437,5.828310000000001,
