range_category,w_img_bayes,w_txt_bayes
short,0.12006603413411142,0.8799339658658886
medium,0.0879128780014976,0.9120871219985024
long,0.15058732415589487,0.8494126758441052
