model,scope,k,aic,rmse_to_llm,r2_to_llm,r2_to_truth,rmse_vs_truth,bias_vs_truth,aic_weight
Combo_Oracle,overall,0.0,17.303393711263112,1.0637472701839925,0.66760357056961,0.7585098660388755,1.0009185912077434,7.359192620372467e-16,0.9911163976120514
Equal,overall,0.0,26.98681049863053,1.1011790463232831,0.6437988555100442,0.7498323628332151,1.0187429659086367,-0.07716058608222183,0.007823433998833968
EmpiricalLinear,overall,2.0,30.984208701431303,1.1011688140688278,0.6438054751852482,0.7498370631974254,1.0187333953552202,-0.07428429148785277,0.0010601649264939978
Combo_NonOracle,overall,0.0,56.24802738178571,1.2224851708111273,0.5609978652026673,0.6819683857565093,1.1486407156223026,-0.39598368335161027,3.462620612494122e-09
LLM(Combined),overall,,,0.0,1.0,0.8131353562276863,0.8804660779765526,0.19457666850162533,
