model,scope,k,aic,rmse_to_llm,r2_to_llm,r2_to_truth,rmse_vs_truth,bias_vs_truth,aic_weight
EmpiricalLinear,overall,3.0,-799.7101248058212,0.06817342750200511,0.6657486678519405,-0.9259812248543611,0.2922018693235002,-0.2530566666666667,1.0
Bayes(stimulus),overall,0.0,-578.7669874937753,0.14526098009206406,-0.5175423804809234,0.21543886751589447,0.18649636009090642,-0.13705979051084938,1.0539192219765126e-48
Equal,overall,0.0,-515.1603936093368,0.17956800011880364,-1.3190001678107088,0.46969872671273327,0.1533268806613287,-0.09805666666666665,1.6248413291083211e-62
Bayes(range),overall,0.0,-499.12265882146767,0.18942877245144302,-1.5806836967272528,0.5204730878920688,0.14580199224791895,-0.0893658233586996,5.34885834902171e-66
LLM(Combined),overall,,,0.0,1.0,-0.9302869495866544,0.2925283103108711,-0.25305666666666665,
