range_category,w_img_bayes,w_txt_bayes
short,0.46469067670492736,0.5353093232950726
medium,0.4045262451315665,0.5954737548684335
long,0.3785555346590415,0.6214444653409585
