model,scope,k,aic,rmse_to_llm,r2_to_llm,r2_to_truth,rmse_vs_truth,bias_vs_truth,aic_weight
Combo_NonOracle,overall,0.0,8.387120598781975,1.0315509120688868,0.6633648712851585,0.7872853320695797,0.9498067174453927,-0.526468743306383,0.8805730732646999
EmpiricalLinear,overall,2.0,12.38285729498344,1.0315346239940675,0.6633755020641343,0.787861348063614,0.9485198415858069,-0.5256570633800868,0.11942691174239617
Combo_Oracle,overall,0.0,44.164133498436364,1.177708810339876,0.5612128032681227,0.8535731561091824,0.788037470914169,-4.473787595526556e-16,1.499290401158383e-08
Equal,overall,0.0,131.84119520979866,1.629544817901321,0.1599392031308532,0.5362608469261558,1.402404833733892,-0.3490227037037036,1.3710513324462752e-27
LLM(Combined),overall,,,0.0,1.0,0.6479734508516757,1.2218678195456836,-0.7220282722997037,
