model,scope,k,aic,rmse_to_llm,r2_to_llm,r2_to_truth,rmse_vs_truth,bias_vs_truth,aic_weight
EmpiricalLinear,overall,3.0,-787.1920903129628,0.07107826859901754,0.9026888964574831,0.7329701246012313,0.10879866231971207,-0.07098066666666654,0.9999999980737695
Equal,overall,0.0,-747.05654687154,0.08289434037777649,0.8676455714628062,0.8357108384587594,0.08533910537770281,-0.028630666666666662,1.926093992890131e-09
Bayes(range),overall,0.0,-727.9416825475486,0.08834795074497545,0.8496575310946872,0.8773133875510887,0.07374663638676869,-0.03659997240100744,1.3612485421349787e-13
Bayes(stimulus),overall,0.0,-716.0412449145244,0.09192298705027865,0.8372440127132409,0.8151778323770522,0.0905150214968067,-0.026486824592848433,3.5464205064456164e-16
LLM(Combined),overall,,,0.0,1.0,0.6249913093588182,0.1289330615991621,-0.07098066666666665,
