range_category,w_img_bayes,w_txt_bayes
short,0.16281358527489953,0.8371864147251005
medium,0.34979159109104313,0.6502084089089568
long,0.186918944368726,0.813081055631274
