{
  "per_range": {
    "regression_effect": {
      "long": {
        "regression_angle": 6.742937325825752,
        "slope": 0.118232807752282,
        "intercept": 8.425631075692145,
        "r_squared": 0.0029129736930174894,
        "p_value": 0.7097005840165629,
        "regression_strength": 0.881767192247718,
        "regression_strength_angular": 0.8501569483149833
      },
      "medium": {
        "regression_angle": -1.3154052247335442,
        "slope": -0.022962186589536488,
        "intercept": 10.715690384694062,
        "r_squared": 0.0002901108259969436,
        "p_value": 0.9065421715266461,
        "regression_strength": 1.0229621865895364,
        "regression_strength_angular": 1.0292312272163011
      },
      "short": {
        "regression_angle": 39.37443293521202,
        "slope": 0.8206622279512734,
        "intercept": 6.440755712502021,
        "r_squared": 0.1789827740659952,
        "p_value": 0.0022060528482776153,
        "regression_strength": 0.17933777204872658,
        "regression_strength_angular": 0.1250126014397329
      }
    },
    "weber_law": {
      "long": {
        "mean_cv": 0.14262233644498568,
        "cv_magnitude_correlation": -0.12174826732997238,
        "bin_magnitudes": [
          5.43633125,
          5.8685937500000005,
          6.300856250000001,
          7.16538125,
          7.59764375,
          8.02990625,
          8.46216875
        ],
        "coefficient_variations": [
          0.23359499819494645,
          0.10101525445522108,
          0.06338333534349058,
          0.12656988551885603,
          0.24164230478169096,
          0.13434297726620067,
          0.09780759955449395
        ],
        "p_value": 0.7948421283759547
      },
      "medium": {
        "mean_cv": 0.09073231744396916,
        "cv_magnitude_correlation": 0.34212855568120804,
        "bin_magnitudes": [
          3.39370625,
          4.31933125,
          5.24495625,
          5.70776875,
          6.63339375
        ],
        "coefficient_variations": [
          0.11299145840584802,
          0.0,
          0.0912320115607113,
          0.13980586483990778,
          0.10963225241337864
        ],
        "p_value": 0.5730424192465216
      },
      "short": {
        "mean_cv": 0.13810777999674384,
        "cv_magnitude_correlation": -0.23927900244901046,
        "bin_magnitudes": [
          1.47201875,
          2.36009375,
          3.2481687499999996,
          3.69220625,
          4.13624375,
          4.5802812500000005
        ],
        "coefficient_variations": [
          0.2253602453414852,
          0.043470044246441755,
          0.18257418583505539,
          0.13733700902029003,
          0.07856742013183862,
          0.16133777540535213
        ],
        "p_value": 0.6479313890921665
      }
    },
    "sequential_effect": [
      {
        "range_category": "long",
        "n_runs": 5,
        "N_total": 50,
        "r_resp_mean": 0.5470277120587582,
        "r_stim_mean": 0.2190649014647032,
        "r_resp_weighted": 0.5503186906333472,
        "r_stim_weighted": 0.21906490146470325
      },
      {
        "range_category": "medium",
        "n_runs": 5,
        "N_total": 50,
        "r_resp_mean": -0.4194987796757689,
        "r_stim_mean": 0.217956842254054,
        "r_resp_weighted": -0.4489853069375927,
        "r_stim_weighted": 0.217956842254054
      },
      {
        "range_category": "short",
        "n_runs": 5,
        "N_total": 50,
        "r_resp_mean": 0.1719833291968877,
        "r_stim_mean": 0.24718809267831113,
        "r_resp_weighted": 0.18070895817610233,
        "r_stim_weighted": 0.24718809267831113
      }
    ]
  },
  "overall": {
    "range_effect": {
      "range_analyses_by_category": {
        "short": {
          "slope": 0.8206622279512734,
          "regression_strength": 0.17933777204872658,
          "r_squared": 0.1789827740659952,
          "mean_stimulus_magnitude": 3.0697699999999997
        },
        "medium": {
          "slope": -0.022962186589536488,
          "regression_strength": 1.0229621865895364,
          "r_squared": 0.0002901108259969436,
          "mean_stimulus_magnitude": 5.0383
        },
        "long": {
          "slope": 0.118232807752282,
          "regression_strength": 0.881767192247718,
          "r_squared": 0.0029129736930174894,
          "mean_stimulus_magnitude": 7.0569999999999995
        }
      },
      "correlation_analysis": {
        "correlation_magnitude_regression": 0.7726795868471487,
        "p_value": 0.4378319223148248,
        "interpretation": "Regression strength increases with stimulus magnitude (r=0.773)"
      },
      "pairwise_comparison_on_overlap": {
        "short_vs_medium": {
          "error": "No overlapping data found or insufficient data after binning for short vs medium."
        },
        "short_vs_long": {
          "error": "No overlapping data found or insufficient data after binning for short vs long."
        },
        "medium_vs_long": {
          "error": "No overlapping data found or insufficient data after binning for medium vs long."
        }
      }
    }
  }
}