model,scope,k,aic,rmse_to_llm,r2_to_llm,r2_to_truth,rmse_vs_truth,bias_vs_truth,aic_weight
EmpiricalLinear,overall,3.0,-134.35763877980057,0.5946138316419427,0.8835285561036288,0.8681201974699666,0.7478692242229854,-0.05689333333333727,1.0
Bayes(range),overall,0.0,-51.11674746764714,0.8275205924389571,0.7744166383075157,0.8058886058086236,0.9073232341890572,-0.5725149361736178,8.403691812712476e-19
Equal,overall,0.0,3.6254397690905216,1.0135181091668797,0.6616139346716151,0.7369634190570848,1.0561961816677579,-0.752651816915653,1.0898210575467701e-30
Bayes(stimulus),overall,0.0,47.4080253844309,1.191943632318047,0.5319838060485269,0.6221085330836651,1.2659602235962137,-0.8305581496402531,3.3891245311647382e-40
LLM(Combined),overall,,,0.0,1.0,0.8553544583810206,0.7832295128362935,-0.05689333333333328,
