range_category,w_img_bayes,w_txt_bayes
short,0.728288249215736,0.271711750784264
medium,0.636566320813152,0.363433679186848
long,0.6774396825623722,0.3225603174376278
