model,scope,k,aic,rmse_to_llm,r2_to_llm,r2_to_truth,rmse_vs_truth,bias_vs_truth,aic_weight
EmpiricalLinear,overall,2.0,-755.9345368832077,0.06371176731000244,0.8325042835625369,0.48491588525599416,0.15221728299723283,-0.09902106461922683,0.9851876671027687
Combo_NonOracle,overall,0.0,-747.5397928624681,0.06663818546013361,0.8167640323184737,0.5251045726655823,0.14615843410444626,-0.0883071462482425,0.014812332897231216
Equal,overall,0.0,-675.3709278427821,0.08655319218910994,0.690877526357951,0.5546026877156305,0.1415463528249758,-0.06688331521739128,3.1575740362144487e-18
Combo_Oracle,overall,0.0,-578.5284642124313,0.12293277423093277,0.3764091051727029,0.7692072832059571,0.10189102643877736,-1.4159366111161416e-16,2.953110909786684e-39
LLM(Combined),overall,,,0.0,1.0,0.5677445911189463,0.1394424824336055,-0.10095260869565216,
