model,scope,k,aic,rmse_to_llm,r2_to_llm,r2_to_truth,rmse_vs_truth,bias_vs_truth,aic_weight
Combo_Oracle,overall,0.0,-568.2105763009333,0.1504634239806746,0.08012524727249881,0.03561900071987578,0.20676702920524415,-2.7237471537470505e-16,0.9999303880109383
Combo_NonOracle,overall,0.0,-548.780970606751,0.16053072815752972,-0.04708796865513176,-0.07339067733108706,0.21814028433357155,0.018823751651250914,6.0378802808237894e-05
EmpiricalLinear,overall,2.0,-545.0253019523127,0.16040003908775996,-0.045383780904800775,-0.081725470211649,0.21898556756019888,0.023232842827431217,9.233182320785705e-06
Equal,overall,0.0,-515.6873698175401,0.17925285011469547,-0.3055663787891403,-0.11149339476590892,0.2219782424437146,-0.031246222222444463,3.932786704917862e-12
LLM(Combined),overall,,,0.0,1.0,-0.14270192043449392,0.22507302296514053,0.02494333333333334,
