model,scope,k,aic,rmse_to_llm,r2_to_llm,r2_to_truth,rmse_vs_truth,bias_vs_truth,aic_weight
Combo_NonOracle,overall,0.0,-430.3531796636605,0.2382319264592652,0.00010215079231779001,0.1451111403044122,0.19466974412459156,-0.06292410255388298,0.847994039257724
EmpiricalLinear,overall,2.0,-426.8179603324588,0.2378631269041694,0.0031955770422175123,0.14124282638344177,0.19510968068867945,-0.0613391175436765,0.14478703533866358
Equal,overall,0.0,-420.8203972155015,0.24592352696039793,-0.06550591825330287,0.016378750841958722,0.20881302279310815,-0.05386965656565657,0.007217310542790608
Combo_Oracle,overall,0.0,-404.0104194414628,0.26009680296978865,-0.1918613508466831,0.28587665721151123,0.1779222425409953,2.3684757858670006e-16,1.6148608217422233e-06
LLM(Combined),overall,,,0.0,1.0,-0.45840854063229486,0.2542630361915261,-0.1395273333333333,
