model,scope,k,aic,rmse_to_llm,r2_to_llm,r2_to_truth,rmse_vs_truth,bias_vs_truth,aic_weight
EmpiricalLinear,overall,3.0,54.10444773853583,1.1739195106451437,0.6126382730111721,0.44679425211541113,1.509648081732214,-1.2847037287525351,0.9976719992250874
Equal,overall,0.0,66.22538901179455,1.2470132556901317,0.5628985904281163,0.6070162341721712,1.2723883457210436,-0.9874423026337286,0.002327870561448628
Bayes(stimulus),overall,0.0,85.8080003053636,1.331127952878931,0.5019422826270185,0.7127970936845114,1.0877442413595657,-0.7334701774801705,1.3021134208271618e-07
Bayes(range),overall,0.0,107.85721102751408,1.432647364773718,0.4230759049607392,0.808680133748539,0.8877944216717527,-0.5346855987511797,2.121893301023383e-12
LLM(Combined),overall,,,0.0,1.0,0.23434466228796547,1.77602483665393,-1.2847037287525382,
