range_category,w_img_bayes,w_txt_bayes
short,0.7447653113843589,0.25523468861564114
medium,0.8356617012454157,0.16433829875458428
long,0.6914971812283294,0.30850281877167063
