model,scope,k,aic,rmse_to_llm,r2_to_llm,r2_to_truth,rmse_vs_truth,bias_vs_truth,aic_weight
Equal,overall,0.0,-1428.0689745130444,0.09253993873142918,0.8544065638661529,0.7700592490267225,0.10083694425697029,-0.053494249999999986,0.8683563223564813
EmpiricalLinear,overall,2.0,-1424.295942095519,0.09250493940797526,0.8545166721766303,0.7729509358576847,0.1002008860272439,-0.053328220091917726,0.1316419755644425
Combo_NonOracle,overall,0.0,-1401.783960654553,0.09668407244096541,0.8410746228233199,0.7854034462056223,0.09741438103716127,-0.05149374869501346,1.7020790761389262e-06
Combo_Oracle,overall,0.0,-1323.5599349279667,0.11014768476084337,0.7937309223640445,0.8676289942037272,0.07650822706407298,4.144832625267251e-17,1.757309958954823e-23
LLM(Combined),overall,,,0.0,1.0,0.6738409632910973,0.12009541068111915,-0.04727133333333333,
