model,scope,k,aic,rmse_to_llm,r2_to_llm,r2_to_truth,rmse_vs_truth,bias_vs_truth,aic_weight
EmpiricalLinear,overall,2.0,-737.5247483913827,0.06943562531263299,0.8169240519719536,0.45919075891198013,0.15543692285339888,-0.10329079634786884,0.9998223397118093
Combo_NonOracle,overall,0.0,-720.2538290945715,0.0749569663636231,0.7866510091286198,0.4318025099472126,0.15932421725984336,-0.10367970975447566,0.00017766028819060298
Equal,overall,0.0,-653.738165968993,0.0952189657813475,0.6557186399081267,0.34214213859229925,0.1714344792228561,-0.10418825539568345,6.3958406433982415e-19
Combo_Oracle,overall,0.0,-566.7671130104221,0.1301938712186273,0.35635311607078035,0.7608605615305263,0.10336124709363917,-1.7252386569714664e-16,8.324792971107181e-38
LLM(Combined),overall,,,0.0,1.0,0.5178601195014969,0.1467637047171478,-0.10883978417266187,
