model,scope,k,aic,rmse_to_llm,r2_to_llm,r2_to_truth,rmse_vs_truth,bias_vs_truth,aic_weight
EmpiricalLinear,overall,2.0,351.55792197700424,3.185236073195672,0.29433468985765254,-2.6187044117378284,3.861081177064793,2.664343467410165,0.9999999828603224
Equal,overall,0.0,387.3216614220269,3.6366837356314967,0.08012972337291913,-0.1883646395213019,2.212622059343218,1.2978842198341192,1.7139677498949604e-08
Combo_Oracle,overall,0.0,473.7645951318433,4.851147704735238,-0.6368335317786662,0.7760589226329808,0.9605041799921636,2.1789977229976404e-15,2.90507996406127e-27
Combo_NonOracle,overall,0.0,495.0962966094131,5.208651477131236,-0.8869748634070496,0.7214865441616183,1.071162767472106,-0.5446126218605775,6.777007565246383e-32
LLM(Combined),overall,,,0.0,1.0,-4.213681780220921,4.634518687738781,3.8438566666666665,
