model,scope,k,aic,rmse_to_llm,r2_to_llm,r2_to_truth,rmse_vs_truth,bias_vs_truth,aic_weight
EmpiricalLinear,overall,2.0,-505.4961238327776,0.18299061478369444,-0.025866348910749792,-0.4825087236871777,0.2563631470162221,-0.08565092596666588,0.8024756364964828
Equal,overall,0.0,-502.69243883689836,0.18718806677998123,-0.07346890725391941,-0.39006601375506866,0.248241666439353,-0.10539005821232805,0.19752378295128178
Combo_Oracle,overall,0.0,-476.9780060978562,0.2039405626796348,-0.27420814842754604,0.1297543652717148,0.19641646569643362,-7.105427357601002e-17,5.149929367602095e-07
Combo_NonOracle,overall,0.0,-472.8556098383901,0.20676231831252312,-0.30971239505039483,-0.38018129479698337,0.24735747213321313,-0.13385173746485704,6.555929863843087e-08
LLM(Combined),overall,,,0.0,1.0,-0.9762766261948039,0.2959925856239795,-0.053794349206349186,
