{
    "Basic Single-Stage": {
        "model_name": "bayes_basic_single",
        "params": {
            "w_p": 0.31184522898523226,
            "delta": -0.0199333376972934
        },
        "steady_state_weight": null,
        "mode": "single",
        "model_type": "basic",
        "r_squared": 0.8144697383970896,
        "aic": -153.81901844687653,
        "bic": -151.0166236835522,
        "n_params": 2,
        "mse": 0.005191012208229423,
        "rmse": 0.07204867943432013,
        "predictions": [
            0.6531432092476137,
            0.8114188065810104,
            0.7494848771896813,
            0.7150771386389428,
            0.5912092798562847,
            0.6531432092476137,
            0.8114188065810104,
            0.7494848771896813,
            0.7150771386389428,
            0.5912092798562847,
            0.49938011382731845,
            0.6989449974216011,
            0.6232479726099767,
            0.5750771386389428,
            0.42368308901569396,
            0.49938011382731845,
            0.6989449974216011,
            0.6232479726099767,
            0.5750771386389428,
            0.42368308901569396,
            0.2531432092476138,
            0.4114188065810104,
            0.3494848771896813,
            0.3150771386389429,
            0.19120927985628472,
            0.2531432092476138,
            0.4114188065810104,
            0.3494848771896813,
            0.3150771386389429,
            0.19120927985628472
        ],
        "converged": true,
        "confidence_intervals": {
            "w_p": [
                -11.153999268587002,
                11.777689726557467
            ],
            "delta": [
                -1.4058626289638836,
                1.3659959535692967
            ]
        }
    },
    "Basic Two-Stage": {
        "model_name": "bayes_basic_sequential",
        "params": {
            "r_div_q": 0.5285613838135391,
            "delta": -0.021453930296490075
        },
        "steady_state_weight": 0.7816303508188712,
        "mode": "sequential",
        "model_type": "basic",
        "r_squared": 0.782029399185518,
        "aic": -148.98561267950504,
        "bic": -146.18321791618072,
        "n_params": 2,
        "mse": 0.006098671128297104,
        "rmse": 0.07809398906636224,
        "predictions": [
            0.6285460697035099,
            0.8173227689726353,
            0.7775785254506878,
            0.7294897374693462,
            0.5739452943903806,
            0.6184235678648744,
            0.8140294751843249,
            0.7769782920348165,
            0.7293788885047267,
            0.5739247916641702,
            0.46854606970351,
            0.7065688644341462,
            0.6592907148637001,
            0.593514828148659,
            0.4021071470197542,
            0.4562288798254101,
            0.7024991284342287,
            0.6585484910671292,
            0.5933778132127132,
            0.4020818043498831,
            0.22854606970350994,
            0.41732276897263526,
            0.3775785254506878,
            0.32948973746934623,
            0.1739452943903805,
            0.2184235678648744,
            0.4140294751843248,
            0.37697829203481653,
            0.3293788885047268,
            0.1739247916641702
        ],
        "converged": true,
        "confidence_intervals": {
            "r_div_q": [
                -25.25505080379881,
                26.312173571425888
            ],
            "delta": [
                -2.627970822693962,
                2.5850629621009817
            ]
        }
    },
    "Weber Single-Stage": {
        "model_name": "bayes_weber_single",
        "params": {
            "w_p": 0.24619899604085208,
            "delta": -0.044117605056744225
        },
        "steady_state_weight": null,
        "mode": "single",
        "model_type": "weber",
        "r_squared": 0.8217518196313413,
        "aic": -155.02001698539107,
        "bic": -152.21762222206675,
        "n_params": 2,
        "mse": 0.004987264462380689,
        "rmse": 0.07062056685117084,
        "predictions": [
            0.6367795003070867,
            0.8001403346994159,
            0.7376432557801075,
            0.7021694248769644,
            0.569113719539263,
            0.6367795003070867,
            0.8001403346994159,
            0.7376432557801075,
            0.7021694248769644,
            0.569113719539263,
            0.4859172390898403,
            0.6898483531854832,
            0.6151596381982595,
            0.566060703475167,
            0.40117445449088557,
            0.4859172390898403,
            0.6898483531854832,
            0.6151596381982595,
            0.566060703475167,
            0.40117445449088557,
            0.2507672499508326,
            0.41003753415105443,
            0.3506294226369,
            0.3161786873667885,
            0.17913033209692056,
            0.2507672499508326,
            0.41003753415105443,
            0.3506294226369,
            0.3161786873667885,
            0.17913033209692056
        ],
        "converged": true,
        "confidence_intervals": {
            "w_p": [
                -12.353970448568653,
                12.846368440650355
            ],
            "delta": [
                -2.7276253930758894,
                2.639390182962401
            ]
        }
    },
    "Weber Two-Stage": {
        "model_name": "bayes_weber_sequential",
        "params": {
            "r_div_q": 0.35345877573132595,
            "delta": -0.058393968307757095
        },
        "steady_state_weight": 0.8889417464385884,
        "mode": "sequential",
        "model_type": "weber",
        "r_squared": 0.802336273140622,
        "aic": -151.91889612641847,
        "bic": -149.11650136309416,
        "n_params": 2,
        "mse": 0.005530498423202038,
        "rmse": 0.07436732093602699,
        "predictions": [
            0.613130807394617,
            0.8053249204352494,
            0.751051752232289,
            0.7032057054113032,
            0.5437190901923306,
            0.6057373280451774,
            0.8040907194598514,
            0.7509360512101882,
            0.7031947713117718,
            0.5437182366742853,
            0.4622062869967427,
            0.7023492832946632,
            0.6387673666973765,
            0.5729246428051505,
            0.37582843561103735,
            0.452651022937434,
            0.7005373974259823,
            0.6386014786557638,
            0.5729096242516792,
            0.37582744097911014,
            0.23581950639993113,
            0.4241924826300131,
            0.3732071691111023,
            0.32566123359867993,
            0.1631122039512537,
            0.22720302109895707,
            0.4223202937860728,
            0.373041065567624,
            0.325646600151006,
            0.16311146397566034
        ],
        "converged": true,
        "confidence_intervals": {
            "r_div_q": [
                -78.31131791221136,
                79.01823546367402
            ],
            "delta": [
                -2.6404718165630574,
                2.523683879947543
            ]
        }
    },
    "Linear Regression": {
        "model_name": "linear",
        "params": {
            "slope": 0.7539070917041634,
            "intercept": 0.11394120877960165
        },
        "steady_state_weight": null,
        "mode": "linear",
        "model_type": "linear",
        "log_likelihood": null,
        "r_squared": 0.8547646879183562,
        "aic": -161.16329743012267,
        "bic": -158.36090266679835,
        "n_params": 2,
        "mse": 0.0040635865630127286,
        "rmse": 0.06374626705159078,