model,scope,k,aic,rmse_to_llm,r2_to_llm,r2_to_truth,rmse_vs_truth,bias_vs_truth,aic_weight
EmpiricalLinear,overall,3.0,-232.90342414229855,0.450974380471238,0.9481486868246803,0.9517709228358179,0.44574538311210105,-0.15495666666666555,0.9999991843677083
Bayes(range),overall,0.0,-204.8646533181489,0.505158934353498,0.9349402941637776,0.9585401433356437,0.41328179560262857,0.014972147553999927,8.15563764136308e-07
Equal,overall,0.0,-186.0958586831274,0.5377725762346012,0.9262684571705033,0.9493470116899125,0.4568092753910908,0.06778500000000004,6.852766762885903e-11
Bayes(stimulus),overall,0.0,-140.3013583520162,0.6264594731123226,0.8999442664680163,0.9212355237914818,0.5696361889441013,0.03245038193199228,7.79321311995336e-21
LLM(Combined),overall,,,0.0,1.0,0.927577433251373,0.5462221834259998,-0.1549566666666666,
