range_category,w_img_bayes,w_txt_bayes
short,0.587430368014824,0.41256963198517604
medium,0.7333540557673058,0.26664594423269417
long,0.6903144701786332,0.30968552982136677
