model,scope,k,aic,rmse_to_llm,r2_to_llm,r2_to_truth,rmse_vs_truth,bias_vs_truth,aic_weight
Equal,overall,0.0,-938.6804977439484,0.04376438182622908,0.952811028632132,0.9390154385999934,0.05199404210686158,-0.02042875315035107,0.879464087722459
EmpiricalLinear,overall,2.0,-934.7057677512254,0.04376069556065854,0.9528189777335369,0.940248872138314,0.051465557651616506,-0.020321839785450952,0.12053591211443677
Combo_NonOracle,overall,0.0,-893.8641195955254,0.0508158449019495,0.9363794798429422,0.9809561034875169,0.029055043874501037,-0.015459945238963817,1.6310423802021522e-10
Combo_Oracle,overall,0.0,-805.909179956345,0.06812820826594698,0.8856456081608824,0.9951657272234706,0.014638925656115838,9.25185853854297e-18,1.29805404530069e-29
LLM(Combined),overall,,,0.0,1.0,0.8888798487631282,0.07018431104836274,-0.03616853333333333,
