model,scope,k,aic,rmse_to_llm,r2_to_llm,r2_to_truth,rmse_vs_truth,bias_vs_truth,aic_weight
EmpiricalLinear,overall,3.0,-987.9080425898286,0.036405813374163286,0.9722759877564568,0.9405073584029807,0.051355692742333064,-0.02045666666666658,0.9999971298715018
Bayes(range),overall,0.0,-961.4802061214234,0.04056157777374373,0.9655852764741815,0.9529377629435061,0.04567654528596521,-0.0069035860993578195,1.825017276616934e-06
Bayes(stimulus),overall,0.0,-960.3651016112859,0.040712626319161865,0.9653284830622301,0.9453431758052199,0.04922425616763751,-0.004826017550143381,1.0450212274506027e-06
Equal,overall,0.0,-941.6454972743452,0.04333397435423311,0.9607199846342985,0.9477464637500359,0.04812988330202626,-0.0029566666666666743,8.999423277994688e-11
LLM(Combined),overall,,,0.0,1.0,0.9294854710987557,0.05591087252642966,-0.020456666666666668,
