{
  "empirical_linear": {
    "a_txt": 0.7174945191086884,
    "a_img": 0.2911746167032256,
    "intercept": -0.014426340593106787,
    "w_txt_norm": 0.711327920756841,
    "w_img_norm": 0.2886720792431591
  }
}