range_category,w_img_bayes,w_txt_bayes
short,0.45830321201016455,0.5416967879898354
medium,0.4128696861693359,0.587130313830664
long,0.24557469782564612,0.7544253021743539
