model,scope,k,aic,rmse_to_llm,r2_to_llm,r2_to_truth,rmse_vs_truth,bias_vs_truth,aic_weight
EmpiricalLinear,overall,2.0,-704.2283673334455,0.09434837555857709,0.7862673111127951,0.6629004759842535,0.122242633894952,-0.037286439548929615,0.843167492553434
Combo_NonOracle,overall,0.0,-700.8643923595665,0.09669296390668447,0.7755126667878547,0.6921094005656347,0.11682662855319492,-0.03428948238460621,0.15683246561964545
Combo_Oracle,overall,0.0,-670.5900952937086,0.10696000304825837,0.7253086975793659,0.7110219888091535,0.11318165186880856,-1.7763568394002505e-17,4.182692047210263e-08
Equal,overall,0.0,-594.3596793010646,0.137903801011188,0.5433803796035828,0.6215292091790021,0.12952685271144873,-0.023043999999999995,1.1701226369865543e-24
LLM(Combined),overall,,,0.0,1.0,0.6763286207216386,0.11978316342458149,-0.039594,
