model,scope,k,aic,rmse_to_llm,r2_to_llm,r2_to_truth,rmse_vs_truth,bias_vs_truth,aic_weight
EmpiricalLinear,overall,2.0,330.688278764778,2.9711851963287086,-0.6781705268015614,-4.109647886144415,4.588047063722271,3.660454633671326,0.9999998623632914
Equal,overall,0.0,362.28557482826363,3.345508107896318,-1.1276530866570496,-1.50319717929932,3.211292817594393,2.5964766666666668,1.3763670860415147e-07
Combo_NonOracle,overall,0.0,450.0773114197106,4.4828441716515295,-2.8201809054515934,0.09802545488786363,1.9276559282307948,1.3377873916030416,1.1885046885514706e-26
Combo_Oracle,overall,0.0,519.2550957146361,5.64545230368851,-5.058625793266682,0.5311857516520058,1.38973750743101,8.526512829121202e-16,1.130409775517535e-41
LLM(Combined),overall,,,0.0,1.0,-7.064109104376852,5.763822195412809,5.1016433333333335,
