model,scope,k,aic,rmse_to_llm,r2_to_llm,r2_to_truth,rmse_vs_truth,bias_vs_truth,aic_weight
EmpiricalLinear,overall,2.0,-648.0292550122756,0.11049317360702825,0.467696108846007,0.19966273026753534,0.18884267198780258,0.08067762636225284,0.9992087859541411
Combo_NonOracle,overall,0.0,-633.7469539414766,0.11753289741373203,0.3977072567810662,0.2508069616157702,0.1827092280280434,0.05646787686797036,0.0007912140162601355
Equal,overall,0.0,-599.3495015897864,0.13201636361595429,0.24012128871103322,0.2397081677765377,0.18405761005594287,0.03702222839064945,2.6852337568993825e-11
Combo_Oracle,overall,0.0,-594.7894893470733,0.13406588100974684,0.21634433296067612,0.32196040233204326,0.1738165577012194,-2.9405907138720363e-16,2.7465532340192313e-12
LLM(Combined),overall,,,0.0,1.0,0.2531389272431641,0.18242465270081332,0.07690850905850385,
