model,scope,k,aic,rmse_to_llm,r2_to_llm,r2_to_truth,rmse_vs_truth,bias_vs_truth,aic_weight
EmpiricalLinear,overall,2.0,-664.7419011298892,0.10762097982480219,-1.0269191220597618,0.2843573035632284,0.17811141376638995,0.004659377954135842,0.6956013516142489
Combo_NonOracle,overall,0.0,-661.4330230536505,0.11027514219285049,-1.1281282131475465,0.266366414216325,0.18033633190907938,-0.007066927052173888,0.13299847838606932
Combo_Oracle,overall,0.0,-660.8065384805543,0.1105056683955427,-1.137035063516144,0.29010341703651854,0.17739491719371087,-4.144832625267251e-17,0.0972315649372633
Equal,overall,0.0,-660.2650295752898,0.11070531453668639,-1.1447638292262354,0.26383108801513877,0.18064767063725637,-0.00799399999999999,0.0741686050624185
LLM(Combined),overall,,,0.0,1.0,0.03375624143064293,0.20696026890847108,-0.01919399999999996,
