model,scope,k,aic,rmse_to_llm,r2_to_llm,r2_to_truth,rmse_vs_truth,bias_vs_truth,aic_weight
EmpiricalLinear,overall,3.0,-182.69092776234066,0.5331407815474636,0.9244817698263785,0.8706933096752996,0.7298655672589944,-0.38055666666666915,0.999999608263981
Bayes(range),overall,0.0,-153.18557253837423,0.600124242043642,0.9043135735020639,0.8455832133988507,0.7975898762448753,-0.5522783543232695,3.917358784469906e-07
Equal,overall,0.0,-123.50398434198547,0.6625362883143332,0.8833761604132394,0.8265890389841738,0.8452217225872352,-0.5882233333333333,1.405136016516967e-13
Bayes(stimulus),overall,0.0,-64.5900524031625,0.8062993731932533,0.8272728372881062,0.830908157006984,0.8346294531591111,-0.4859554663401467,2.2631877912340052e-26
LLM(Combined),overall,,,0.0,1.0,0.8505604892140203,0.7846303378024584,-0.3805566666666666,
