{
  "empirical_linear": {
    "a_txt": 0.20895327731930297,
    "a_img": 0.8276448334579645,
    "intercept": -0.04560254240082506,
    "w_txt_norm": 0.20157597736949812,
    "w_img_norm": 0.7984240226305018
  }
}