range_category,w_img_bayes,w_txt_bayes
short,0.38135441503317397,0.618645584966826
medium,0.7430911894911674,0.25690881050883263
long,0.5784098551141617,0.42159014488583835
