model,scope,k,aic,rmse_to_llm,r2_to_llm,r2_to_truth,rmse_vs_truth,bias_vs_truth,aic_weight
Equal,overall,0.0,-747.0489094676788,0.0815225560887486,0.7229402376962193,0.4334330184130829,0.1588274903275795,-0.079967704279327,0.4646879166505451
Combo_NonOracle,overall,0.0,-746.5032346183789,0.08167197072626077,0.7219237160860261,0.3722170586670265,0.16718788286957884,-0.09134343655850383,0.353728124660344
EmpiricalLinear,overall,2.0,-745.1696136592318,0.08094446374659749,0.726855675335665,0.4069566374442717,0.162496221855513,-0.08532774069114374,0.18158395868911087
Combo_Oracle,overall,0.0,-643.0858832332906,0.11555527181740617,0.4433305245297192,0.5832375861396685,0.13622107881648304,7.15311478953121e-17,1.2355976448298555e-23
LLM(Combined),overall,,,0.0,1.0,0.47366200250244106,0.15308491765495,-0.07652818791946309,
