{
  "empirical_linear": {
    "w_txt_norm": 0.42717756282147923,
    "w_img_norm": 0.5728224371785208
  },
  "combo_oracle": {
    "w_txt_norm": 0.6273016972312054,
    "w_img_norm": 0.3726983027687946
  },
  "combo_non_oracle": {
    "w_txt_norm": 0.3454472160984365,
    "w_img_norm": 0.6545527839015636
  }
}