model,scope,k,aic,rmse_to_llm,r2_to_llm,r2_to_truth,rmse_vs_truth,bias_vs_truth,aic_weight
EmpiricalLinear,overall,2.0,221.46406201070891,2.064483773833348,0.6525698983124186,-2.230108349626668,3.6478831864176837,1.6234093700680883,1.0
Equal,overall,0.0,323.1163321404715,2.936018584104731,0.29731271321549746,0.17346797584448725,1.8452797681069713,0.26568769296642797,8.442868106969723e-23
Combo_Oracle,overall,0.0,419.03241065932076,4.042141808847729,-0.3318876351418232,0.7510711767764279,1.0126747247493972,1.5631940186722204e-15,1.254810637114753e-43
Combo_NonOracle,overall,0.0,438.9511105839844,4.319632670281171,-0.5210312266211516,0.5665738182153941,1.3362568624677535,-0.8443316108733164,5.933179118786786e-48
LLM(Combined),overall,,,0.0,1.0,-2.6779486187915373,3.892559022759535,2.2601233333333335,
