{
  "empirical_linear": {
    "w_txt_norm": 0.04514850661323755,
    "w_img_norm": 0.9548514933867625
  },
  "combo_oracle": {
    "w_txt_norm": 0.9441213402452394,
    "w_img_norm": 0.05587865975476063
  },
  "combo_non_oracle": {
    "w_txt_norm": 0.871868510722642,
    "w_img_norm": 0.12813148927735798
  }
}