model,scope,k,aic,rmse_to_llm,r2_to_llm,r2_to_truth,rmse_vs_truth,bias_vs_truth,aic_weight
EmpiricalLinear,overall,2.0,-1247.5031572322914,0.1242029204809848,-0.446720427948055,-0.32047600912385654,0.2416521013148498,-0.15965054328751735,1.0
Equal,overall,0.0,-1028.9254011185888,0.17998609725512602,-2.038077987987579,0.29006819733316813,0.17718772585626444,-0.03793445999820613,3.4390882988779374e-48
Combo_Oracle,overall,0.0,-938.6358782413481,0.20921494083971867,-3.1049359954915996,0.30362291681829967,0.17548805222105335,2.3684757858670008e-17,8.517704061050867e-68
Combo_NonOracle,overall,0.0,-758.8487911478026,0.28231043356890734,-6.474374533021642,0.16117039464817773,0.1926026211993146,0.07723483213513646,7.763411843468833e-107
LLM(Combined),overall,,,0.0,1.0,-0.48578689775570005,0.2563324452737109,-0.18323833333333336,
