{
  "empirical_linear": {
    "w_txt_norm": 0.16955604493496723,
    "w_img_norm": 0.8304439550650328
  },
  "combo_oracle": {
    "w_txt_norm": 0.5788910826185604,
    "w_img_norm": 0.42110891738143963
  },
  "combo_non_oracle": {
    "w_txt_norm": 0.8126702352401769,
    "w_img_norm": 0.1873297647598232
  }
}