{
    "Basic Single-Stage": {
        "model_name": "bayes_basic_single",
        "params": {
            "w_p": 0.0,
            "delta": -0.05863333657387009
        },
        "steady_state_weight": null,
        "mode": "single",
        "model_type": "basic",
        "r_squared": 0.935760208251268,
        "aic": -35.45870477854999,
        "bic": -32.656310015225685,
        "n_params": 2,
        "mse": 0.26839543422222195,
        "rmse": 0.5180689473634006,
        "predictions": [
            2.44136666342613,
            4.743666663426129,
            3.84646666342613,
            3.34176666342613,
            1.54216666342613,
            1.54216666342613,
            1.19136666342613,
            4.41346666342613,
            3.34176666342613,
            3.84646666342613,
            4.41346666342613,
            6.765066663426129,
            5.9047666634261295,
            5.32656666342613,
            3.54696666342613,
            3.54696666342613,
            3.19136666342613,
            6.4413666634261295,
            5.32656666342613,
            5.77236666342613,
            6.4413666634261295,
            8.77666666342613,
            7.88256666342613,
            7.374366663426129,
            5.59826666342613,
            5.59826666342613,
            5.16156666342613,
            8.40086666342613,
            7.374366663426129,
            7.76756666342613
        ],
        "converged": true,
        "confidence_intervals": {
            "w_p": [
                -1.1501518854763773,
                1.1501518854763773
            ],
            "delta": [
                -1.4480723894478955,
                1.3308057163001554
            ]
        }
    },
    "Basic Two-Stage": {
        "model_name": "bayes_basic_sequential",
        "params": {
            "r_div_q": 0.01,
            "delta": -0.05861970322035555
        },
        "steady_state_weight": 0.9999000099990001,
        "mode": "sequential",
        "model_type": "basic",
        "r_squared": 0.9357544468358274,
        "aic": -35.456014326662306,
        "bic": -32.653619563338,
        "n_params": 2,
        "mse": 0.268419505558022,
        "rmse": 0.5180921786304268,
        "predictions": [
            2.4413802967796445,
            4.743450112815927,
            3.8465699758263354,
            3.341830765654279,
            1.5423602258425182,
            1.5421803147689532,
            1.1914153697671965,
            4.413158154712136,
            3.341887413143236,
            3.8464298475806165,
            4.413480296779644,
            6.764845183801719,
            5.904866286071347,
            5.326638113815744,
            3.5471582269770874,
            3.5469803145691063,
            3.1914158496712006,
            6.441055365317977,
            5.326691722002567,
            5.7723357368337105,
            6.441380296779644,
            8.77644681347579,
            7.882669665558452,
            7.374431115553275,
            5.598457876347384,
            5.59828031453405,
            5.161623958049602,
            8.400556435914707,
            7.374482893875164,
            7.767540994899337
        ],
        "converged": true,
        "confidence_intervals": {
            "r_div_q": [
                -669.4234609051072,
                669.4434609051071
            ],
            "delta": [
                -2.350142849288739,
                2.232903442848028
            ]
        }
    },
    "Weber Single-Stage": {
        "model_name": "bayes_weber_single",
        "params": {
            "w_p": 0.0,
            "delta": -0.013793374241782362
        },
        "steady_state_weight": null,
        "mode": "single",
        "model_type": "weber",
        "r_squared": 0.9362855496806383,
        "aic": -35.7050470993779,
        "bic": -32.90265233605359,
        "n_params": 2,
        "mse": 0.266200544774226,
        "rmse": 0.515946261517831,
        "predictions": [
            2.4657532824698096,
            4.736514807977296,
            3.8516052650483483,
            3.353818989617853,
            1.5788711369039268,
            1.5788711369039268,
            1.2328766343855642,
            4.410838112619362,
            3.353818989617853,
            3.8516052650483483,
            4.410838112619362,
            6.730224293127292,
            5.88170926884979,
            5.311429846511942,
            3.556208020167363,
            3.556208020167363,
            3.205479271320357,
            6.410958556339395,
            5.311429846511942,
            5.751122974284708,
            6.410958556339395,
            8.714268025356308,
            7.8324160165146095,
            7.331177686469477,
            5.579407914739534,
            5.579407914739534,
            5.148690128964822,
            8.343615989876263,
            7.331177686469477,
            7.71899136489086
        ],
        "converged": true,
        "confidence_intervals": {
            "w_p": [
                -1.96,
                1.96
            ],
            "delta": [
                -0.33129181679486563,
                0.30370506831130095
            ]
        }
    },
    "Weber Two-Stage": {
        "model_name": "bayes_weber_sequential",
        "params": {
            "r_div_q": 0.01,
            "delta": -0.013783280903859144
        },
        "steady_state_weight": 0.9999000099990001,
        "mode": "sequential",
        "model_type": "weber",
        "r_squared": 0.9362748730481758,
        "aic": -35.70002043845575,
        "bic": -32.897625675131444,
        "n_params": 2,
        "mse": 0.26624515200796334,
        "rmse": 0.5159894882727393,
        "predictions": [
            2.4657781702866184,
            4.736253482600038,
            3.8517237570327927,
            3.35389925307669,
            1.5790060076818273,
            1.5788870849650014,
            1.2329195693206512,
            4.410320530584835,
            3.353944665019441,
            3.8515908593521453,
            4.410882632933729,
            6.730007902497177,
            5.88184785841819,
            5.3115376233219145,
            3.5563865568424564,
            3.5562439286289846,
            3.2055449028504923,
            6.410578997307988,
            5.311583335360666,
            5.751135301276866,
            6.41102326464717,
            8.714088549787045,
            7.832578597259734,
            7.331300166313378,
            5.579616554420562,
            5.579464245112526,
            5.148783453764118,
            8.34329750645688,
            7.331346466636777,
            7.719029503820387
        ],
        "converged": true,
        "confidence_intervals": {
            "r_div_q": [
                -1.95,
                1.97
            ],
            "delta": [
                -0.27039058661103893,
                0.24282402480332063
            ]
        }
    },
    "Linear Regression": {
        "model_name": "linear",
        "params": {
            "slope": 0.9726992305310963,
            "intercept": 0.08025569123711784
        },
        "steady_state_weight": null,
        "mode": "linear",
        "model_type": "linear",
        "log_likelihood": null,
        "r_squared": 0.9364979416716013,
        "aic": -35.80521871610959,
        "bic": -33.002823952785285,
        "n_params": 2,
        "mse": 0.26531316579792386,
        "rmse": 0.5150855907496577,