model,scope,k,aic,rmse_to_llm,r2_to_llm,r2_to_truth,rmse_vs_truth,bias_vs_truth,aic_weight
EmpiricalLinear,overall,2.0,-872.0036058557342,0.053933039037995706,0.9275393188278147,0.5583894541330774,0.13991470050846547,-0.11654457333992368,0.5183845583467038
Equal,overall,0.0,-871.8555622108033,0.054683940360341014,0.9255075550335669,0.5288571496393158,0.14451733081767965,-0.11992733333333332,0.48139856044291945
Combo_NonOracle,overall,0.0,-856.445360154928,0.05756630487072377,0.9174476703701642,0.48753374108729775,0.15072186780032676,-0.1240836070272687,0.00021688121037665112
Combo_Oracle,overall,0.0,-650.750292762245,0.11427269306075241,0.6747048772409114,0.8802097482217509,0.0728709393793561,-2.7385501274087196e-16,4.678488503546382e-49
LLM(Combined),overall,,,0.0,1.0,0.6526196197856171,0.12409271093286126,-0.096994,
