model,scope,k,aic,rmse_to_llm,r2_to_llm,r2_to_truth,rmse_vs_truth,bias_vs_truth,aic_weight
Combo_NonOracle,overall,0.0,-833.6273328141478,0.062115620975439455,0.9304352955899315,0.8867171177427247,0.07086619427670023,0.02926719904167664,0.795641561185823
EmpiricalLinear,overall,2.0,-830.9087862552591,0.06185085925680965,0.9310270571404241,0.8921923400653378,0.06913242243735176,0.025304156709306684,0.20435843879858043
Combo_Oracle,overall,0.0,-784.3166174232279,0.07321252802054212,0.9033597403609728,0.906208455601138,0.0644820459800477,-9.769962616701378e-17,1.5596662138759595e-11
Equal,overall,0.0,-749.1626273888752,0.08231443777774751,0.8778371055633568,0.7807554748952229,0.09858738425038638,0.06287666666666666,3.62609952544541e-19
LLM(Combined),overall,,,0.0,1.0,0.8712766490557714,0.07554150514783246,0.03354333333333333,
