model,scope,k,aic,rmse_to_llm,r2_to_llm,r2_to_truth,rmse_vs_truth,bias_vs_truth,aic_weight
Equal,overall,0.0,-725.3769193300891,0.08910649384541433,0.8281384549312323,0.7805310416218403,0.09863480274966432,-0.06218603703703703,0.7599816032948257
EmpiricalLinear,overall,2.0,-723.0717618808969,0.08860450823370428,0.8300693807341678,0.7605592228472517,0.10302501487477843,-0.06299169626447987,0.24001837962973074
Combo_NonOracle,overall,0.0,-690.1545925401498,0.10020719279595709,0.7826509266382842,0.8200831432903147,0.08930577768285874,-0.058999225022243466,1.7075443688270102e-08
Combo_Oracle,overall,0.0,-634.2763553026695,0.12072325306305529,0.6845417714182536,0.8895429310885198,0.06997459386578161,2.575717417130363e-16,1.2547781624676428e-20
LLM(Combined),overall,,,0.0,1.0,0.5985202837759819,0.13340602175314276,-0.061454,
