{
  "empirical_linear": {
    "w_txt_norm": 0.4414034449237493,
    "w_img_norm": 0.5585965550762507
  },
  "combo_oracle": {
    "w_txt_norm": 0.7738713436382715,
    "w_img_norm": 0.22612865636172863
  },
  "combo_non_oracle": {
    "w_txt_norm": 0.7317806330291857,
    "w_img_norm": 0.2682193669708144
  }
}