model,scope,k,aic,rmse_to_llm,r2_to_llm,r2_to_truth,rmse_vs_truth,bias_vs_truth,aic_weight
EmpiricalLinear,overall,2.0,217.11929995604225,2.0348002697199754,0.6672154423552845,-2.2033794791286265,3.6327588725392626,1.9144603593334413,1.0
Equal,overall,0.0,313.34601801565447,2.841939457643568,0.3508437602403698,0.11650696316605746,1.9078048261322538,0.4890543596330947,1.272429319202533e-21
Combo_Oracle,overall,0.0,419.6946587826207,4.05107466759186,-0.3190464463548739,0.7494978893154932,1.0158698528932406,1.4210854715202005e-15,1.0264073327607064e-44
Combo_NonOracle,overall,0.0,446.68140803622606,4.432385943584797,-0.5790458119415143,0.5335821421678093,1.386181066298509,-0.9146137551566214,1.4165163880393378e-50
LLM(Combined),overall,,,0.0,1.0,-2.7171590076735836,3.9132531829242367,2.2048686666666666,
