model,scope,k,aic,rmse_to_llm,r2_to_llm,r2_to_truth,rmse_vs_truth,bias_vs_truth,aic_weight
EmpiricalLinear,overall,2.0,-441.102387112911,0.47623811327417886,0.9449312539649505,0.9633457613596352,0.38668067795736377,0.010321916162830305,0.9836748613788053
Combo_Oracle,overall,0.0,-432.8829883980061,0.4860364551334567,0.9426419235128978,0.9622702173109604,0.3923128394325659,-2.7178259642823833e-15,0.0161447684074322
Combo_NonOracle,overall,0.0,-423.7694181627867,0.4934753534991605,0.9408727306016885,0.9628028895261423,0.3895336426563178,-0.023921239402355538,0.00016945141031934462
Equal,overall,0.0,-418.2852584999109,0.49800652606165713,0.9397819126598206,0.9541427830653663,0.43250807160098187,0.04889333333333338,1.0918803443083497e-05
LLM(Combined),overall,,,0.0,1.0,0.9360355005184648,0.5108105669750121,0.03222666666666674,
