{
  "empirical_linear": {
    "w_txt_norm": 0.3582627982465588,
    "w_img_norm": 0.6417372017534412
  },
  "combo_oracle": {
    "w_txt_norm": 0.33225999090032116,
    "w_img_norm": 0.6677400090996789
  },
  "combo_non_oracle": {
    "w_txt_norm": 0.23243052644896509,
    "w_img_norm": 0.7675694735510348
  }
}