range_category,regression_angle,scalar_variability,short_vs_medium_t,medium_vs_long_t,response_autocorr,stimulus_autocorr
short,34.65613749505233,0.14653151151136826,,,0.3964240531363436,0.23502816576403177
medium,48.44137938758692,0.11239593792608867,,0.6206896551724154,0.3407530798710432,0.23525030686203605
long,41.882567442029206,0.0873041955072056,,,0.4332399406083501,0.23502816576403165
