range_category,regression_angle,scalar_variability,short_vs_medium_t,medium_vs_long_t,response_autocorr,stimulus_autocorr
short,38.11279972839602,0.07841234657764878,,,0.21243924539207262,0.24718809267831113
medium,40.43306936798372,0.07074619896533452,,,-0.11703811818117044,0.217956842254054
long,24.08336198903129,0.06654162311335879,,,0.05518832562695556,0.21906490146470325
