range_category,regression_angle,scalar_variability,short_vs_medium_t,medium_vs_long_t,response_autocorr,stimulus_autocorr
short,16.260893180608786,0.17812455037162575,,,0.21778623634762312,0.23502816576403177
medium,7.710797005482085,0.11418587990337724,,8.8095238095238,-0.48629068263675895,0.23525030686203605
long,3.9054709133270666,0.06346814635640359,,,-0.17969530110776877,0.23502816576403165
