model,scope,k,aic,rmse_to_llm,r2_to_llm,r2_to_truth,rmse_vs_truth,bias_vs_truth,aic_weight
Combo_NonOracle,overall,0.0,-598.4913448318017,0.13601757828995978,0.9956398881962516,0.9999717552547953,0.010787013151876357,0.0010377371043797886,0.48451169595513316
Combo_Oracle,overall,0.0,-598.2458357218721,0.1361289356977836,0.9956327460385088,0.999972565835682,0.010631101029103661,-2.877698079828406e-15,0.42854125723550757
EmpiricalLinear,overall,2.0,-595.0556602411739,0.1357619627270708,0.9956562605681858,0.9999720150374162,0.01073729148046915,0.0009542502083386732,0.08694704680935925
Equal,overall,0.0,-407.4261928354589,0.2571521593753069,0.9844156784487679,0.9904490359242936,0.19836086037746975,0.011285235007063996,1.570484546195104e-42
LLM(Combined),overall,,,0.0,1.0,0.9955550034884961,0.13532190090249668,0.015234764800000042,
