model,scope,k,aic,rmse_to_llm,r2_to_llm,r2_to_truth,rmse_vs_truth,bias_vs_truth,aic_weight
EmpiricalLinear,overall,3.0,-849.3135348599941,0.053442127396684296,0.8761827890972802,0.45222839916053104,0.15677398675054888,-0.11721136986301314,1.0
Bayes(range),overall,0.0,-736.97536881947,0.08014736715317343,0.7215212495509713,0.6195072089018732,0.13066144679363223,-0.06559601140038157,4.0371714256332447e-25
Equal,overall,0.0,-700.292734069465,0.09087568657764795,0.6419786292567138,0.5980049497238387,0.13430265527929258,-0.06224561643835615,4.370632229295024e-33
Bayes(stimulus),overall,0.0,-692.8541613972695,0.0932204441026996,0.6232650810670158,0.646127707254242,0.12600782815469422,-0.057636684088484325,1.0599337757187685e-34
LLM(Combined),overall,,,0.0,1.0,0.44356879308971275,0.15800833100543554,-0.11721136986301368,
