range_category,w_img_bayes,w_txt_bayes
short,0.4897873845824737,0.5102126154175264
medium,0.23472428307900597,0.765275716920994
long,0.2579984069562831,0.7420015930437169
