{
    "Basic Single-Stage": {
        "model_name": "bayes_basic_single",
        "params": {
            "w_p": 0.15638948639182182,
            "delta": -0.16556533231202328
        },
        "steady_state_weight": null,
        "mode": "single",
        "model_type": "basic",
        "r_squared": 0.8230873836714284,
        "aic": -15.870326012087926,
        "bic": -13.067931248763614,
        "n_params": 2,
        "mse": 0.5156401503963416,
        "rmse": 0.7180808801216905,
        "predictions": [
            2.7586576337899738,
            4.590642225141494,
            3.9516916221346596,
            3.4143117249662502,
            2.25898712657985,
            2.25898712657985,
            1.5656236454452883,
            4.590642225141494,
            3.4143117249662502,
            3.9516916221346596,
            4.918149959753519,
            6.665351694487416,
            6.101819871397154,
            5.472317706142731,
            4.279199356746686,
            4.279199356746686,
            3.7418194595782754,
            6.665351694487416,
            5.472317706142731,
            6.101819871397154,
            6.962250878822834,
            8.774663706258645,
            8.15528486716752,
            7.585763409430639,
            5.769216890478149,
            5.769216890478149,
            5.769216890478149,
            8.15528486716752,
            7.585763409430639,
            8.15528486716752
        ],
        "converged": true,
        "confidence_intervals": {
            "w_p": [
                -0.9934356653394061,
                1.3062146381230497
            ],
            "delta": [
                -1.5514946466339503,
                1.220363982009904
            ]
        }
    },
    "Basic Two-Stage": {
        "model_name": "bayes_basic_sequential",
        "params": {
            "r_div_q": 0.5340529062864939,
            "delta": -0.13710317571156413
        },
        "steady_state_weight": 0.7780814416111731,
        "mode": "sequential",
        "model_type": "basic",
        "r_squared": 0.8342515990708866,
        "aic": -17.82587017555608,
        "bic": -15.023475412231768,
        "n_params": 2,
        "mse": 0.48310025682005686,
        "rmse": 0.6950541394884695,
        "predictions": [
            2.6912968242884356,
            4.468500426699227,
            4.1736723782991225,
            3.6010897930836947,
            2.3814444455064834,
            2.1521072351608934,
            1.4416305690873195,
            4.2195744786898555,
            3.6097267088823948,
            4.012274031979578,
            4.862896824288436,
            6.557852792677176,
            6.320810171054375,
            5.670410011441989,
            4.399756910918614,
            4.160828407669798,
            3.5986803131256675,
            6.306836152998099,
            5.667788810088037,
            6.15351198558527,
            6.933996824288435,
            8.692213908198614,
            8.412806528238912,
            7.8121831909890735,
            5.950848090513711,
            5.60085011748875,
            5.535037787930494,
            7.819220727482065,
            7.700573426559211,
            8.226420098292312
        ],
        "converged": true,
        "confidence_intervals": {
            "r_div_q": [
                -1.5846187378273768,
                2.6527245504003645
            ],
            "delta": [
                -1.5301558131929833,
                1.255949461769855
            ]
        }
    },
    "Weber Single-Stage": {
        "model_name": "bayes_weber_single",
        "params": {
            "w_p": 0.08427146668166549,
            "delta": -0.04643901686087595
        },
        "steady_state_weight": null,
        "mode": "single",
        "model_type": "weber",
        "r_squared": 0.8361645067656482,
        "aic": -18.17411386574443,
        "bic": -15.37171910242012,
        "n_params": 2,
        "mse": 0.4775247810179851,
        "rmse": 0.6910316787369339,
        "predictions": [
            2.7291726770203306,
            4.598423591616984,
            3.9562416211963862,
            3.408650123147159,
            2.200803544544201,
            2.200803544544201,
            1.4466692750324135,
            4.598423591616984,
            3.408650123147159,
            3.9562416211963862,
            4.804561243661944,
            6.599126044340028,
            6.025894864467711,
            5.379532859772277,
            4.133591613265485,
            4.133591613265485,
            3.5614527461252363,
            6.599126044340028,
            5.379532859772277,
            6.025894864467711,
            6.769697110050377,
            8.631372049006227,
            7.999757593758921,
            7.4149116187993,
            5.5185804667240586,
            5.5185804667240586,
            5.5185804667240586,
            7.999757593758921,
            7.4149116187993,
            7.999757593758921
        ],
        "converged": true,
        "confidence_intervals": {
            "w_p": [
                -1.2126402848354458,
                1.3811832181987769
            ],
            "delta": [
                -0.31849501816854336,
                0.22561698444679149
            ]
        }
    },
    "Weber Two-Stage": {
        "model_name": "bayes_weber_sequential",
        "params": {
            "r_div_q": 0.36699168639972757,
            "delta": -0.04323965600505862
        },
        "steady_state_weight": 0.881303491806055,
        "mode": "sequential",
        "model_type": "weber",
        "r_squared": 0.8434034632232583,
        "aic": -19.529815945714482,
        "bic": -16.72742118239017,
        "n_params": 2,
        "mse": 0.456425683203604,
        "rmse": 0.6755928383306058,
        "predictions": [
            2.7087072975739677,
            4.507527028240293,
            4.1085770611458505,
            3.518041885543767,
            2.258657797826167,
            2.1537522475244604,
            1.4234889429698359,
            4.20386390032283,
            3.5267093752274152,
            4.001793048753902,
            4.7884091994654,
            6.527366019693442,
            6.173372606667178,
            5.493985305390763,
            4.196783207389078,
            4.077206115006972,
            3.5151491644383492,
            6.311694696984928,
            5.507066754094857,
            6.061783491454002,
            6.771864075596983,
            8.584271035630389,
            8.174177297310793,
            7.551303238936157,
            5.614076785935794,
            5.438272796721765,
            5.419734919736224,
            7.7805255037869845,
            7.51140881720917,
            8.05789284163112
        ],
        "converged": true,
        "confidence_intervals": {
            "r_div_q": [
                -1.5923759949767273,
                2.3263593677761825
            ],
            "delta": [
                -0.306705763650243,
                0.22022645164012572
            ]
        }
    },
    "Linear Regression": {
        "model_name": "linear",
        "params": {
            "slope": 0.7874006480861968,
            "intercept": 0.9973658775962835
        },
        "steady_state_weight": null,
        "mode": "linear",
        "model_type": "linear",
        "log_likelihood": null,
        "r_squared": 0.8746595960398238,
        "aic": -26.208981570577528,
        "bic": -23.406586807253216,
        "n_params": 2,
        "mse": 0.3653246788726936,
        "rmse": 0.6044209450976146,
        "predictions": "[3.22444987 4.93436912 4.33799187 3.83641765 2.75807247 2.75807247\n 2.11090787 4.93436912 3.83641765 4.33799187 4.93436912 6.5651546\n 6.03917097 5.4516126  4.33799187 4.33799187 3.83641765 6.5651546\n 5.4516126  6.03917097 6.5651546  8.25680615 7.6786966  7.14712242\n 5.4516126  5.4516126  5.4516126  7.6786966  7.14712242 7.6786966 ]",
        "converged": true,
        "confidence_intervals": {}
    }
}