range_category,regression_angle,scalar_variability,short_vs_medium_t,medium_vs_long_t,response_autocorr,stimulus_autocorr
short,39.62766071143885,0.10954779177914072,,,-0.13144753059444128,0.24718809267831113
medium,36.145771098302625,0.1362127613152423,,,-0.024175693752474067,0.217956842254054
long,28.348840554564234,0.05893381424302375,,,0.10414008349335159,0.21906490146470325
