model,scope,k,aic,rmse_to_llm,r2_to_llm,r2_to_truth,rmse_vs_truth,bias_vs_truth,aic_weight
Combo_Oracle,overall,0.0,-4.642502556617945,0.9811532143351618,0.7469826203046078,0.8501947726146941,0.7615422450530823,-3.2760679415168556e-16,0.987211310724509
EmpiricalLinear,overall,2.0,4.050165186187219,1.0002056161609632,0.7370608410798045,0.8478456574991257,0.767489940249875,0.010755230236775158,0.0127885499963953
Combo_NonOracle,overall,0.0,27.177552510291317,1.1178234115305938,0.6715849173130332,0.8081013847486176,0.8619189642726344,-0.35884354894547865,1.2155503643280313e-07
Equal,overall,0.0,31.02844078720103,1.135605218450665,0.6610532679888531,0.7996560280519371,0.8806810585324262,-0.38746025458755556,1.772405925465665e-08
LLM(Combined),overall,,,0.0,1.0,0.8664908676000385,0.7189290004985777,0.21008877033681056,
