{
  "empirical_linear": {
    "w_txt_norm": 0.2199598522621825,
    "w_img_norm": 0.7800401477378175
  },
  "combo_oracle": {
    "w_txt_norm": 0.3112212710599589,
    "w_img_norm": 0.6887787289400411
  },
  "combo_non_oracle": {
    "w_txt_norm": 0.47987565330536575,
    "w_img_norm": 0.5201243466946344
  }
}