model,scope,k,aic,rmse_to_llm,r2_to_llm,r2_to_truth,rmse_vs_truth,bias_vs_truth,aic_weight
EmpiricalLinear,overall,2.0,-526.6728888756091,0.17051881616603684,0.45027266845364644,0.08290283600571635,0.20162821456003294,-0.12452733333333332,0.8071470450918558
Combo_NonOracle,overall,0.0,-523.8097331619475,0.17446477086365356,0.4245359459104684,0.19066116823602786,0.18941257939250783,-0.11760745034801093,0.19285295490814433
Equal,overall,0.0,-450.4603683761793,0.22278801583568178,0.061603534186490116,0.3908669508806759,0.1643235129452467,-0.08596066666666666,2.2783167798778584e-17
Combo_Oracle,overall,0.0,-422.905602517984,0.2442201169428859,-0.1276273006167008,0.5419407000588521,0.1424965933025477,1.2434497875801754e-16,2.3668608581428375e-23
LLM(Combined),overall,,,0.0,1.0,-0.4941524208503183,0.2573600193762297,-0.15606066666666663,
