model,scope,k,aic,rmse_to_llm,r2_to_llm,r2_to_truth,rmse_vs_truth,bias_vs_truth,aic_weight
EmpiricalLinear,overall,2.0,-805.5423067069927,0.06730812269368391,0.8428767800976985,0.6822995346228853,0.11867681731942017,-0.09190292735218418,0.9874041814957435
Combo_NonOracle,overall,0.0,-796.8188718737948,0.07022415728008845,0.8289675616320712,0.7470160388325577,0.10590182871130273,-0.08142656002227272,0.012595782605408464
Equal,overall,0.0,-771.2825370802758,0.07646349891723937,0.7972253085011536,0.7862412466580022,0.09734618122967124,-0.07292333333333333,3.589884797966924e-08
Combo_Oracle,overall,0.0,-648.4251115788435,0.11516181661776118,0.5400374965151206,0.9065573588037835,0.0643619980878857,-2.139029694111135e-16,7.532333385829565e-35
LLM(Combined),overall,,,0.0,1.0,0.6495729104719379,0.12463952957763172,-0.08552333333333333,
