model,scope,k,aic,rmse_to_llm,r2_to_llm,r2_to_truth,rmse_vs_truth,bias_vs_truth,aic_weight
Combo_Oracle,overall,0.0,-1237.000368766588,0.12724164532469626,-0.13429308048080912,0.14341760424245986,0.1946239470853606,4.144832625267251e-16,0.9999986938891334
EmpiricalLinear,overall,2.0,-1209.8036366990218,0.13225729339847958,-0.22547933402006115,0.13442108779168793,0.19564332601365736,-0.005097161022404144,1.2425220410033688e-06
Equal,overall,0.0,-1203.8584077895996,0.13446777769579019,-0.2667857965787319,0.09394671547418965,0.20016519927300053,-0.001037999999999985,6.357905182948944e-08
Combo_NonOracle,overall,0.0,-1186.2977409388018,0.13846150951874164,-0.34315104523293116,0.14224849899988146,0.19475671790398189,-0.011948296909543596,9.773805470754033e-12
LLM(Combined),overall,,,0.0,1.0,-0.16342640382993534,0.22681990366068652,-0.00738822223333333,
