{
  "empirical_linear": {
    "w_txt_norm": 0.6402935837236452,
    "w_img_norm": 0.35970641627635475
  },
  "combo_oracle": {
    "w_txt_norm": 0.9021901668859169,
    "w_img_norm": 0.09780983311408306
  },
  "combo_non_oracle": {
    "w_txt_norm": 0.8770839945694803,
    "w_img_norm": 0.12291600543051981
  }
}