range_category,regression_angle,scalar_variability,short_vs_medium_t,medium_vs_long_t,response_autocorr,stimulus_autocorr
short,38.13838546159028,0.20972182605613368,,,0.22416060375559932,0.23502816576403177
medium,38.18604840148597,0.17954857511365194,,,0.12792047317164298,0.23525030686203605
long,45.413456927609126,0.1235692683868302,,,0.21112791750677692,0.2551358252884202
