model,scope,k,aic,rmse_to_llm,r2_to_llm,r2_to_truth,rmse_vs_truth,bias_vs_truth,aic_weight
EmpiricalLinear,overall,3.0,-736.4434088609233,0.08417886801384719,0.7916654861349276,0.8136887649065665,0.09088170954454965,-0.02238999999999967,0.9925896712616011
Equal,overall,0.0,-726.6442388219014,0.08873086648211359,0.7685247797410792,0.7956713783968208,0.09517471127703338,-0.005956666666666668,0.0073944693662962545
Bayes(range),overall,0.0,-714.3545667373272,0.09244125759864537,0.7487611764202184,0.8764466758335762,0.07400893975700482,-0.009378324108448043,1.5857642718403554e-05
Bayes(stimulus),overall,0.0,-696.1072837481946,0.0982384480204244,0.7162616449751087,0.7788744129472799,0.0990094082395556,-0.02127763901667244,1.7293841439201275e-09
LLM(Combined),overall,,,0.0,1.0,0.7431566066848727,0.10670657118159749,-0.02239,
