range_category,w_img_bayes,w_txt_bayes
short,0.6771586312512484,0.3228413687487516
medium,0.8741253418053789,0.12587465819462107
long,0.7713945683697607,0.22860543163023928
