range_category,regression_angle,scalar_variability,short_vs_medium_t,medium_vs_long_t,response_autocorr,stimulus_autocorr
short,40.631611652528186,0.1370919246338577,,,0.22420203859323914,0.24718809267831113
medium,33.401910606916545,0.10382631856047812,,,-0.048646597808645255,0.217956842254054
long,39.0864936494837,0.057319282898880976,,,0.11023649450685927,0.21906490146470325
