model,scope,k,aic,rmse_to_llm,r2_to_llm,r2_to_truth,rmse_vs_truth,bias_vs_truth,aic_weight
EmpiricalLinear,overall,3.0,-745.4246129751019,0.08169612482595799,0.3163767002952331,-0.15042531540429205,0.22583236379409022,-0.12665666666666664,0.9999999999350815
Equal,overall,0.0,-698.4984722025013,0.09745853819274465,0.027132425209030475,0.09473008325795917,0.20033000856919397,-0.10242333333333335,6.45829684383986e-11
Bayes(range),overall,0.0,-687.976728932369,0.10093729836827799,-0.04355969161976203,0.1454305229209616,0.1946393536942502,-0.08136653890429461,3.3523586995198833e-13
Bayes(stimulus),overall,0.0,-672.6917980440049,0.10621329459229475,-0.15550466558245502,0.0797463451862408,0.20198110361779495,-0.08332530468513533,1.6079402663770643e-16
LLM(Combined),overall,,,0.0,1.0,-0.08791638599281137,0.21961132105001627,-0.12665666666666667,
