range_category,w_img_bayes,w_txt_bayes
short,0.29255674193160863,0.7074432580683914
medium,0.40387475071403606,0.5961252492859639
long,0.41280429657062906,0.5871957034293709
