{
  "empirical_linear": {
    "a_txt": 0.5015721129355794,
    "a_img": 0.04418610819076979,
    "intercept": 0.1313506559584816,
    "w_txt_norm": 0.9190372101045451,
    "w_img_norm": 0.08096278989545484
  }
}