{
    "Basic Single-Stage": {
        "model_name": "bayes_basic_single",
        "params": {
            "w_p": 0.0,
            "delta": -0.014327337971426043
        },
        "steady_state_weight": null,
        "mode": "single",
        "model_type": "basic",
        "r_squared": 0.9321507101238223,
        "aic": -165.82965245548698,
        "bic": -163.02725769216266,
        "n_params": 2,
        "mse": 0.003478076426222246,
        "rmse": 0.058975218746709586,
        "predictions": [
            0.23549266202857394,
            0.46596266202857395,
            0.37847266202857394,
            0.32513266202857394,
            0.14808266202857395,
            0.14807266202857394,
            0.10890266202857395,
            0.43214266202857393,
            0.32612266202857393,
            0.36890266202857397,
            0.47294266202857393,
            0.761032662028574,
            0.651672662028574,
            0.585002662028574,
            0.36368266202857397,
            0.36367266202857396,
            0.31471266202857395,
            0.718762662028574,
            0.5862326620285739,
            0.6397126620285739,
            0.6354926620285739,
            0.8659626620285741,
            0.7784726620285739,
            0.725132662028574,
            0.5480826620285739,
            0.548072662028574,
            0.5089026620285739,
            0.8321426620285738,
            0.726122662028574,
            0.7689026620285739
        ],
        "converged": true,
        "confidence_intervals": {
            "w_p": [
                -10.610556313252559,
                10.610556313252559
            ],
            "delta": [
                -1.400256629466485,
                1.3716019535236332
            ]
        }
    },
    "Basic Two-Stage": {
        "model_name": "bayes_basic_sequential",
        "params": {
            "r_div_q": 0.01,
            "delta": -0.014325892655934615
        },
        "steady_state_weight": 0.9999000099990001,
        "mode": "sequential",
        "model_type": "basic",
        "r_squared": 0.9321477473999891,
        "aic": -165.82834287320154,
        "bic": -163.02594810987722,
        "n_params": 2,
        "mse": 0.0034782283007656735,
        "rmse": 0.05897650634588042,
        "predictions": [
            0.23549410734406537,
            0.4659410649524927,
            0.3784828522909243,
            0.32513944115185184,
            0.1481018093372245,
            0.14807411011371077,
            0.10890802356113807,
            0.43211179019879303,
            0.326134703993127,
            0.36889983125890463,
            0.4729441073440654,
            0.7610053041046496,
            0.651685038277664,
            0.5850107741038735,
            0.3637062355853144,
            0.36367411055624715,
            0.3147190023654313,
            0.71872371091245,
            0.5862473536552923,
            0.6397087617377643,
            0.6354941073440653,
            0.8659410649524928,
            0.7784828522909242,
            0.7251394411518518,
            0.5481018093372244,
            0.5480741101137108,
            0.5089080235611381,
            0.8321117901987929,
            0.726134703993127,
            0.7688998312589045
        ],
        "converged": true,
        "confidence_intervals": {
            "r_div_q": [
                -4512.268513282582,
                4512.288513282582
            ],
            "delta": [
                -1.9172745280070722,
                1.888622742695203
            ]
        }
    },
    "Weber Single-Stage": {
        "model_name": "bayes_weber_single",
        "params": {
            "w_p": 0.0,
            "delta": -0.018270381723444
        },
        "steady_state_weight": null,
        "mode": "single",
        "model_type": "weber",
        "r_squared": 0.9301947829831523,
        "aic": -164.97729919459374,
        "bic": -162.17490443126943,
        "n_params": 2,
        "mse": 0.003578340763428838,
        "rmse": 0.059819234059195696,
        "predictions": [
            0.24529711816961058,
            0.4715945763278525,
            0.38568853816989446,
            0.33331423167377516,
            0.15946963165244163,
            0.159459812697343,
            0.12099896557598953,
            0.43838687018426875,
            0.33428630822854,
            0.37629179814050073,
            0.47844820698669976,
            0.7613224844232769,
            0.653942391464604,
            0.5884794178220042,
            0.37116630357901326,
            0.3711564846239146,
            0.3230828804609974,
            0.7198177612213466,
            0.5896871492991362,
            0.6421989211666365,
            0.6380553221150124,
            0.8643527802732545,
            0.7784467421152963,
            0.726072435619177,
            0.5522278355978435,
            0.5522180166427448,
            0.5137571695213914,
            0.8311450741296704,
            0.727044512173942,
            0.7690500020859026
        ],
        "converged": true,
        "confidence_intervals": {
            "w_p": [
                -11.248780682938754,
                11.248780682938754
            ],
            "delta": [
                -2.7674322963374784,
                2.73089153289059
            ]
        }
    },
    "Weber Two-Stage": {
        "model_name": "bayes_weber_sequential",
        "params": {
            "r_div_q": 0.01,
            "delta": -0.018258826456438112
        },
        "steady_state_weight": 0.9999000099990001,
        "mode": "sequential",
        "model_type": "weber",
        "r_squared": 0.930191051664699,
        "aic": -164.975696086766,
        "bic": -162.17330132344168,
        "n_params": 2,
        "mse": 0.0035785320375125414,
        "rmse": 0.05982083280524053,
        "predictions": [
            0.24529995267123877,
            0.47156920685953707,
            0.38570074683210115,
            0.3333229475690467,
            0.15948322947574123,
            0.15946165747709498,
            0.12100370288317883,
            0.43833551709894397,
            0.334299227780921,
            0.376291694159255,
            0.4784537356269776,
            0.7612959251469713,
            0.6539598855601595,
            0.5884924247901449,
            0.37118769686094283,
            0.37116077616423293,
            0.323091094631234,
            0.7197684293581835,
            0.5897057152355986,
            0.6422008659968598,
            0.6380626950687773,
            0.8643365355685644,
            0.7784638822976311,
            0.7260858826169094,
            0.5522493284063119,
            0.5522244002103095,
            0.5137668144099249,
            0.8311147048712537,
            0.7270626372308219,
            0.7690545709592451
        ],
        "converged": true,
        "confidence_intervals": {
            "r_div_q": [
                -30.912712725760553,
                30.932712725760556
            ],
            "delta": [
                -2.2480694946894793,
                2.2115518417766027
            ]
        }
    },
    "Linear Regression": {
        "model_name": "linear",
        "params": {
            "slope": 1.0389676453625922,
            "intercept": -0.034800700400966694
        },
        "steady_state_weight": null,
        "mode": "linear",
        "model_type": "linear",
        "log_likelihood": null,
        "r_squared": 0.9334638221306484,
        "aic": -166.415775047806,
        "bic": -163.61338028448168,
        "n_params": 2,
        "mse": 0.0034107639469867844,
        "rmse": 0.05840174609535904,