model,scope,k,aic,rmse_to_llm,r2_to_llm,r2_to_truth,rmse_vs_truth,bias_vs_truth,aic_weight
Combo_NonOracle,overall,0.0,-802.2696361499577,0.06895976084863097,0.8240605504023457,0.6199970839645411,0.1297927487497167,-0.06928667297148784,0.7333646402407821
EmpiricalLinear,overall,2.0,-800.2459021297648,0.06850697775451578,0.8263633681490825,0.6287915785070729,0.1282820452855879,-0.0700807062268519,0.26660709782984754
Equal,overall,0.0,-781.9418708040929,0.07379436518687138,0.7985264040900428,0.5861241530484544,0.13545405371072017,-0.06732,2.826192937034496e-05
Combo_Oracle,overall,0.0,-639.8303937543055,0.11850880952149656,0.48039537686575584,0.7873531922553263,0.09709265993366566,2.6867397195928787e-16,3.909188907658237e-36
LLM(Combined),overall,,,0.0,1.0,0.5827860190495173,0.13599921200752108,-0.08918999999999999,
