{
    "Basic Single-Stage": {
        "model_name": "bayes_basic_single",
        "params": {
            "w_p": 0.0,
            "delta": -0.007194004452033338
        },
        "steady_state_weight": null,
        "mode": "single",
        "model_type": "basic",
        "r_squared": 0.9138324454453953,
        "aic": -165.67137191346475,
        "bic": -162.86897715014044,
        "n_params": 2,
        "mse": 0.0034964806040000207,
        "rmse": 0.05913104602490997,
        "predictions": [
            0.24262599554796666,
            0.47309599554796666,
            0.38560599554796665,
            0.33226599554796665,
            0.15521599554796667,
            0.15520599554796666,
            0.11603599554796665,
            0.43927599554796665,
            0.33325599554796664,
            0.3760359955479667,
            0.48007599554796665,
            0.7681659955479667,
            0.6588059955479667,
            0.5921359955479667,
            0.3708159955479667,
            0.37080599554796667,
            0.32184599554796667,
            0.7258959955479667,
            0.5933659955479667,
            0.6468459955479666,
            0.6426259955479666,
            0.8730959955479668,
            0.7856059955479666,
            0.7322659955479667,
            0.5552159955479666,
            0.5552059955479667,
            0.5160359955479666,
            0.8392759955479665,
            0.7332559955479667,
            0.7760359955479667
        ],
        "converged": true,
        "confidence_intervals": {
            "w_p": [
                -10.610556876764587,
                10.610556876764587
            ],
            "delta": [
                -1.3931232929397597,
                1.378735284035693
            ]
        }
    },
    "Basic Two-Stage": {
        "model_name": "bayes_basic_sequential",
        "params": {
            "r_div_q": 0.01,
            "delta": -0.007192554073147807
        },
        "steady_state_weight": 0.9999000099990001,
        "mode": "sequential",
        "model_type": "basic",
        "r_squared": 0.9138249835616641,
        "aic": -165.66877484753402,
        "bic": -162.8663800842097,
        "n_params": 2,
        "mse": 0.0034967833900297557,
        "rmse": 0.05913360626606292,
        "predictions": [
            0.24262744592685218,
            0.4730744035352795,
            0.38561619087371113,
            0.33227277973463865,
            0.1552351479200113,
            0.15520744869649758,
            0.11604136214392488,
            0.43924512878157984,
            0.3332680425759138,
            0.37603316984169144,
            0.4800774459268522,
            0.7681386426874365,
            0.6588183768604509,
            0.5921441126866603,
            0.3708395741681012,
            0.37080744913903396,
            0.32185234094821813,
            0.7258570494952369,
            0.5933806922380792,
            0.6468421003205511,
            0.6426274459268522,
            0.8730744035352797,
            0.785616190873711,
            0.7322727797346387,
            0.5552351479200113,
            0.5552074486964976,
            0.5160413621439249,
            0.8392451287815798,
            0.7332680425759138,
            0.7760331698416914
        ],
        "converged": true,
        "confidence_intervals": {
            "r_div_q": [
                -336.44908269667854,
                336.4690826966785
            ],
            "delta": [
                -1.414264491562944,
                1.3998793834166483
            ]
        }
    },
    "Weber Single-Stage": {
        "model_name": "bayes_weber_single",
        "params": {
            "w_p": 0.0,
            "delta": -0.02338065873526315
        },
        "steady_state_weight": null,
        "mode": "single",
        "model_type": "weber",
        "r_squared": 0.9167734313218631,
        "aic": -166.71288113570304,
        "bic": -163.91048637237873,
        "n_params": 2,
        "mse": 0.0033771421810070475,
        "rmse": 0.058113184227049954,
        "predictions": [
            0.24404677435795705,
            0.46919073966222835,
            0.3837225853494297,
            0.33161524335554843,
            0.15865677128924374,
            0.15864700238373308,
            0.12038219949846254,
            0.436152301225163,
            0.3325823650011041,
            0.3743737427757244,
            0.47600943570867177,
            0.7574418345653887,
            0.6506090839007681,
            0.5854797908611717,
            0.36927437409915786,
            0.3692646051936472,
            0.3214360438134366,
            0.7161486709718122,
            0.5866813662389833,
            0.638925472910014,
            0.6348029947845137,
            0.8599469600887852,
            0.7744788057759865,
            0.7223714637821051,
            0.5494129917158005,
            0.5494032228102899,
            0.5111384199250192,
            0.8269085216517196,
            0.7233385854276609,
            0.7651299632022811
        ],
        "converged": true,
        "confidence_intervals": {
            "w_p": [
                -10.911223027572259,
                10.911223027572259
            ],
            "delta": [
                -2.753547235333824,
                2.706785917863298
            ]
        }
    },
    "Weber Two-Stage": {
        "model_name": "bayes_weber_sequential",
        "params": {
            "r_div_q": 0.01,
            "delta": -0.023369573835372404
        },
        "steady_state_weight": 0.9999000099990001,
        "mode": "sequential",
        "model_type": "weber",
        "r_squared": 0.9167608659157709,
        "aic": -166.70835346907816,
        "bic": -163.90595870575385,
        "n_params": 2,
        "mse": 0.003377652056202065,
        "rmse": 0.05811757097644451,
        "predictions": [
            0.24404947961809814,
            0.4691652788277853,
            0.3837345512845069,
            0.3316237588383768,
            0.1586702251674066,
            0.15864876313654772,
            0.12038685603194996,
            0.4361010047708391,
            0.33259506225711616,
            0.3743734632310185,
            0.47601471226594355,
            0.7574150544044472,
            0.6506261827909862,
            0.5854924561327185,
            0.36929548462939443,
            0.36926870116658206,
            0.32144406491683825,
            0.7160992537349926,
            0.5866995615756635,
            0.6389271072961262,
            0.6348100315622471,
            0.8599303937037382,
            0.7744954942929008,
            0.7223845024507746,
            0.5494341165339565,
            0.5494093154146614,
            0.5111477752235928,
            0.8268779182560122,
            0.7233562778531881,
            0.7651341488924743
        ],
        "converged": true,
        "confidence_intervals": {
            "r_div_q": [
                -128.45566255195996,
                128.47566255195994
            ],
            "delta": [
                -2.671440524273374,
                2.6247013766026295
            ]
        }
    },
    "Linear Regression": {
        "model_name": "linear",
        "params": {
            "slope": 0.9182506986914185,
            "intercept": 0.035756592411721196
        },
        "steady_state_weight": null,
        "mode": "linear",
        "model_type": "linear",
        "log_likelihood": null,
        "r_squared": 0.9211332042658673,
        "aic": -168.32658019280296,
        "bic": -165.52418542947865,
        "n_params": 2,
        "mse": 0.0032002326514822804,
        "rmse": 0.056570598825558496,