{
  "empirical_linear": {
    "a_txt": -0.14140595244382934,
    "a_img": 0.08418410131582357,
    "intercept": 11.24098436623501,
    "w_txt_norm": 2.471188010459554,
    "w_img_norm": -1.4711880104595538
  }
}