range_category,w_img_bayes,w_txt_bayes
short,0.23252261499223953,0.7674773850077605
medium,0.4801970349375597,0.5198029650624403
long,0.3933590230129686,0.6066409769870313
