{
    "Basic Single-Stage": {
        "model_name": "bayes_basic_single",
        "params": {
            "w_p": 0.020899342423884096,
            "delta": -0.00793333802842747
        },
        "steady_state_weight": null,
        "mode": "single",
        "model_type": "basic",
        "r_squared": 0.9650114539191861,
        "aic": -186.98118313188897,
        "bic": -184.17878836856465,
        "n_params": 2,
        "mse": 0.0017179537850514823,
        "rmse": 0.04144820605347694,
        "predictions": [
            0.2432579244897339,
            0.4684510757322405,
            0.3803320165503901,
            0.33137698367158436,
            0.15513886530788348,
            0.15513886530788348,
            0.11597483900483885,
            0.4390780560049571,
            0.33137698367158436,
            0.37054100997462897,
            0.4835505152836683,
            0.767489705980742,
            0.6597886336473692,
            0.591251587617041,
            0.37584944295029554,
            0.37584944295029554,
            0.3268944100714897,
            0.7185346731019361,
            0.591251587617041,
            0.6402066204958469,
            0.643257924489734,
            0.8684510757322407,
            0.7803320165503902,
            0.7313769836715843,
            0.5551388653078836,
            0.5551388653078836,
            0.5159748390048389,
            0.8390780560049571,
            0.7313769836715843,
            0.770541009974629
        ],
        "converged": true,
        "confidence_intervals": {
            "w_p": [
                -10.549683079717932,
                10.591481764565701
            ],
            "delta": [
                -1.3938626339125968,
                1.377995957855742
            ]
        }
    },
    "Basic Two-Stage": {
        "model_name": "bayes_basic_sequential",
        "params": {
            "r_div_q": 0.01,
            "delta": -0.00793193845580657
        },
        "steady_state_weight": 0.9999000099990001,
        "mode": "sequential",
        "model_type": "basic",
        "r_squared": 0.9648580414764819,
        "aic": -186.85000743132673,
        "bic": -184.04761266800242,
        "n_params": 2,
        "mse": 0.0017254864068989018,
        "rmse": 0.041538974552808854,
        "predictions": [
            0.24206806154419344,
            0.4720450661432227,
            0.382077057445563,
            0.3320730614438536,
            0.15208605844498319,
            0.15206806334352369,
            0.11207206074457327,
            0.442035068542384,
            0.3320790560461028,
            0.37206406344322385,
            0.48206806154419346,
            0.7720390673429696,
            0.6620790564459029,
            0.5920750612438137,
            0.3720900578451231,
            0.3720680637433837,
            0.3220730605446632,
            0.7220280700419941,
            0.5920810549464927,
            0.642063063843024,
            0.6420680615441935,
            0.8720450661432229,
            0.7820770574455631,
            0.7320730614438536,
            0.5520860584449833,
            0.5520680633435238,
            0.5120720607445733,
            0.8420350685423841,
            0.7320790560461028,
            0.7720640634432239
        ],
        "converged": true,
        "confidence_intervals": {
            "r_div_q": [
                -797.1185014809071,
                797.138501480907
            ],
            "delta": [
                -1.4117096449393616,
                1.3958457680277485
            ]
        }
    },
    "Weber Single-Stage": {
        "model_name": "bayes_weber_single",
        "params": {
            "w_p": 0.04684009863026276,
            "delta": -0.0033799756156073723
        },
        "steady_state_weight": null,
        "mode": "single",
        "model_type": "weber",
        "r_squared": 0.9647446979855132,
        "aic": -186.7534598864002,
        "bic": -183.9510651230759,
        "n_params": 2,
        "mse": 0.0017310516246953462,
        "rmse": 0.04160590853106499,
        "predictions": [
            0.2504340418695379,
            0.46636370468226995,
            0.38262380893102543,
            0.3357200644517725,
            0.16366352391605232,
            0.16366352391605232,
            0.12441287591496225,
            0.43853967110975367,
            0.3357200644517725,
            0.3732668170437129,
            0.4905480132658863,
            0.7640523220170432,
            0.6609911920276602,
            0.5949998595127063,
            0.38498230739985856,
            0.38498230739985856,
            0.33654333481136245,
            0.7172970222093531,
            0.5949998595127063,
            0.6421710299734501,
            0.6498938646306984,
            0.867459153200963,
            0.7826870936983722,
            0.7353986743259983,
            0.5638308680848844,
            0.5638308680848844,
            0.5253777779838271,
            0.8392490815700444,
            0.7353986743259983,
            0.7732409151040123
        ],
        "converged": true,
        "confidence_intervals": {
            "w_p": [
                -11.019171703796077,
                11.112851901056603
            ],
            "delta": [
                -2.742670357647494,
                2.7359104064162794
            ]
        }
    },
    "Weber Two-Stage": {
        "model_name": "bayes_weber_sequential",
        "params": {
            "r_div_q": 0.0890386880220896,
            "delta": -0.007633096853849797
        },
        "steady_state_weight": 0.9921344690831964,
        "mode": "sequential",
        "model_type": "weber",
        "r_squared": 0.9640971539958737,
        "aic": -186.20775312487902,
        "bic": -183.4053583615547,
        "n_params": 2,
        "mse": 0.001762846333895864,
        "rmse": 0.041986263633429735,
        "predictions": [
            0.24809898270808586,
            0.473931194892583,
            0.38764673102176095,
            0.3377802847801042,
            0.15972155844870856,
            0.1587906472079059,
            0.11935523250255639,
            0.44200279871928155,
            0.3381263952643726,
            0.3767894367559874,
            0.48627401340772564,
            0.7712655639035068,
            0.6656757683696688,
            0.5959559823688834,
            0.37845976143170523,
            0.37712096982865007,
            0.3278515181742492,
            0.7199800703321207,
            0.5963208458885002,
            0.6446619816803979,
            0.6450573672074854,
            0.8712461464951515,
            0.7846387489257266,
            0.7347525637008655,
            0.5569541716218578,
            0.5557511831121301,
            0.5163445202187685,
            0.8403113766656605,
            0.7351457613777914,
            0.7737572212801465
        ],
        "converged": true,
        "confidence_intervals": {
            "r_div_q": [
                -35.3244876070722,
                35.502564983116386
            ],
            "delta": [
                -2.3296197105781657,
                2.3143535168704665
            ]
        }
    },
    "Linear Regression": {
        "model_name": "linear",
        "params": {
            "slope": 1.0322435681384117,
            "intercept": -0.02486120660599909
        },
        "steady_state_weight": null,
        "mode": "linear",
        "model_type": "linear",
        "log_likelihood": null,
        "r_squared": 0.965800877915491,
        "aic": -187.6654036582118,
        "bic": -184.86300889488749,
        "n_params": 2,
        "mse": 0.0016791927019436013,
        "rmse": 0.04097795385257299,