model,scope,k,aic,rmse_to_llm,r2_to_llm,r2_to_truth,rmse_vs_truth,bias_vs_truth,aic_weight
EmpiricalLinear,overall,3.0,-916.9214284053385,0.0423964848957034,0.9252035497854646,0.4876314640746615,0.151623135151878,-0.11186890410958875,1.0
Bayes(range),overall,0.0,-787.746701351956,0.06735604157624492,0.8112119943963755,0.6024942786154501,0.13355062913386126,-0.06968277355111353,8.913831487875489e-29
Bayes(stimulus),overall,0.0,-752.0237321008317,0.0761215602016952,0.7588781050776889,0.6573676347143929,0.12399050774150241,-0.06822475034988847,1.559265996596453e-36
Equal,overall,0.0,-668.7082681738004,0.10125665883735306,0.5733532206455053,0.5153492492536946,0.1474649103699282,-0.06231410958904108,1.2624002964115219e-54
LLM(Combined),overall,,,0.0,1.0,0.5029870807824878,0.1493337892518929,-0.11186890410958904,
