range_category,w_img_bayes,w_txt_bayes
short,0.3751660253584696,0.6248339746415303
medium,0.19615150215206176,0.8038484978479382
long,0.10843359836603872,0.8915664016339613
