{
  "per_range": {
    "regression_effect": {
      "long": {
        "regression_angle": -1.1803176993484155,
        "slope": -0.020603344689130942,
        "intercept": 0.40440860932608086,
        "r_squared": 0.00023185467732111,
        "p_value": 0.9172948998213935,
        "regression_strength": 1.020603344689131,
        "regression_strength_angular": 1.0262292822077426
      },
      "medium": {
        "regression_angle": 2.5163293552219548,
        "slope": 0.043946490773927566,
        "intercept": 0.38158688891224635,
        "r_squared": 0.017862127896226463,
        "p_value": 0.3548096068346839,
        "regression_strength": 0.9560535092260725,
        "regression_strength_angular": 0.9440815698839565
      },
      "short": {
        "regression_angle": 24.81927512846175,
        "slope": 0.46247317357530576,
        "intercept": 0.05373513888012704,
        "r_squared": 0.4673914997753741,
        "p_value": 4.4524887948742166e-08,
        "regression_strength": 0.5375268264246942,
        "regression_strength_angular": 0.44846055270085
      }
    },
    "weber_law": {
      "long": {
        "mean_cv": 0.400230670278554,
        "cv_magnitude_correlation": 0.4380853727094366,
        "bin_magnitudes": [
          0.54551875,
          0.63479375,
          0.72406875,
          0.7687062499999999,
          0.81334375,
          0.8579812499999999
        ],
        "coefficient_variations": [
          0.4321910523229567,
          0.06263660188884998,
          0.4956456021490111,
          0.47704763718794957,
          0.472388603205627,
          0.4614745249169297
        ],
        "p_value": 0.384910349087804
      },
      "medium": {
        "mean_cv": 0.10764619845544536,
        "cv_magnitude_correlation": 0.4824694425924736,
        "bin_magnitudes": [
          0.3569,
          0.4685,
          0.5801000000000001,
          0.6358999999999999,
          0.6917,
          0.7475
        ],
        "coefficient_variations": [
          0.10374442055138816,
          0.10757817227309661,
          0.09524384049072639,
          0.10338969566101532,
          0.10517697166432295,
          0.13074409009212268
        ],
        "p_value": 0.3324496736663967
      },
      "short": {
        "mean_cv": 0.18716794088752411,
        "cv_magnitude_correlation": 0.18086751338212445,
        "bin_magnitudes": [
          0.14551875,
          0.23479374999999997,
          0.32406874999999996,
          0.36870624999999996,
          0.41334374999999995,
          0.45798125
        ],
        "coefficient_variations": [
          0.15529155254661164,
          0.1397542485937369,
          0.2917933033785708,
          0.22361972411919806,
          0.05387770582812107,
          0.2586711108589065
        ],
        "p_value": 0.7316570946000773
      }
    },
    "sequential_effect": [
      {
        "range_category": "long",
        "n_runs": 5,
        "N_total": 49,
        "r_resp_mean": 0.03189978950629287,
        "r_stim_mean": 0.2571948357656892,
        "r_resp_weighted": 0.037351687468776845,
        "r_stim_weighted": 0.2551358252884202
      },
      {
        "range_category": "medium",
        "n_runs": 5,
        "N_total": 50,
        "r_resp_mean": -0.3152324869099604,
        "r_stim_mean": 0.23525030686203605,
        "r_resp_weighted": -0.34864410977304716,
        "r_stim_weighted": 0.23525030686203605
      },
      {
        "range_category": "short",
        "n_runs": 5,
        "N_total": 50,
        "r_resp_mean": 0.21797971869810345,
        "r_stim_mean": 0.2350281657640318,
        "r_resp_weighted": 0.23703744948245278,
        "r_stim_weighted": 0.23502816576403177
      }
    ]
  },
  "overall": {
    "range_effect": {
      "range_analyses_by_category": {
        "short": {
          "slope": 0.46247317357530576,
          "regression_strength": 0.5375268264246942,
          "r_squared": 0.4673914997753741,
          "mean_stimulus_magnitude": 0.30805000000000005
        },
        "medium": {
          "slope": 0.043946490773927566,
          "regression_strength": 0.9560535092260725,
          "r_squared": 0.017862127896226463,
          "mean_stimulus_magnitude": 0.56007
        },
        "long": {
          "slope": -0.020603344689130942,
          "regression_strength": 1.020603344689131,
          "r_squared": 0.00023185467732111,
          "mean_stimulus_magnitude": 0.7092387755102042
        }
      },
      "correlation_analysis": {
        "correlation_magnitude_regression": 0.9680964525546459,
        "p_value": 0.1612412106002791,
        "interpretation": "Regression strength increases with stimulus magnitude (r=0.968)"
      },
      "pairwise_comparison_on_overlap": {
        "short_vs_medium": {
          "categories": [
            "medium",
            "short"
          ],
          "error": "Insufficient data in common bins for t-test.",
          "t_statistic": NaN,
          "p_value": NaN,
          "is_significant": false,
          "n_overlapping_bins": 0
        },
        "short_vs_long": {
          "error": "No overlapping data found or insufficient data after binning for short vs long."
        },
        "medium_vs_long": {
          "categories": [
            "long",
            "medium"
          ],
          "error": "Insufficient data in common bins for t-test.",
          "t_statistic": NaN,
          "p_value": NaN,
          "is_significant": false,
          "n_overlapping_bins": 0
        }
      }
    }
  }
}