range_category,regression_angle,scalar_variability,short_vs_medium_t,medium_vs_long_t,response_autocorr,stimulus_autocorr
short,24.81927512846175,0.18716794088752411,,,0.23703744948245278,0.23502816576403177
medium,2.5163293552219548,0.10764619845544536,,,-0.34864410977304716,0.23525030686203605
long,-1.1803176993484155,0.400230670278554,,,0.037351687468776845,0.2551358252884202
