{
  "per_range": {
    "regression_effect": {
      "long": {
        "regression_angle": 7.673302849658966,
        "slope": 0.13473086348351232,
        "intercept": 0.5516050037253182,
        "r_squared": 0.03888024656634671,
        "p_value": 0.16989807563116632,
        "regression_strength": 0.8652691365164877,
        "regression_strength_angular": 0.8294821588964674
      },
      "medium": {
        "regression_angle": 10.998633559184755,
        "slope": 0.19435555926172657,
        "intercept": 0.4011472819242848,
        "r_squared": 0.10095035986153286,
        "p_value": 0.02454704096130743,
        "regression_strength": 0.8056444407382735,
        "regression_strength_angular": 0.7555859209070055
      },
      "short": {
        "regression_angle": 20.358913743971964,
        "slope": 0.3710806146708335,
        "intercept": 0.31700639016696175,
        "r_squared": 0.17619705902642296,
        "p_value": 0.0024086627871581366,
        "regression_strength": 0.6289193853291666,
        "regression_strength_angular": 0.5475796945784008
      }
    },
    "weber_law": {
      "long": {
        "mean_cv": 0.06254495056631858,
        "cv_magnitude_correlation": -0.7932938617978972,
        "bin_magnitudes": [
          0.5455462499999999,
          0.63481125,
          0.72407625,
          0.76870875,
          0.8133412499999999,
          0.85797375
        ],
        "coefficient_variations": [
          0.11410959736139072,
          0.08600261451922267,
          0.06825607089516937,
          0.04563928425227148,
          0.0,
          0.061262136369857244
        ],
        "p_value": 0.05967513058144369
      },
      "medium": {
        "mean_cv": 0.10236221005307122,
        "cv_magnitude_correlation": -0.2017889618262664,
        "bin_magnitudes": [
          0.356935,
          0.468515,
          0.580095,
          0.635885,
          0.691675,
          0.747465
        ],
        "coefficient_variations": [
          0.16397155895322013,
          0.06368866947734489,
          0.03927202370241044,
          0.128564869306645,
          0.12086853932431299,
          0.09780759955449396
        ],
        "p_value": 0.7014248579481839
      },
      "short": {
        "mean_cv": 0.12528351565070703,
        "cv_magnitude_correlation": -0.48767669388572527,
        "bin_magnitudes": [
          0.14554625,
          0.23481125,
          0.32407625,
          0.36870875000000003,
          0.41334125,
          0.45797374999999996
        ],
        "coefficient_variations": [
          0.23910304041423497,
          0.07213122508063836,
          0.18321828902044637,
          0.07746852097537736,
          0.0258504968497085,
          0.15392952156383655
        ],
        "p_value": 0.3264766815512476
      }
    },
    "sequential_effect": [
      {
        "range_category": "long",
        "n_runs": 5,
        "N_total": 50,
        "r_resp_mean": -0.059804847158722585,
        "r_stim_mean": 0.23521755130669839,
        "r_resp_weighted": -0.07144956395969218,
        "r_stim_weighted": 0.23521755130669839
      },
      {
        "range_category": "medium",
        "n_runs": 5,
        "N_total": 50,
        "r_resp_mean": -0.45943782149119194,
        "r_stim_mean": 0.23520721737985428,
        "r_resp_weighted": -0.4949068234305429,
        "r_stim_weighted": 0.23520721737985426
      },
      {
        "range_category": "short",
        "n_runs": 5,
        "N_total": 50,
        "r_resp_mean": -0.5825423563815078,
        "r_stim_mean": 0.23521755130669836,
        "r_resp_weighted": -0.6254324827507163,
        "r_stim_weighted": 0.23521755130669833
      }
    ]
  },
  "overall": {
    "range_effect": {
      "range_analyses_by_category": {
        "short": {
          "slope": 0.3710806146708335,
          "regression_strength": 0.6289193853291666,
          "r_squared": 0.17619705902642296,
          "mean_stimulus_magnitude": 0.30805599999999994
        },
        "medium": {
          "slope": 0.19435555926172657,
          "regression_strength": 0.8056444407382735,
          "r_squared": 0.10095035986153286,
          "mean_stimulus_magnitude": 0.5600700000000001
        },
        "long": {
          "slope": 0.13473086348351232,
          "regression_strength": 0.8652691365164877,
          "r_squared": 0.03888024656634671,
          "mean_stimulus_magnitude": 0.7080560000000001
        }
      },
      "correlation_analysis": {
        "correlation_magnitude_regression": 0.9916172581660075,
        "p_value": 0.08248823579649994,
        "interpretation": "Regression strength increases with stimulus magnitude (r=0.992)"
      },
      "pairwise_comparison_on_overlap": {
        "short_vs_medium": {
          "categories": [
            "medium",
            "short"
          ],
          "error": "Insufficient data in common bins for t-test.",
          "t_statistic": NaN,
          "p_value": NaN,
          "is_significant": false,
          "n_overlapping_bins": 0
        },
        "short_vs_long": {
          "error": "No overlapping data found or insufficient data after binning for short vs long."
        },
        "medium_vs_long": {
          "categories": [
            "long",
            "medium"
          ],
          "t_statistic": 0.5814148179154455,
          "p_value": 0.6647294031796402,
          "is_significant": false,
          "n_overlapping_bins": 2,
          "mean_long": 0.58667,
          "mean_medium": 0.545
        }
      }
    }
  }
}