model,scope,k,aic,rmse_to_llm,r2_to_llm,r2_to_truth,rmse_vs_truth,bias_vs_truth,aic_weight
EmpiricalLinear,overall,3.0,-56.87905618970091,0.8109110956734782,0.8416817648077197,0.8928307471495972,0.6644579149470446,-0.14875666666666643,0.9999999999930658
Bayes(range),overall,0.0,-5.387163576145342,0.982203058041234,0.7677332633374099,0.7793387385758462,0.95344451755892,-0.6863115699488821,6.586847179982249e-12
Bayes(stimulus),overall,0.0,0.49851893472250075,1.0016631112199303,0.7584384462336312,0.7976013262928295,0.9131375637506963,-0.705926399796466,3.472305028271273e-13
Equal,overall,0.0,47.98613545817852,1.173456638276084,0.668473272674291,0.6793033942935176,1.1494221427605356,-0.8868171535999998,1.69360825475841e-23
LLM(Combined),overall,,,0.0,1.0,0.8391712916939652,0.8139808066942773,-0.14875666666666656,
