range_category,w_img_bayes,w_txt_bayes
short,0.5845451463770915,0.41545485362290846
medium,0.6232690687275038,0.37673093127249624
long,0.7435126947181646,0.2564873052818354
