range_category,regression_angle,scalar_variability,short_vs_medium_t,medium_vs_long_t,response_autocorr,stimulus_autocorr
short,40.90635447267069,0.18236291482162792,,,0.42781982328643203,0.24718809267831113
medium,31.83188796692033,0.21749162895967444,,,-0.04958249989638281,0.217956842254054
long,30.252509286589973,0.14770450575511068,,,0.06232384886108564,0.21906490146470325
