model,scope,k,aic,rmse_to_llm,r2_to_llm,r2_to_truth,rmse_vs_truth,bias_vs_truth,aic_weight
EmpiricalLinear,overall,3.0,-670.4123401386805,0.10175606751491303,0.7583166092627136,0.7228353973711457,0.11082282696579929,-0.08100608108108114,0.999999999570953
Bayes(stimulus),overall,0.0,-627.1739838004461,0.12017202436138869,0.6629200428610245,0.8689880084530516,0.07619313904818474,-0.022190488826217346,4.08234982608782e-10
Bayes(range),overall,0.0,-621.2213608104207,0.12261317308435878,0.6490862069825856,0.8513970214809666,0.08114730465950079,-0.014810532300991521,2.081203554570977e-11
Equal,overall,0.0,-590.068566907156,0.13622124845414318,0.5668723708680548,0.8169744942586495,0.09005672508540441,-0.0028523648648648633,3.577431403000385e-18
LLM(Combined),overall,,,0.0,1.0,0.6005712868872692,0.1330393096246572,-0.08100608108108108,
