range_category,w_img_bayes,w_txt_bayes
short,0.22287431542889105,0.777125684571109
medium,0.1706574857677029,0.8293425142322971
long,0.17628502765650014,0.8237149723434999
