model,scope,k,aic,rmse_to_llm,r2_to_llm,r2_to_truth,rmse_vs_truth,bias_vs_truth,aic_weight
Combo_Oracle,overall,0.0,-34.151889534738984,0.8741911168980991,0.7577274718294493,0.8743895131193155,0.7066313054245958,-3.496765431890257e-16,0.9985142160430137
Equal,overall,0.0,-20.82285929420059,0.9212906045069361,0.7309179811245152,0.869202758991585,0.7210729698678322,0.25498897637795276,0.0012734799481961944
EmpiricalLinear,overall,2.0,-17.06267113011606,0.9204211866859414,0.7314256044848125,0.8685098659232567,0.7229803744807428,0.24770115004908452,0.00019430215877066145
Combo_NonOracle,overall,0.0,-12.304791259427901,0.9527106323745954,0.7122512689004821,0.8600290519749382,0.7459313779614761,0.29249180239154055,1.8001850019578063e-05
LLM(Combined),overall,,,0.0,1.0,0.8527769713004019,0.7650112085021095,0.11853228346456704,
