{
  "per_range": {
    "regression_effect": {
      "long": {
        "regression_angle": 39.33739366659628,
        "slope": 0.8195809640608491,
        "intercept": -0.39245086337741153,
        "r_squared": 0.6631286434373695,
        "p_value": 6.354576787949989e-13,
        "regression_strength": 0.18041903593915087,
        "regression_strength_angular": 0.1258356962978605
      },
      "medium": {
        "regression_angle": 30.608057901163058,
        "slope": 0.5915881921369271,
        "intercept": 0.48440121155651994,
        "r_squared": 0.6075106314368577,
        "p_value": 2.592400941623241e-11,
        "regression_strength": 0.40841180786307285,
        "regression_strength_angular": 0.3198209355297098
      },
      "short": {
        "regression_angle": 41.99846373130742,
        "slope": 0.9003554945311958,
        "intercept": -0.09648428644702856,
        "r_squared": 0.9410585190165149,
        "p_value": 3.6459607150648692e-31,
        "regression_strength": 0.09964450546880421,
        "regression_strength_angular": 0.06670080597094628
      }
    },
    "weber_law": {
      "long": {
        "mean_cv": 0.0709255933845397,
        "cv_magnitude_correlation": -0.5485242261588097,
        "bin_magnitudes": [
          5.43633125,
          5.8685937500000005,
          6.300856250000001,
          7.16538125,
          7.59764375,
          8.02990625,
          8.46216875
        ],
        "coefficient_variations": [
          0.08954228152929979,
          0.07449248345449515,
          0.06980022749605139,
          0.09707518098118818,
          0.08275076184065244,
          0.07376898589702637,
          0.009049232493064578
        ],
        "p_value": 0.20231435425335595
      },
      "medium": {
        "mean_cv": 0.13397343733820297,
        "cv_magnitude_correlation": -0.24384484107281187,
        "bin_magnitudes": [
          3.39370625,
          4.31933125,
          5.24495625,
          5.70776875,
          6.63339375
        ],
        "coefficient_variations": [
          0.15366440995063937,
          0.08537347209531383,
          0.2013878993674433,
          0.1558212553353703,
          0.07362014994224805
        ],
        "p_value": 0.6926319501486906
      },
      "short": {
        "mean_cv": 0.12099632417118512,
        "cv_magnitude_correlation": -0.7661222465097277,
        "bin_magnitudes": [
          1.47201875,
          2.36009375,
          3.2481687499999996,
          3.69220625,
          4.13624375,
          4.5802812500000005
        ],
        "coefficient_variations": [
          0.24572319168561127,
          0.10137980815096599,
          0.11727509548414061,
          0.10235284297703005,
          0.04970990588027533,
          0.1095371008490875
        ],
        "p_value": 0.07565178871681087
      }
    },
    "sequential_effect": [
      {
        "range_category": "long",
        "n_runs": 5,
        "N_total": 50,
        "r_resp_mean": 0.30201396100470934,
        "r_stim_mean": 0.2190649014647032,
        "r_resp_weighted": 0.3040139761417028,
        "r_stim_weighted": 0.21906490146470325
      },
      {
        "range_category": "medium",
        "n_runs": 5,
        "N_total": 50,
        "r_resp_mean": -0.0932114982734222,
        "r_stim_mean": 0.217956842254054,
        "r_resp_weighted": -0.09371991261466144,
        "r_stim_weighted": 0.217956842254054
      },
      {
        "range_category": "short",
        "n_runs": 5,
        "N_total": 50,
        "r_resp_mean": 0.21080649581330113,
        "r_stim_mean": 0.24718809267831113,
        "r_resp_weighted": 0.2121116381401769,
        "r_stim_weighted": 0.24718809267831113
      }
    ]
  },
  "overall": {
    "range_effect": {
      "range_analyses_by_category": {
        "short": {
          "slope": 0.9003554945311958,
          "regression_strength": 0.09964450546880421,
          "r_squared": 0.9410585190165149,
          "mean_stimulus_magnitude": 3.0697699999999997
        },
        "medium": {
          "slope": 0.5915881921369271,
          "regression_strength": 0.40841180786307285,
          "r_squared": 0.6075106314368577,
          "mean_stimulus_magnitude": 5.0383
        },
        "long": {
          "slope": 0.8195809640608491,
          "regression_strength": 0.18041903593915087,
          "r_squared": 0.6631286434373695,
          "mean_stimulus_magnitude": 7.0569999999999995
        }
      },
      "correlation_analysis": {
        "correlation_magnitude_regression": 0.24518519583289153,
        "p_value": 0.8423024612568403,
        "interpretation": "Regression strength increases with stimulus magnitude (r=0.245)"
      },
      "pairwise_comparison_on_overlap": {
        "short_vs_medium": {
          "error": "No overlapping data found or insufficient data after binning for short vs medium."
        },
        "short_vs_long": {
          "error": "No overlapping data found or insufficient data after binning for short vs long."
        },
        "medium_vs_long": {
          "error": "No overlapping data found or insufficient data after binning for medium vs long."
        }
      }
    }
  }
}