{
    "Basic Single-Stage": {
        "model_name": "bayes_basic_single",
        "params": {
            "w_p": 0.0,
            "delta": -0.09119400396994862
        },
        "steady_state_weight": null,
        "mode": "single",
        "model_type": "basic",
        "r_squared": 0.9032045061073016,
        "aic": -152.98333949570582,
        "bic": -150.1809447323815,
        "n_params": 2,
        "mse": 0.005337673937333353,
        "rmse": 0.07305938637391744,
        "predictions": [
            0.15862599603005137,
            0.3890959960300514,
            0.30160599603005134,
            0.24826599603005137,
            0.07121599603005138,
            0.07120599603005137,
            0.032035996030051375,
            0.35527599603005133,
            0.24925599603005136,
            0.29203599603005137,
            0.3960759960300514,
            0.6841659960300515,
            0.5748059960300514,
            0.5081359960300514,
            0.28681599603005137,
            0.2868059960300514,
            0.23784599603005138,
            0.6418959960300514,
            0.5093659960300514,
            0.5628459960300514,
            0.5586259960300514,
            0.7890959960300515,
            0.7016059960300514,
            0.6482659960300514,
            0.4712159960300514,
            0.4712059960300514,
            0.4320359960300514,
            0.7552759960300512,
            0.6492559960300515,
            0.6920359960300514
        ],
        "converged": true,
        "confidence_intervals": {
            "w_p": [
                -10.610556742983578,
                10.610556742983578
            ],
            "delta": [
                -1.4771232992265728,
                1.2947352912866756
            ]
        }
    },
    "Basic Two-Stage": {
        "model_name": "bayes_basic_sequential",
        "params": {
            "r_div_q": 0.01,
            "delta": -0.09119255884314056
        },
        "steady_state_weight": 0.9999000099990001,
        "mode": "sequential",
        "model_type": "basic",
        "r_squared": 0.9031997532808796,
        "aic": -152.98186675580988,
        "bic": -150.17947199248556,
        "n_params": 2,
        "mse": 0.005337936026369744,
        "rmse": 0.07306118002311313,
        "predictions": [
            0.15862744115685942,
            0.3890743987652867,
            0.3016161861037183,
            0.24827277496464586,
            0.07123514315001855,
            0.07120744392650483,
            0.03204135737393213,
            0.35524512401158703,
            0.24926803780592102,
            0.29203316507169863,
            0.3960774411568594,
            0.6841386379174437,
            0.574818372090458,
            0.5081441079166675,
            0.2868395693981084,
            0.28680744436904115,
            0.23785233617822535,
            0.6418570447252441,
            0.5093806874680864,
            0.5628420955505583,
            0.5586274411568594,
            0.7890743987652868,
            0.7016161861037182,
            0.6482727749646459,
            0.47123514315001847,
            0.4712074439265048,
            0.4320413573739321,
            0.7552451240115869,
            0.649268037805921,
            0.6920331650716985
        ],
        "converged": true,
        "confidence_intervals": {
            "r_div_q": [
                -84201.59867257166,
                84201.61867257165
            ],
            "delta": [
                -24.46350584499191,
                24.28112072730563
            ]
        }
    },
    "Weber Single-Stage": {
        "model_name": "bayes_weber_single",
        "params": {
            "w_p": 0.0,
            "delta": -0.15199452577576464
        },
        "steady_state_weight": null,
        "mode": "single",
        "model_type": "weber",
        "r_squared": 0.8679066849299144,
        "aic": -143.65759625537626,
        "bic": -140.85520149205195,
        "n_params": 2,
        "mse": 0.007284130870050193,
        "rmse": 0.08534711986968391,
        "predictions": [
            0.21459348601814895,
            0.41256559882132715,
            0.3374123027344175,
            0.2915936170186128,
            0.1395089093698832,
            0.1395003194400527,
            0.10585356429404463,
            0.3835144561346283,
            0.29244402007183073,
            0.3291917398866438,
            0.4185613698430054,
            0.6660286583294359,
            0.5720891857032564,
            0.5148201235234158,
            0.3247077965151309,
            0.3246992065853004,
            0.28264291013524784,
            0.6297190249359775,
            0.5158766848925652,
            0.5618156296259968,
            0.5581906792375323,
            0.7561627920407107,
            0.6810094959538009,
            0.6351908102379962,
            0.4831061025892666,
            0.4830975126594362,
            0.449450757513428,
            0.7271116493540116,
            0.6360412132912142,
            0.6727889331060272
        ],
        "converged": true,
        "confidence_intervals": {
            "w_p": [
                -2.3800061359537015,
                2.3800061359537015
            ],
            "delta": [
                -3.0108104599384804,
                2.7068214083869515
            ]
        }
    },
    "Weber Two-Stage": {
        "model_name": "bayes_weber_sequential",
        "params": {
            "r_div_q": 0.01,
            "delta": -0.1519837760659945
        },
        "steady_state_weight": 0.9999000099990001,
        "mode": "sequential",
        "model_type": "weber",
        "r_squared": 0.8678978115765816,
        "aic": -143.65558135309726,
        "bic": -140.85318658977295,
        "n_params": 2,
        "mse": 0.007284620180708321,
        "rmse": 0.08534998641305294,
        "predictions": [
            0.21459579285899083,
            0.4125430724868934,
            0.3374227114407426,
            0.29160100705491454,
            0.13952069277936202,
            0.13950182093367763,
            0.10585762336371547,
            0.38346922193788097,
            0.2924550869111829,
            0.3291913837371758,
            0.4185658692911858,
            0.6660048869355807,
            0.5721040292231099,
            0.5148310877001471,
            0.32472625044253794,
            0.3247026993918283,
            0.2826498684574129,
            0.629675360634544,
            0.5158925113740688,
            0.5618168784478242,
            0.5581966796683316,
            0.7561479715421134,
            0.6810239421180113,
            0.6352020624006645,
            0.4831245159866905,
            0.48310270803667804,
            0.4494588330986023,
            0.7270844956651885,
            0.6360565572783781,
            0.6727923881259011
        ],
        "converged": true,
        "confidence_intervals": {
            "r_div_q": [
                -244.39641457367102,
                244.416414573671
            ],
            "delta": [
                -4.74575710267001,
                4.441789550538021
            ]
        }
    },
    "Linear Regression": {
        "model_name": "linear",
        "params": {
            "slope": 1.0617793120799501,
            "intercept": -0.123652479890933
        },
        "steady_state_weight": null,
        "mode": "linear",
        "model_type": "linear",
        "log_likelihood": null,
        "r_squared": 0.9062726554429101,
        "aic": -153.94946949446083,
        "bic": -151.1470747311365,
        "n_params": 2,
        "mse": 0.005168484442183111,
        "rmse": 0.07189217232900333,