model,scope,k,aic,rmse_to_llm,r2_to_llm,r2_to_truth,rmse_vs_truth,bias_vs_truth,aic_weight
EmpiricalLinear,overall,3.0,-82.93253941319072,0.7434588967662552,0.8580078109693051,0.7526684820127361,1.0094204735572492,-0.6180593210401313,0.9999816513385649
Bayes(stimulus),overall,0.0,-61.06455790501456,0.8158306140795244,0.8290179478767833,0.8457980943675447,0.7970347340400884,-0.5017850221851532,1.7841040599986563e-05
Bayes(range),overall,0.0,-53.94551399994912,0.835421926963484,0.8207074399457908,0.841586508937114,0.8078457788162912,-0.475442381128669,5.076208352023783e-07
Equal,overall,0.0,93.1421829856272,1.3640714534618268,0.5220034418596671,0.6808855662533071,1.1465832725963292,-0.6385460800718217,5.832461235091793e-39
LLM(Combined),overall,,,0.0,1.0,0.6574196919624814,1.187992162072657,-0.6180593210401333,
