range_category,w_img_bayes,w_txt_bayes
short,0.44497596348601437,0.5550240365139856
medium,0.8732473401818323,0.12675265981816775
long,0.873485790455288,0.12651420954471204
