model,scope,k,aic,rmse_to_llm,r2_to_llm,r2_to_truth,rmse_vs_truth,bias_vs_truth,aic_weight
Combo_Oracle,overall,0.0,-732.0335282887468,0.08715111081991492,0.7870354289561136,0.829404695757612,0.08696419911534657,-9.769962616701378e-17,0.9999999999873734
EmpiricalLinear,overall,2.0,-681.405295328054,0.10180619543694855,0.7093904233950281,0.7075525409465888,0.11386254626174386,0.07146654183484771,1.0144225583508712e-11
Equal,overall,0.0,-678.2438885278764,0.10426568626990057,0.6951793968413954,0.6852141105223095,0.11813119401749904,0.07321,2.0879886527120157e-12
Combo_NonOracle,overall,0.0,-674.9106883807644,0.10543060714631247,0.6883300574226143,0.6773333378649211,0.11960078044596947,0.0735889637065472,3.9439637870619227e-13
LLM(Combined),overall,,,0.0,1.0,0.8251618190823676,0.08803900082728487,0.015409999999999998,
