model,scope,k,aic,rmse_to_llm,r2_to_llm,r2_to_truth,rmse_vs_truth,bias_vs_truth,aic_weight
EmpiricalLinear,overall,2.0,-893.6444145354036,0.0501795327959631,0.9448997053019562,0.9505681757391027,0.04681089538839403,-0.005454631355064493,0.9548274982236649
Combo_NonOracle,overall,0.0,-886.8707362095919,0.05201434216572996,0.9407965636436071,0.9474568602817928,0.048261591512318965,-0.00676675963018696,0.03228786719830194
Combo_Oracle,overall,0.0,-884.856496801399,0.05236474831189899,0.9399962026436313,0.9514724192648985,0.04638076948690431,-1.3322676295501878e-17,0.011793774730291012
Equal,overall,0.0,-880.0952856201399,0.05320244355290459,0.9380610478404218,0.9420741974031595,0.050673354997144864,-0.0037606666666666626,0.0010908598477420127
LLM(Combined),overall,,,0.0,1.0,0.9544403276237116,0.044940088710786204,-0.016727333333333327,
