range_category,regression_angle,scalar_variability,short_vs_medium_t,medium_vs_long_t,response_autocorr,stimulus_autocorr
short,36.743151436099566,0.10801928230253806,,,0.5022160186761189,0.23502816576403177
medium,24.8201806501414,0.12670578609707772,,,-0.054162111363286386,0.23525030686203605
long,26.433753515287204,0.19078509959450754,,,-0.0939356869080318,0.2551358252884202
