range_category,regression_angle,scalar_variability,short_vs_medium_t,medium_vs_long_t,response_autocorr,stimulus_autocorr
short,-3.567160522647032,0.2427625278565376,,,-0.4245662559171741,0.24718809267831113
medium,-4.075172154724442,0.18871309576060794,,,-0.4408091986991597,0.217956842254054
long,13.042070951471867,0.20120060344598228,,,-0.4083379019486278,0.21906490146470325
