model,scope,k,aic,rmse_to_llm,r2_to_llm,r2_to_truth,rmse_vs_truth,bias_vs_truth,aic_weight
EmpiricalLinear,overall,3.0,-695.3658670752505,0.09653146866529243,0.06681624446945178,0.06867473085982545,0.20318625346709981,-0.03815844439999978,0.9999989416460361
Bayes(range),overall,0.0,-666.9196560603064,0.1082766752045394,-0.1740839899318165,0.1197514866135232,0.19753601093543097,-0.05894610539947143,6.652475793339431e-07
Equal,overall,0.0,-665.8673400717513,0.10865714636261467,-0.1823496654035781,0.10805159927737285,0.19884445960288027,-0.0551341111,3.930753315533692e-07
Bayes(stimulus),overall,0.0,-646.9752318691109,0.11571973298873163,-0.34104758512812317,0.1702600689031738,0.19178499460816772,-0.06287768130690781,3.105321837895524e-11
LLM(Combined),overall,,,0.0,1.0,0.013744450326398261,0.20909245374664573,-0.038158444399999984,
