range_category,w_img_bayes,w_txt_bayes
short,0.4432399856652343,0.5567600143347657
medium,0.40130565543128405,0.598694344568716
long,0.315276805846851,0.684723194153149
