model,scope,k,aic,rmse_to_llm,r2_to_llm,r2_to_truth,rmse_vs_truth,bias_vs_truth,aic_weight
EmpiricalLinear,overall,2.0,-715.2083611666561,0.07664267136084742,0.7668705753293492,0.6384972870405903,0.12771571313822996,-0.06716634350032927,0.9986920069781107
Equal,overall,0.0,-701.9324554286948,0.08152042907850067,0.7362522650838028,0.6068061184933592,0.13319622852071622,-0.06294192857142854,0.0013079925545909357
Combo_NonOracle,overall,0.0,-672.2428721652884,0.0906392985951539,0.6739464770664868,0.5611832947165425,0.14071167359112247,-0.05980698069012039,4.67298278632076e-10
Combo_Oracle,overall,0.0,-591.8041281173266,0.12080396491429463,0.42081380498911347,0.7789966110571831,0.09985918539763948,-2.8231385483325407e-16,1.5942001498091854e-27
LLM(Combined),overall,,,0.0,1.0,0.5711763618065788,0.13910025009990867,-0.09481692857142855,
