model,scope,k,aic,rmse_to_llm,r2_to_llm,r2_to_truth,rmse_vs_truth,bias_vs_truth,aic_weight
Equal,overall,0.0,-771.4346873966572,0.07642472893100027,0.9110157366263865,0.7867171068227821,0.09723478110216732,-0.05393852380952382,0.8598201841427855
EmpiricalLinear,overall,2.0,-767.807092060686,0.07632991803818656,0.9112363836445303,0.784981365939385,0.09762963788649086,-0.05246459657819209,0.14017976171127036
Combo_NonOracle,overall,0.0,-738.2735858653443,0.08535707382702928,0.8889996284821667,0.7727602180341355,0.10036581398129948,-0.06726125841598005,5.414594421078024e-08
Combo_Oracle,overall,0.0,-633.084893070215,0.12120366373892927,0.7761913377712824,0.8755395596972848,0.07427784508792998,-8.881784197001253e-18,7.800662919719028e-31
LLM(Combined),overall,,,0.0,1.0,0.6984891069868729,0.11560992852403869,-0.06572733333333332,
