{
  "empirical_linear": {
    "w_txt_norm": 0.4810765791033852,
    "w_img_norm": 0.5189234208966148
  },
  "combo_oracle": {
    "w_txt_norm": 0.4940055859102978,
    "w_img_norm": 0.5059944140897021
  },
  "combo_non_oracle": {
    "w_txt_norm": 0.6710475992929994,
    "w_img_norm": 0.32895240070700055
  }
}