{
  "per_range": {
    "regression_effect": {
      "long": {
        "regression_angle": 13.257884870645123,
        "slope": 0.2356139953897364,
        "intercept": 0.523653510564297,
        "r_squared": 0.20638734507869608,
        "p_value": 0.0009195533190204417,
        "regression_strength": 0.7643860046102636,
        "regression_strength_angular": 0.7053803362078862
      },
      "medium": {
        "regression_angle": 12.796958767392326,
        "slope": 0.2271386071275004,
        "intercept": 0.4663814803061008,
        "r_squared": 0.1531671777613696,
        "p_value": 0.004947423945539282,
        "regression_strength": 0.7728613928724997,
        "regression_strength_angular": 0.7156231385023928
      },
      "short": {
        "regression_angle": 27.305031136784695,
        "slope": 0.516249694969411,
        "intercept": 0.16367328146467286,
        "r_squared": 0.4303546752120241,
        "p_value": 2.3217047491979394e-07,
        "regression_strength": 0.483750305030589,
        "regression_strength_angular": 0.39322153029367346
      }
    },
    "weber_law": {
      "long": {
        "mean_cv": 0.06483407948785831,
        "cv_magnitude_correlation": -0.10347768800624776,
        "bin_magnitudes": [
          0.54551875,
          0.63479375,
          0.72406875,
          0.7687062499999999,
          0.81334375,
          0.8579812499999999
        ],
        "coefficient_variations": [
          0.06013170948056542,
          0.05868037549581113,
          0.12666385491133722,
          0.02298294157058745,
          0.07358843536252128,
          0.04695716010632739
        ],
        "p_value": 0.8453374684879276
      },
      "medium": {
        "mean_cv": 0.10807312131770914,
        "cv_magnitude_correlation": -0.3728358703113592,
        "bin_magnitudes": [
          0.3569,
          0.4685,
          0.5801000000000001,
          0.6358999999999999,
          0.6917,
          0.7475
        ],
        "coefficient_variations": [
          0.16781548810999966,
          0.053434456330955504,
          0.10700165297267726,
          0.14337630432876475,
          0.12212705768553392,
          0.05468376847832383
        ],
        "p_value": 0.4666595153036954
      },
      "short": {
        "mean_cv": 0.16184685679533364,
        "cv_magnitude_correlation": -0.9497244326963433,
        "bin_magnitudes": [
          0.14551875,
          0.23479374999999997,
          0.32406874999999996,
          0.36870624999999996,
          0.41334374999999995,
          0.45798125
        ],
        "coefficient_variations": [
          0.2792768168820179,
          0.20761361853185878,
          0.12873645174648204,
          0.12728687628217975,
          0.1413267460453102,
          0.08684063128415306
        ],
        "p_value": 0.0037279099184047023
      }
    },
    "sequential_effect": [
      {
        "range_category": "long",
        "n_runs": 5,
        "N_total": 50,
        "r_resp_mean": 0.14647538847972255,
        "r_stim_mean": 0.23502816576403168,
        "r_resp_weighted": 0.14705577405674217,
        "r_stim_weighted": 0.23502816576403165
      },
      {
        "range_category": "medium",
        "n_runs": 5,
        "N_total": 50,
        "r_resp_mean": -0.13144947630570641,
        "r_stim_mean": 0.23525030686203605,
        "r_resp_weighted": -0.13976007654134306,
        "r_stim_weighted": 0.23525030686203605
      },
      {
        "range_category": "short",
        "n_runs": 5,
        "N_total": 50,
        "r_resp_mean": 0.48373136016564644,
        "r_stim_mean": 0.2350281657640318,
        "r_resp_weighted": 0.4842400349971023,
        "r_stim_weighted": 0.23502816576403177
      }
    ]
  },
  "overall": {
    "range_effect": {
      "range_analyses_by_category": {
        "short": {
          "slope": 0.516249694969411,
          "regression_strength": 0.483750305030589,
          "r_squared": 0.4303546752120241,
          "mean_stimulus_magnitude": 0.30805000000000005
        },
        "medium": {
          "slope": 0.2271386071275004,
          "regression_strength": 0.7728613928724997,
          "r_squared": 0.1531671777613696,
          "mean_stimulus_magnitude": 0.56007
        },
        "long": {
          "slope": 0.2356139953897364,
          "regression_strength": 0.7643860046102636,
          "r_squared": 0.20638734507869608,
          "mean_stimulus_magnitude": 0.7080500000000001
        }
      },
      "correlation_analysis": {
        "correlation_magnitude_regression": 0.9209427519430731,
        "p_value": 0.2548411413024449,
        "interpretation": "Regression strength increases with stimulus magnitude (r=0.921)"
      },
      "pairwise_comparison_on_overlap": {
        "short_vs_medium": {
          "categories": [
            "medium",
            "short"
          ],
          "error": "Insufficient data in common bins for t-test.",
          "t_statistic": NaN,
          "p_value": NaN,
          "is_significant": false,
          "n_overlapping_bins": 0
        },
        "short_vs_long": {
          "error": "No overlapping data found or insufficient data after binning for short vs long."
        },
        "medium_vs_long": {
          "categories": [
            "long",
            "medium"
          ],
          "t_statistic": 1.4397058823529394,
          "p_value": 0.38648127606381305,
          "is_significant": false,
          "n_overlapping_bins": 2,
          "mean_long": 0.7128000000000001,
          "mean_medium": 0.6149
        }
      }
    }
  }
}