{
  "per_range": {
    "regression_effect": {
      "long": {
        "regression_angle": 33.1694147231899,
        "slope": 0.6536195287220421,
        "intercept": 0.15200469268835803,
        "r_squared": 0.44022350676387834,
        "p_value": 1.5105361133594808e-07,
        "regression_strength": 0.3463804712779579,
        "regression_strength_angular": 0.2629018950402244
      },
      "medium": {
        "regression_angle": 40.03618772644048,
        "slope": 0.840176495566243,
        "intercept": 0.12014235012821423,
        "r_squared": 0.8252848955626841,
        "p_value": 8.219888967882807e-20,
        "regression_strength": 0.15982350443375704,
        "regression_strength_angular": 0.11030693941243376
      },
      "short": {
        "regression_angle": 40.3681673940557,
        "slope": 0.8501091603265134,
        "intercept": 0.12872387316141753,
        "r_squared": 0.662382983661837,
        "p_value": 6.704442600737629e-13,
        "regression_strength": 0.1498908396734866,
        "regression_strength_angular": 0.10292961346542881
      }
    },
    "weber_law": {
      "long": {
        "mean_cv": 0.14549474951820476,
        "cv_magnitude_correlation": -0.835530025779798,
        "bin_magnitudes": [
          0.54551875,
          0.63479375,
          0.72406875,
          0.7687062499999999,
          0.81334375,
          0.8579812499999999
        ],
        "coefficient_variations": [
          0.17925576669880353,
          0.15471102134617404,
          0.17858070643025342,
          0.1331552914751369,
          0.11571603327573934,
          0.1115496778831212
        ],
        "p_value": 0.03835107160270925
      },
      "medium": {
        "mean_cv": 0.09631182189184616,
        "cv_magnitude_correlation": -0.9408185531388874,
        "bin_magnitudes": [
          0.3569,
          0.4685,
          0.5801000000000001,
          0.6358999999999999,
          0.6917,
          0.7475
        ],
        "coefficient_variations": [
          0.16188643117848095,
          0.11843596994002528,
          0.11654711154743973,
          0.06700593942604897,
          0.05121480702807321,
          0.06278067223100871
        ],
        "p_value": 0.0051500256374076145
      },
      "short": {
        "mean_cv": 0.1798295794240032,
        "cv_magnitude_correlation": -0.29197122937171993,
        "bin_magnitudes": [
          0.14551875,
          0.23479374999999997,
          0.32406874999999996,
          0.36870624999999996,
          0.41334374999999995,
          0.45798125
        ],
        "coefficient_variations": [
          0.2350704715305349,
          0.17945173225316816,
          0.18525480878720083,
          0.1001006866224058,
          0.14145959372786557,
          0.23764018362284403
        ],
        "p_value": 0.5744880206566877
      }
    },
    "sequential_effect": [
      {
        "range_category": "long",
        "n_runs": 5,
        "N_total": 50,
        "r_resp_mean": 0.32684391920173017,
        "r_stim_mean": 0.23502816576403168,
        "r_resp_weighted": 0.33076844623089346,
        "r_stim_weighted": 0.23502816576403165
      },
      {
        "range_category": "medium",
        "n_runs": 5,
        "N_total": 50,
        "r_resp_mean": 0.18921767168585357,
        "r_stim_mean": 0.23525030686203605,
        "r_resp_weighted": 0.1911515949951019,
        "r_stim_weighted": 0.23525030686203605
      },
      {
        "range_category": "short",
        "n_runs": 5,
        "N_total": 50,
        "r_resp_mean": 0.11147682750525856,
        "r_stim_mean": 0.2350281657640318,
        "r_resp_weighted": 0.11199806895619302,
        "r_stim_weighted": 0.23502816576403177
      }
    ]
  },
  "overall": {
    "range_effect": {
      "range_analyses_by_category": {
        "short": {
          "slope": 0.8501091603265134,
          "regression_strength": 0.1498908396734866,
          "r_squared": 0.662382983661837,
          "mean_stimulus_magnitude": 0.30805000000000005
        },
        "medium": {
          "slope": 0.840176495566243,
          "regression_strength": 0.15982350443375704,
          "r_squared": 0.8252848955626841,
          "mean_stimulus_magnitude": 0.56007
        },
        "long": {
          "slope": 0.6536195287220421,
          "regression_strength": 0.3463804712779579,
          "r_squared": 0.44022350676387834,
          "mean_stimulus_magnitude": 0.7080500000000001
        }
      },
      "correlation_analysis": {
        "correlation_magnitude_regression": 0.8093388853485679,
        "p_value": 0.3996512340919906,
        "interpretation": "Regression strength increases with stimulus magnitude (r=0.809)"
      },
      "pairwise_comparison_on_overlap": {
        "short_vs_medium": {
          "categories": [
            "medium",
            "short"
          ],
          "error": "Insufficient data in common bins for t-test.",
          "t_statistic": NaN,
          "p_value": NaN,
          "is_significant": false,
          "n_overlapping_bins": 0
        },
        "short_vs_long": {
          "error": "No overlapping data found or insufficient data after binning for short vs long."
        },
        "medium_vs_long": {
          "categories": [
            "long",
            "medium"
          ],
          "t_statistic": -5.999999999999992,
          "p_value": 0.10513691342250697,
          "is_significant": false,
          "n_overlapping_bins": 2,
          "mean_long": 0.643,
          "mean_medium": 0.727
        }
      }
    }
  }
}