model,scope,k,aic,rmse_to_llm,r2_to_llm,r2_to_truth,rmse_vs_truth,bias_vs_truth,aic_weight
Combo_NonOracle,overall,0.0,-79.66801052912714,0.7444819246481623,0.8479993286239651,0.7924932867471971,0.9381074685149732,-0.5604927904327789,0.864885706669166
EmpiricalLinear,overall,2.0,-75.95505786981137,0.7436908579824245,0.84832218073626,0.796048558585289,0.9300363160946842,-0.5553043469132128,0.13511429333083394
Combo_Oracle,overall,0.0,16.806060115052837,1.0642226931493315,0.689399449435264,0.8662843308377132,0.7530566859920558,-1.2631870857957337e-15,9.724795023238003e-22
Equal,overall,0.0,101.96215833017061,1.4588341997676704,0.41635460620376974,0.5445417700102455,1.3898271610949404,-0.3655197407407407,3.136668904318844e-40
LLM(Combined),overall,,,0.0,1.0,0.6313320149568551,1.2504151598968336,-0.8232274222183851,
