model,scope,k,aic,rmse_to_llm,r2_to_llm,r2_to_truth,rmse_vs_truth,bias_vs_truth,aic_weight
Combo_NonOracle,overall,0.0,-651.0399814434828,0.11416240130059066,0.25703698707245815,0.2658892623632597,0.1804005069296705,-0.12144806079996745,0.8621609939600827
EmpiricalLinear,overall,2.0,-647.3732701623285,0.1140356415913543,0.25868596238280295,0.23677401031492495,0.18394311666326374,-0.12435706338435219,0.13783900595154341
Equal,overall,0.0,-605.0377179276352,0.13308165482169665,-0.00961870580751678,0.510316077048077,0.14733803999466988,-0.08725055318375206,8.83738490084661e-11
Combo_Oracle,overall,0.0,-482.2925882174249,0.2003595130768069,-1.2884474205479752,0.6690655205605998,0.12112337799026522,1.3026616822268503e-16,1.961360901748693e-37
LLM(Combined),overall,,,0.0,1.0,-0.1997672405041735,0.2306245122849405,-0.17865666666666666,
