{
    "Basic Single-Stage": {
        "model_name": "bayes_basic_single",
        "params": {
            "w_p": 0.0,
            "delta": -0.042000004554678866
        },
        "steady_state_weight": null,
        "mode": "single",
        "model_type": "basic",
        "r_squared": 0.9474764523719269,
        "aic": -176.36226503036295,
        "bic": -173.55987026703863,
        "n_params": 2,
        "mse": 0.00244800000000002,
        "rmse": 0.04947726750741213,
        "predictions": [
            0.20799999544532113,
            0.4379999954453211,
            0.3479999954453211,
            0.2979999954453212,
            0.11799999544532114,
            0.11799999544532114,
            0.07799999544532113,
            0.4079999954453212,
            0.2979999954453212,
            0.3379999954453211,
            0.4479999954453212,
            0.7379999954453211,
            0.6279999954453211,
            0.5579999954453211,
            0.3379999954453211,
            0.3379999954453211,
            0.2879999954453212,
            0.6879999954453211,
            0.5579999954453211,
            0.6079999954453211,
            0.6079999954453211,
            0.8379999954453212,
            0.7479999954453211,
            0.6979999954453211,
            0.5179999954453212,
            0.5179999954453212,
            0.4779999954453211,
            0.8079999954453211,
            0.6979999954453211,
            0.7379999954453211
        ],
        "converged": true,
        "confidence_intervals": {
            "w_p": [
                -10.570582651351305,
                10.570582651351305
            ],
            "delta": [
                -1.427929295449754,
                1.3439292863403962
            ]
        }
    },
    "Basic Two-Stage": {
        "model_name": "bayes_basic_sequential",
        "params": {
            "r_div_q": 0.01,
            "delta": -0.04199860515682413
        },
        "steady_state_weight": 0.9999000099990001,
        "mode": "sequential",
        "model_type": "basic",
        "r_squared": 0.9474749740955393,
        "aic": -176.36142103635783,
        "bic": -173.5590262730335,
        "n_params": 2,
        "mse": 0.0024480688990131403,
        "rmse": 0.04947796377189688,
        "predictions": [
            0.20800139484317587,
            0.4379783994422052,
            0.34801039074454543,
            0.2980063947428361,
            0.11801939174396561,
            0.11800139664250611,
            0.0780053940435557,
            0.40796840184136646,
            0.2980123893450853,
            0.3379973967422063,
            0.4480013948431759,
            0.7379724006419519,
            0.6280123897448853,
            0.558008394542796,
            0.33802339114410557,
            0.33800139704236615,
            0.2880063938436457,
            0.6879614033409764,
            0.5580143882454751,
            0.6079963971420064,
            0.608001394843176,
            0.8379783994422052,
            0.7480103907445455,
            0.6980063947428361,
            0.5180193917439657,
            0.5180013966425061,
            0.47800539404355574,
            0.8079684018413664,
            0.6980123893450851,
            0.7379973967422062
        ],
        "converged": true,
        "confidence_intervals": {
            "r_div_q": [
                -1032.763445253437,
                1032.783445253437
            ],
            "delta": [
                -1.4577602354065071,
                1.3737630250928587
            ]
        }
    },
    "Weber Single-Stage": {
        "model_name": "bayes_weber_single",
        "params": {
            "w_p": 0.0,
            "delta": -0.07194454936152687
        },
        "steady_state_weight": null,
        "mode": "single",
        "model_type": "weber",
        "r_squared": 0.9427271409723728,
        "aic": -173.766323308352,
        "bic": -170.9639285450277,
        "n_params": 2,
        "mse": 0.0026693543226066437,
        "rmse": 0.05166579451248808,
        "predictions": [
            0.23264555452602315,
            0.44667952855406845,
            0.36292710393439853,
            0.31639797914569306,
            0.1488931299063533,
            0.1488931299063533,
            0.11166983007538894,
            0.4187620536808452,
            0.31639797914569306,
            0.35362127897665746,
            0.4559853535118096,
            0.7258542772863014,
            0.6234902027511493,
            0.5583494280469615,
            0.35362127897665746,
            0.35362127897665746,
            0.30709215418795194,
            0.6793251524975957,
            0.5583494280469615,
            0.604878552835667,
            0.604878552835667,
            0.8189125268637124,
            0.7351601022440424,
            0.688630977455337,
            0.5211261282159972,
            0.5211261282159972,
            0.4839028283850329,
            0.7909950519904889,
            0.688630977455337,
            0.7258542772863014
        ],
        "converged": true,
        "confidence_intervals": {
            "w_p": [
                -11.660253662031359,
                11.660253662031359
            ],
            "delta": [
                -2.9951801818273847,
                2.851291083104331
            ]
        }
    },
    "Weber Two-Stage": {
        "model_name": "bayes_weber_sequential",
        "params": {
            "r_div_q": 0.01,
            "delta": -0.07193295908131032
        },
        "steady_state_weight": 0.9999000099990001,
        "mode": "sequential",
        "model_type": "weber",
        "r_squared": 0.9427232913012282,
        "aic": -173.76430764143805,
        "bic": -170.96191287811374,
        "n_params": 2,
        "mse": 0.00266953374679612,
        "rmse": 0.051667530875745556,
        "predictions": [
            0.23264825098040784,
            0.4466555741649893,
            0.3629388424880004,
            0.3164059872059217,
            0.14890607732450464,
            0.14889485676294412,
            0.11167433636657474,
            0.4187115725811074,
            0.31641050929590536,
            0.353621446159475,
            0.45599063855204913,
            0.7258289532174267,
            0.6235069026837026,
            0.5583620605227904,
            0.35364152725877357,
            0.3536253791963215,
            0.30710004513384326,
            0.6792791042663789,
            0.5583668432019169,
            0.604880724104494,
            0.6048855635998099,
            0.8188972144897848,
            0.7351765509063473,
            0.688643461308252,
            0.5211466905564412,
            0.5211321697123635,
            0.48391202244293263,
            0.7909653586885711,
            0.68864849729931,
            0.7258588707679675
        ],
        "converged": true,
        "confidence_intervals": {
            "r_div_q": [
                -30.827335101262758,
                30.84733510126276
            ],
            "delta": [
                -2.5840833862417236,
                2.440217468079103
            ]
        }
    },
    "Linear Regression": {
        "model_name": "linear",
        "params": {
            "slope": 0.9961202861101748,
            "intercept": -0.03996315020784147
        },
        "steady_state_weight": null,
        "mode": "linear",
        "model_type": "linear",
        "log_likelihood": null,
        "r_squared": 0.9474908254850414,
        "aic": -176.37047232603373,
        "bic": -173.56807756270942,
        "n_params": 2,
        "mse": 0.002447330102735022,
        "rmse": 0.04947049729621709,
        "predictions": "[0.20906692 0.43817459 0.34852376 0.29871775 0.1194161  0.1194161\n 0.07957128 0.40829098 0.29871775 0.33856256 0.44813579 0.73701067\n 0.62743744 0.55770902 0.33856256 0.33856256 0.28875654 0.68720466\n 0.55770902 0.60751504 0.60751504 0.8366227  0.74697188 0.69716586\n 0.51786421 0.51786421 0.4780194  0.80673909 0.69716586 0.73701067]",