{
    "Basic Single-Stage": {
        "model_name": "bayes_basic_single",
        "params": {
            "w_p": 0.0,
            "delta": 2.30163333438903
        },
        "steady_state_weight": null,
        "mode": "single",
        "model_type": "basic",
        "r_squared": 0.6456753519012919,
        "aic": 30.539623932352164,
        "bic": 31.955724334556585,
        "n_params": 2,
        "mse": 5.8667926742222205,
        "rmse": 2.42214629496697,
        "predictions": [
            4.80163333438903,
            7.10393333438903,
            6.20673333438903,
            5.70203333438903,
            3.90243333438903,
            6.77373333438903,
            9.12533333438903,
            8.265033334389031,
            7.68683333438903,
            5.90723333438903,
            8.801633334389031,
            11.147533334389031,
            10.24283333438903,
            9.73463333438903,
            7.95853333438903
        ],
        "converged": true,
        "confidence_intervals": {
            "w_p": [
                -1.2666263185922677,
                1.2666263185922677
            ],
            "delta": [
                0.7875890338142897,
                3.8156776349637704
            ]
        }
    },
    "Basic Two-Stage": {
        "model_name": "bayes_basic_sequential",
        "params": {
            "r_div_q": 0.01,
            "delta": 2.301615937800469
        },
        "steady_state_weight": 0.9999000099990001,
        "mode": "sequential",
        "model_type": "basic",
        "r_squared": 0.6456556695207425,
        "aic": 30.54045714409677,
        "bic": 31.95655754630119,
        "n_params": 2,
        "mse": 5.867118568699609,
        "rmse": 2.4222135679373133,
        "predictions": [
            4.801615937800468,
            7.103685753836752,
            6.206805616847159,
            5.702066406675103,
            3.9025958668633427,
            6.773715937800469,
            9.125080824822543,
            8.265101927092172,
            7.686873754836569,
            5.907393867997912,
            8.801615937800468,
            11.14728139470857,
            10.242906366261371,
            9.734666756680047,
            7.958693517368218
        ],
        "converged": true,
        "confidence_intervals": {
            "r_div_q": [
                -1.950000004126382,
                1.970000004126382
            ],
            "delta": [
                0.9156866929078442,
                3.6875451826930936
            ]
        }
    },
    "Weber Single-Stage": {
        "model_name": "bayes_weber_single",
        "params": {
            "w_p": 0.0,
            "delta": 0.3986509313551359
        },
        "steady_state_weight": null,
        "mode": "single",
        "model_type": "weber",
        "r_squared": 0.7832476151445535,
        "aic": 23.16775616263262,
        "bic": 24.583856564837042,
        "n_params": 2,
        "mse": 3.588915731416667,
        "rmse": 1.8944433830063825,
        "predictions": [
            3.7245341914583956,
            7.154531767977229,
            5.817871113130903,
            5.065962249442827,
            2.3848939096507524,
            6.66259535666397,
            10.166040737779246,
            8.884354200369197,
            8.022944045852759,
            5.371671975673842,
            9.68378811409026,
            13.178741558365783,
            11.830907302414523,
            11.073784091544145,
            8.42772636854753
        ],
        "converged": true,
        "confidence_intervals": {
            "w_p": [
                -0.8224631803181126,
                0.8224631803181126
            ],
            "delta": [
                0.22255061859579814,
                0.5747512441144736
            ]
        }
    },
    "Weber Two-Stage": {
        "model_name": "bayes_weber_sequential",
        "params": {
            "r_div_q": 0.01,
            "delta": 0.39865298775900054
        },
        "steady_state_weight": 0.9999000099990001,
        "mode": "sequential",
        "model_type": "weber",
        "r_squared": 0.7832292942162875,
        "aic": 23.169023979058178,
        "bic": 24.5851243812626,
        "n_params": 2,
        "mse": 3.589219083408443,
        "rmse": 1.8945234449350168,
        "predictions": [
            3.7245418506148322,
            7.154079537475678,
            5.818003336809729,
            5.066042772208539,
            2.3850784638874583,
            6.6626090576669545,
            10.165632177709249,
            8.884492136290069,
            8.02304236237808,
            5.371898482512636,
            9.683808027892095,
            13.178362640434912,
            11.831059213823384,
            11.073880097734284,
            8.42797378456537
        ],
        "converged": true,
        "confidence_intervals": {
            "r_div_q": [
                -2.5428278692794772,
                2.562827869279477
            ],
            "delta": [
                0.23307222854197435,
                0.5642337469760268
            ]
        }
    },
    "Linear Regression": {
        "model_name": "linear",
        "params": {
            "slope": 1.8523993016826237,
            "intercept": -2.1783273591820436
        },
        "steady_state_weight": null,
        "mode": "linear",
        "model_type": "linear",
        "log_likelihood": null,
        "r_squared": 0.8191218136896472,
        "aic": 20.453779728976325,
        "bic": 21.869880131180746,
        "n_params": 2,
        "mse": 2.9949223799879596,
        "rmse": 1.7305844041791083,
        "predictions": [
            2.4526708950245153,
            6.7174498072884194,
            5.05547715381877,
            4.12057122625955,
            0.7869934429515002,
            6.105787557872818,
            10.461889755709675,
            8.868270636472115,
            7.797213360239223,
            4.5006835629648245,
            9.86226810175501,
            14.207811623572278,
            12.531945975340008,
            11.590556650224897,
            8.300510250506392
        ],
        "converged": true,
        "confidence_intervals": {}
    }
}