range_category,regression_angle,scalar_variability,short_vs_medium_t,medium_vs_long_t,response_autocorr,stimulus_autocorr
short,36.328151331343165,0.23247977973083714,,,-0.05904792069842084,0.23521755130669833
medium,42.342524940642946,0.1380114207154683,,1.7659574468085115,0.41718795299968503,0.23520721737985426
long,45.419056799009795,0.09946234632504519,,,0.3748889454205031,0.23521755130669839
