{
  "per_range": {
    "regression_effect": {
      "long": {
        "regression_angle": 45.419056799009795,
        "slope": 1.0147358816222882,
        "intercept": -0.05088982939795117,
        "r_squared": 0.7803319914531598,
        "p_value": 2.0554567752452527e-17,
        "regression_strength": -0.014735881622288227,
        "regression_strength_angular": 0.00931237331132877
      },
      "medium": {
        "regression_angle": 42.342524940642946,
        "slope": 0.9112876269776844,
        "intercept": -0.04378486124139175,
        "r_squared": 0.7245309747733759,
        "p_value": 4.87002533237024e-15,
        "regression_strength": 0.0887123730223156,
        "regression_strength_angular": 0.05905500131904565
      },
      "short": {
        "regression_angle": 36.328151331343165,
        "slope": 0.7353297570974653,
        "intercept": 0.024877256347583282,
        "r_squared": 0.5102767256035233,
        "p_value": 5.701491838775696e-09,
        "regression_strength": 0.2646702429025347,
        "regression_strength_angular": 0.19270774819237413
      }
    },
    "weber_law": {
      "long": {
        "mean_cv": 0.09946234632504519,
        "cv_magnitude_correlation": -0.14603651649319757,
        "bin_magnitudes": [
          0.5455462499999999,
          0.63481125,
          0.72407625,
          0.76870875,
          0.8133412499999999,
          0.85797375
        ],
        "coefficient_variations": [
          0.030121338585628016,
          0.2167880769611189,
          0.10024820036575709,
          0.1311459741581528,
          0.06113541153346588,
          0.05733507634614845
        ],
        "p_value": 0.782502461130608
      },
      "medium": {
        "mean_cv": 0.1380114207154683,
        "cv_magnitude_correlation": 0.06568164079615352,
        "bin_magnitudes": [
          0.356935,
          0.468515,
          0.580095,
          0.635885,
          0.691675,
          0.747465
        ],
        "coefficient_variations": [
          0.29860213882587217,
          0.0,
          0.006337229779896557,
          0.027729677693590124,
          0.19618393443713422,
          0.29921554355631674
        ],
        "p_value": 0.9016192166645042
      },
      "short": {
        "mean_cv": 0.23247977973083714,
        "cv_magnitude_correlation": -0.46525847440391904,
        "bin_magnitudes": [
          0.14554625,
          0.23481125,
          0.32407625,
          0.36870875000000003,
          0.41334125,
          0.45797374999999996
        ],
        "coefficient_variations": [
          0.3133297026734834,
          0.20327890704543544,
          0.2669054801267878,
          0.42154171950966474,
          0.18982286902965145,
          0.0
        ],
        "p_value": 0.35246848044402646
      }
    },
    "sequential_effect": [
      {
        "range_category": "long",
        "n_runs": 5,
        "N_total": 50,
        "r_resp_mean": 0.3656845720849148,
        "r_stim_mean": 0.23521755130669839,
        "r_resp_weighted": 0.3748889454205031,
        "r_stim_weighted": 0.23521755130669839
      },
      {
        "range_category": "medium",
        "n_runs": 5,
        "N_total": 50,
        "r_resp_mean": 0.4086830642689393,
        "r_stim_mean": 0.23520721737985428,
        "r_resp_weighted": 0.41718795299968503,
        "r_stim_weighted": 0.23520721737985426
      },
      {
        "range_category": "short",
        "n_runs": 5,
        "N_total": 50,
        "r_resp_mean": -0.060342027050271974,
        "r_stim_mean": 0.23521755130669836,
        "r_resp_weighted": -0.05904792069842084,
        "r_stim_weighted": 0.23521755130669833
      }
    ]
  },
  "overall": {
    "range_effect": {
      "range_analyses_by_category": {
        "short": {
          "slope": 0.7353297570974653,
          "regression_strength": 0.2646702429025347,
          "r_squared": 0.5102767256035233,
          "mean_stimulus_magnitude": 0.30805599999999994
        },
        "medium": {
          "slope": 0.9112876269776844,
          "regression_strength": 0.0887123730223156,
          "r_squared": 0.7245309747733759,
          "mean_stimulus_magnitude": 0.5600700000000001
        },
        "long": {
          "slope": 1.0147358816222882,
          "regression_strength": -0.014735881622288227,
          "r_squared": 0.7803319914531598,
          "mean_stimulus_magnitude": 0.7080560000000001
        }
      },
      "correlation_analysis": {
        "correlation_magnitude_regression": -0.9999999506016939,
        "p_value": 0.00020010187178394885,
        "interpretation": "Regression strength decreases with stimulus magnitude (r=-1.000)"
      },
      "pairwise_comparison_on_overlap": {
        "short_vs_medium": {
          "categories": [
            "medium",
            "short"
          ],
          "error": "Insufficient data in common bins for t-test.",
          "t_statistic": NaN,
          "p_value": NaN,
          "is_significant": false,
          "n_overlapping_bins": 0
        },
        "short_vs_long": {
          "error": "No overlapping data found or insufficient data after binning for short vs long."
        },
        "medium_vs_long": {
          "categories": [
            "long",
            "medium"
          ],
          "t_statistic": 1.7659574468085115,
          "p_value": 0.32801513149535144,
          "is_significant": false,
          "n_overlapping_bins": 2,
          "mean_long": 0.698,
          "mean_medium": 0.615
        }
      }
    }
  }
}