{
  "per_range": {
    "regression_effect": {
      "long": {
        "regression_angle": 40.89332654999262,
        "slope": 0.8660233238167631,
        "intercept": 0.8950734038251031,
        "r_squared": 0.9334582950013748,
        "p_value": 6.724303445892815e-30,
        "regression_strength": 0.13397667618323694,
        "regression_strength_angular": 0.09125941000016395
      },
      "medium": {
        "regression_angle": 39.16562949265355,
        "slope": 0.8145816869045494,
        "intercept": 0.9934930868688099,
        "r_squared": 0.8988249652143185,
        "p_value": 1.5959095374784603e-25,
        "regression_strength": 0.18541831309545065,
        "regression_strength_angular": 0.1296526779410322
      },
      "short": {
        "regression_angle": 46.63273763572318,
        "slope": 1.058681403516224,
        "intercept": -0.08564841207199825,
        "r_squared": 0.9197616503110707,
        "p_value": 6.048296856983089e-28,
        "regression_strength": -0.05868140351622397,
        "regression_strength_angular": 0.03628305857162625
      }
    },
    "weber_law": {
      "long": {
        "mean_cv": 0.029959705815231313,
        "cv_magnitude_correlation": -0.5093684024107674,
        "bin_magnitudes": [
          5.43633125,
          5.8685937500000005,
          6.300856250000001,
          7.16538125,
          7.59764375,
          8.02990625,
          8.46216875
        ],
        "coefficient_variations": [
          0.09129938380837195,
          0.021948644261034298,
          0.0068982689862111665,
          0.032942819243916135,
          0.008010680907877172,
          0.03309513298508184,
          0.01552301051412664
        ],
        "p_value": 0.24293702990926652
      },
      "medium": {
        "mean_cv": 0.046101339496027224,
        "cv_magnitude_correlation": -0.6273733395938361,
        "bin_magnitudes": [
          3.39370625,
          4.31933125,
          5.24495625,
          5.70776875,
          6.63339375
        ],
        "coefficient_variations": [
          0.15108740184596867,
          0.0,
          0.02726685253560519,
          0.02490491417506683,
          0.027247528923495457
        ],
        "p_value": 0.2572411599605595
      },
      "short": {
        "mean_cv": 0.06941934466535088,
        "cv_magnitude_correlation": -0.7177853819901191,
        "bin_magnitudes": [
          1.47201875,
          2.36009375,
          3.2481687499999996,
          3.69220625,
          4.13624375,
          4.5802812500000005
        ],
        "coefficient_variations": [
          0.28925940996299676,
          0.0007997381893776078,
          0.06722224931134017,
          0.026595630956946288,
          0.0,
          0.03263903957144445
        ],
        "p_value": 0.10822913151506847
      }
    },
    "sequential_effect": [
      {
        "range_category": "long",
        "n_runs": 5,
        "N_total": 50,
        "r_resp_mean": 0.09792911814388092,
        "r_stim_mean": 0.2190649014647032,
        "r_resp_weighted": 0.09810596328361476,
        "r_stim_weighted": 0.21906490146470325
      },
      {
        "range_category": "medium",
        "n_runs": 5,
        "N_total": 50,
        "r_resp_mean": 0.032372711314638224,
        "r_stim_mean": 0.217956842254054,
        "r_resp_weighted": 0.03242550429246686,
        "r_stim_weighted": 0.217956842254054
      },
      {
        "range_category": "short",
        "n_runs": 5,
        "N_total": 50,
        "r_resp_mean": 0.004701450578964511,
        "r_stim_mean": 0.24718809267831113,
        "r_resp_weighted": 0.004785174466426108,
        "r_stim_weighted": 0.24718809267831113
      }
    ]
  },
  "overall": {
    "range_effect": {
      "range_analyses_by_category": {
        "short": {
          "slope": 1.058681403516224,
          "regression_strength": -0.05868140351622397,
          "r_squared": 0.9197616503110707,
          "mean_stimulus_magnitude": 3.0697699999999997
        },
        "medium": {
          "slope": 0.8145816869045494,
          "regression_strength": 0.18541831309545065,
          "r_squared": 0.8988249652143185,
          "mean_stimulus_magnitude": 5.0383
        },
        "long": {
          "slope": 0.8660233238167631,
          "regression_strength": 0.13397667618323694,
          "r_squared": 0.9334582950013748,
          "mean_stimulus_magnitude": 7.0569999999999995
        }
      },
      "correlation_analysis": {
        "correlation_magnitude_regression": 0.7437696223235136,
        "p_value": 0.46607191799223113,
        "interpretation": "Regression strength increases with stimulus magnitude (r=0.744)"
      },
      "pairwise_comparison_on_overlap": {
        "short_vs_medium": {
          "error": "No overlapping data found or insufficient data after binning for short vs medium."
        },
        "short_vs_long": {
          "error": "No overlapping data found or insufficient data after binning for short vs long."
        },
        "medium_vs_long": {
          "error": "No overlapping data found or insufficient data after binning for medium vs long."
        }
      }
    }
  }
}