model,scope,k,aic,rmse_to_llm,r2_to_llm,r2_to_truth,rmse_vs_truth,bias_vs_truth,aic_weight
EmpiricalLinear,overall,3.0,-796.3849780962545,0.06893325276799979,0.8115597736178177,-0.4017731294758411,0.24928481854093154,-0.20825666666666676,1.0
Bayes(stimulus),overall,0.0,-692.9833575308348,0.09926675821507594,0.6092277175922156,0.21845339409081188,0.18613772691039904,-0.14350756985661026,3.520654311037519e-23
Equal,overall,0.0,-583.2484132404186,0.14310718593650937,0.18784493578353867,0.47199731004544754,0.15299422320249,-0.10158999999999997,5.223757355161193e-47
Bayes(range),overall,0.0,-560.1691581565744,0.15455109471158665,0.05275953082058571,0.5199121366384298,0.1458872470098272,-0.09274868609069777,5.08611799072188e-52
LLM(Combined),overall,,,0.0,1.0,-0.43177542966859206,0.25193842964766877,-0.20825666666666665,
