range_category,w_img_bayes,w_txt_bayes
short,0.45808901034628563,0.5419109896537144
medium,0.4152400886332793,0.5847599113667207
long,0.3809011600308504,0.6190988399691496
