{
  "per_range": {
    "regression_effect": {
      "long": {
        "regression_angle": 49.57649661244158,
        "slope": 1.1740199395981423,
        "intercept": -0.16767186235210252,
        "r_squared": 0.7092867698097319,
        "p_value": 1.791879991992803e-14,
        "regression_strength": -0.17401993959814233,
        "regression_strength_angular": 0.10169992472092401
      },
      "medium": {
        "regression_angle": 49.20596157127743,
        "slope": 1.1587548781004722,
        "intercept": -0.15378384457773148,
        "r_squared": 0.6233290716554306,
        "p_value": 9.542984153090452e-12,
        "regression_strength": -0.15875487810047217,
        "regression_strength_angular": 0.09346581269505394
      },
      "short": {
        "regression_angle": 57.24012206844626,
        "slope": 1.5540851818224244,
        "intercept": -0.14914526477148865,
        "r_squared": 0.8026335566915809,
        "p_value": 1.5532709337822252e-18,
        "regression_strength": -0.5540851818224244,
        "regression_strength_angular": 0.27200271263213915
      }
    },
    "weber_law": {
      "long": {
        "mean_cv": 0.09348005747896083,
        "cv_magnitude_correlation": 0.31146077926844984,
        "bin_magnitudes": [
          0.5455462499999999,
          0.63481125,
          0.72407625,
          0.76870875,
          0.8133412499999999,
          0.85797375
        ],
        "coefficient_variations": [
          0.07133820198962029,
          0.0,
          0.20958390516109757,
          0.0797776782533635,
          0.11644809054221124,
          0.08373246892747245
        ],
        "p_value": 0.5479158962398063
      },
      "medium": {
        "mean_cv": 0.23241173861566986,
        "cv_magnitude_correlation": -0.3987079305225371,
        "bin_magnitudes": [
          0.356935,
          0.468515,
          0.580095,
          0.635885,
          0.691675,
          0.747465
        ],
        "coefficient_variations": [
          0.499985431872147,
          0.01803280627015961,
          0.2320913315645186,
          0.35058355390972057,
          0.09869334490552638,
          0.19508396317194698
        ],
        "p_value": 0.4336290081292054
      },
      "short": {
        "mean_cv": 0.19900145777366063,
        "cv_magnitude_correlation": -0.9388669305550617,
        "bin_magnitudes": [
          0.14554625,
          0.23481125,
          0.32407625,
          0.36870875000000003,
          0.41334125,
          0.45797374999999996
        ],
        "coefficient_variations": [
          0.5538316588069337,
          0.3423265984407288,
          0.12850933890978455,
          0.024014605321403728,
          0.10351920372495244,
          0.04180734143816077
        ],
        "p_value": 0.005491643421120235
      }
    },
    "sequential_effect": [
      {
        "range_category": "long",
        "n_runs": 5,
        "N_total": 50,
        "r_resp_mean": 0.3675255339195198,
        "r_stim_mean": 0.23521755130669839,
        "r_resp_weighted": 0.3707133418170316,
        "r_stim_weighted": 0.23521755130669839
      },
      {
        "range_category": "medium",
        "n_runs": 5,
        "N_total": 50,
        "r_resp_mean": 0.09446315976224942,
        "r_stim_mean": 0.23520721737985428,
        "r_resp_weighted": 0.09572408834615061,
        "r_stim_weighted": 0.23520721737985426
      },
      {
        "range_category": "short",
        "n_runs": 5,
        "N_total": 50,
        "r_resp_mean": 0.30653585535530403,
        "r_stim_mean": 0.23521755130669836,
        "r_resp_weighted": 0.30663187666747027,
        "r_stim_weighted": 0.23521755130669833
      }
    ]
  },
  "overall": {
    "range_effect": {
      "range_analyses_by_category": {
        "short": {
          "slope": 1.5540851818224244,
          "regression_strength": -0.5540851818224244,
          "r_squared": 0.8026335566915809,
          "mean_stimulus_magnitude": 0.30805599999999994
        },
        "medium": {
          "slope": 1.1587548781004722,
          "regression_strength": -0.15875487810047217,
          "r_squared": 0.6233290716554306,
          "mean_stimulus_magnitude": 0.5600700000000001
        },
        "long": {
          "slope": 1.1740199395981423,
          "regression_strength": -0.17401993959814233,
          "r_squared": 0.7092867698097319,
          "mean_stimulus_magnitude": 0.7080560000000001
        }
      },
      "correlation_analysis": {
        "correlation_magnitude_regression": 0.9176596904086404,
        "p_value": 0.26015213725632047,
        "interpretation": "Regression strength increases with stimulus magnitude (r=0.918)"
      },
      "pairwise_comparison_on_overlap": {
        "short_vs_medium": {
          "categories": [
            "medium",
            "short"
          ],
          "error": "Insufficient data in common bins for t-test.",
          "t_statistic": NaN,
          "p_value": NaN,
          "is_significant": false,
          "n_overlapping_bins": 0
        },
        "short_vs_long": {
          "error": "No overlapping data found or insufficient data after binning for short vs long."
        },
        "medium_vs_long": {
          "categories": [
            "long",
            "medium"
          ],
          "t_statistic": -4.62592926927146e-15,
          "p_value": 0.9999999999999971,
          "is_significant": false,
          "n_overlapping_bins": 2,
          "mean_long": 0.6759999999999999,
          "mean_medium": 0.676
        }
      }
    }
  }
}