model,scope,k,aic,rmse_to_llm,r2_to_llm,r2_to_truth,rmse_vs_truth,bias_vs_truth,aic_weight
Bayes(stimulus),overall,0.0,-780.0597190060942,0.06663397535111827,0.8866547860604738,0.6988113685440804,0.11718083442705617,-0.025744598306630784,0.91928154467624
EmpiricalLinear,overall,3.0,-775.1944686047439,0.06637194718792831,0.8875444596349948,0.6299786833732588,0.1298825093677595,-0.02932083333333316,0.08071845491600764
Bayes(range),overall,0.0,-736.9873227189737,0.07738334058105183,0.847135483581461,0.6868221193922179,0.11949035159870758,-0.027306649474468696,4.0775240049001813e-10
Equal,overall,0.0,-699.3723610315268,0.08817989818799092,0.8015043814185504,0.62757226514388,0.1303041676659312,-0.02001527777777778,2.7695638221870115e-18
LLM(Combined),overall,,,0.0,1.0,0.6842653311516507,0.11997712050405462,-0.029320833333333338,
