range_category,w_img_bayes,w_txt_bayes
short,0.15418008614844106,0.845819913851559
medium,0.6328614705900996,0.36713852940990044
long,0.4405069154460686,0.5594930845539314
