model,scope,k,aic,rmse_to_llm,r2_to_llm,r2_to_truth,rmse_vs_truth,bias_vs_truth,aic_weight
Combo_NonOracle,overall,0.0,15.40137580642799,1.0526785536447019,0.6792701413737812,0.723078568343317,1.0680969174319113,-0.6418479644460002,0.8793518521469091
EmpiricalLinear,overall,2.0,19.38971129232348,1.0526376244942832,0.6792950814571199,0.7242957359725197,1.0657470005596914,-0.6408800229022596,0.11970344129718315
Equal,overall,0.0,29.074017567108935,1.1017649477089022,0.6486614979728591,0.740529394813155,1.0338950593105023,-0.6069566666666667,0.0009444658249704773
Combo_Oracle,overall,0.0,45.623407398043184,1.1642510731821907,0.6076793784826162,0.8256309265997053,0.8475534722496278,6.631732200427602e-16,2.407309371891132e-07
LLM(Combined),overall,,,0.0,1.0,0.5807898310987436,1.3141601146740074,-0.49508999999999986,
