range_category,regression_angle,scalar_variability,short_vs_medium_t,medium_vs_long_t,response_autocorr,stimulus_autocorr
short,24.626600414863788,0.13734239085572564,,,-0.3709059507307315,0.23502816576403177
medium,1.0985557431053545,0.16748427494798926,,-0.17543859649122825,0.33503320320405455,0.23525030686203605
long,8.314923067224614,0.08779498328596619,,,-0.1294305534028804,0.23502816576403165
