model,scope,k,aic,rmse_to_llm,r2_to_llm,r2_to_truth,rmse_vs_truth,bias_vs_truth,aic_weight
Combo_NonOracle,overall,0.0,-845.5993055978566,0.0596856084500117,0.9244087824335818,0.9345416911483848,0.05386740068651701,-0.004669064582992755,0.6865245989660407
EmpiricalLinear,overall,2.0,-844.0247857941351,0.05920499970848183,0.9256212532772532,0.9317505997309515,0.05500384491643314,-0.0043693601821135,0.3124305345852914
Equal,overall,0.0,-832.4919194526165,0.062351156097274305,0.91750623778178,0.9125678689089765,0.06225570581614722,-0.003593999999999998,0.0009781903307921791
Combo_Oracle,overall,0.0,-827.1202045978259,0.06347765347599639,0.9144984834356371,0.9332042376407383,0.054414931232,1.8355687340469255e-16,6.667611787568082e-05
LLM(Combined),overall,,,0.0,1.0,0.9221505949160996,0.058745050060976765,-0.01612733333333333,
