{
  "empirical_linear": {
    "w_txt_norm": 0.6710353342897437,
    "w_img_norm": 0.3289646657102563
  },
  "combo_oracle": {
    "w_txt_norm": 0.7927321426972426,
    "w_img_norm": 0.20726785730275735
  },
  "combo_non_oracle": {
    "w_txt_norm": 0.7371465991895803,
    "w_img_norm": 0.26285340081041975
  }
}