model,scope,k,aic,rmse_to_llm,r2_to_llm,r2_to_truth,rmse_vs_truth,bias_vs_truth,aic_weight
Combo_Oracle,overall,0.0,-1694.3835154956453,0.05936962625109291,0.919531309602378,0.9475599285489118,0.048155216651633186,4.2336504672372638e-16,0.9821384116645572
EmpiricalLinear,overall,2.0,-1686.2746941421117,0.05977758683469716,0.9184216228628759,0.9469004383708259,0.04845707234220062,-0.007921579813707528,0.01703587765361614
Combo_NonOracle,overall,0.0,-1680.2210293394166,0.06078766539599515,0.9156414255708891,0.9438526463943867,0.04982833200263477,-0.011987086645293297,0.0008257106818267141
Equal,overall,0.0,-1365.9785617006,0.10262938987768888,0.7595405786502045,0.7917415651465503,0.09596503008909027,0.022812000000000006,4.785673494636418e-72
LLM(Combined),overall,,,0.0,1.0,0.9409775906963189,0.05108814931077461,-0.0038046666666666598,
