model,scope,k,aic,rmse_to_llm,r2_to_llm,r2_to_truth,rmse_vs_truth,bias_vs_truth,aic_weight
Combo_NonOracle,overall,0.0,-711.8557797392949,0.09321444321413001,0.8140199926234267,0.7699208343979729,0.10099090779585136,-0.06221488475069092,0.47183495184257696
Equal,overall,0.0,-711.7057836907807,0.09326106086109083,0.8138339244992382,0.7685595862533422,0.10128922021870249,-0.062269370370370364,0.43774266806019946
EmpiricalLinear,overall,2.0,-708.5515048554375,0.09299852158327508,0.8148806016711482,0.7821600925246286,0.09826805293885436,-0.06168495596717662,0.09042238009722355
Combo_Oracle,overall,0.0,-631.5117238105374,0.1218409127060168,0.6822495836784268,0.8895641079466161,0.0699678857705422,2.871776890363738e-16,1.6877186009291723e-18
LLM(Combined),overall,,,0.0,1.0,0.5959553914864955,0.1338314819963275,-0.06862733333333332,
