range_category,regression_angle,scalar_variability,short_vs_medium_t,medium_vs_long_t,response_autocorr,stimulus_autocorr
short,22.983250941066803,0.2301955658434296,,,0.06009771515878589,0.36419414019977264
medium,26.302531466521653,0.1859960677941406,,,0.15678823138228346,0.3074503738216171
long,37.90705460835256,0.1361739922235248,,,-0.05234853293139253,0.3287353719850929
