model,scope,k,aic,rmse_to_llm,r2_to_llm,r2_to_truth,rmse_vs_truth,bias_vs_truth,aic_weight
Equal,overall,0.0,-758.639382420382,0.07975483266444318,0.836941772483023,0.8853403531685731,0.0712933347048189,0.021772666666666673,0.8095509923920099
EmpiricalLinear,overall,2.0,-754.7670250754952,0.07972090615373482,0.837080468030438,0.8829831807726195,0.07202243057435713,0.02186106897196814,0.11678108235586973
Combo_Oracle,overall,0.0,-753.8426181958621,0.08104029917154702,0.8316431575093214,0.9002168728254892,0.06650773909765874,-6.217248937900877e-17,0.07355972426764353
Combo_NonOracle,overall,0.0,-740.7988932653408,0.08464157995446274,0.8163477625477735,0.8950502606344798,0.06820784232932404,0.020780229760325515,0.00010820098447705444
LLM(Combined),overall,,,0.0,1.0,0.8560405414222412,0.07988472261118935,-0.0012606666666666537,
