range_category,regression_angle,scalar_variability,short_vs_medium_t,medium_vs_long_t,response_autocorr,stimulus_autocorr
short,43.99755385576843,0.26288886393073063,,,-0.0928118195900452,0.24718809267831113
medium,44.53443425656086,0.143185426460436,,,0.06143901163003088,0.217956842254054
long,18.64687469006436,0.11781573100729827,,,-0.08838647572277235,0.21906490146470325
