{
  "per_range": {
    "regression_effect": {
      "long": {
        "regression_angle": 40.303381005806905,
        "slope": 0.8481631278812031,
        "intercept": 0.9183128065423505,
        "r_squared": 0.74403578602906,
        "p_value": 8.253196921497219e-16,
        "regression_strength": 0.15183687211879693,
        "regression_strength_angular": 0.10436931098206878
      },
      "medium": {
        "regression_angle": 29.577332655865707,
        "slope": 0.5675558908001334,
        "intercept": 2.0342831553816882,
        "r_squared": 0.6008303571977465,
        "p_value": 3.9071846957914557e-11,
        "regression_strength": 0.43244410919986664,
        "regression_strength_angular": 0.3427259409807621
      },
      "short": {
        "regression_angle": 41.11156957676705,
        "slope": 0.8727112580839359,
        "intercept": 0.6503771612716767,
        "r_squared": 0.7907785897782592,
        "p_value": 6.343186041420703e-18,
        "regression_strength": 0.1272887419160641,
        "regression_strength_angular": 0.08640956496073215
      }
    },
    "weber_law": {
      "long": {
        "mean_cv": 0.049107178649361975,
        "cv_magnitude_correlation": 0.40946198849138116,
        "bin_magnitudes": [
          5.43633125,
          5.8685937500000005,
          6.300856250000001,
          7.16538125,
          7.59764375,
          8.02990625,
          8.46216875
        ],
        "coefficient_variations": [
          0.010245987688379374,
          0.03979543186620784,
          0.0648610326954856,
          0.08167828556587359,
          0.05583137330860285,
          0.04227854473805423,
          0.04905959468293038
        ],
        "p_value": 0.36165143860361554
      },
      "medium": {
        "mean_cv": 0.12336509991979838,
        "cv_magnitude_correlation": -0.4654049611920777,
        "bin_magnitudes": [
          3.39370625,
          4.31933125,
          5.24495625,
          5.70776875,
          6.63339375
        ],
        "coefficient_variations": [
          0.15202625993152163,
          0.11972180969324961,
          0.17328885187287021,
          0.06350821328191385,
          0.10828036481943665
        ],
        "p_value": 0.4295752995659149
      },
      "short": {
        "mean_cv": 0.13547093680794128,
        "cv_magnitude_correlation": -0.8280764484871758,
        "bin_magnitudes": [
          1.47201875,
          2.36009375,
          3.2481687499999996,
          3.69220625,
          4.13624375,
          4.5802812500000005
        ],
        "coefficient_variations": [
          0.2697979495851125,
          0.17901204575707164,
          0.06957455112947453,
          0.08019829623269044,
          0.14306596064572114,
          0.07117681749757726
        ],
        "p_value": 0.04179572831761669
      }
    },
    "sequential_effect": [
      {
        "range_category": "long",
        "n_runs": 5,
        "N_total": 50,
        "r_resp_mean": 0.05250057422441917,
        "r_stim_mean": 0.2190649014647032,
        "r_resp_weighted": 0.052696691385104535,
        "r_stim_weighted": 0.21906490146470325
      },
      {
        "range_category": "medium",
        "n_runs": 5,
        "N_total": 50,
        "r_resp_mean": -0.15655391838393684,
        "r_stim_mean": 0.217956842254054,
        "r_resp_weighted": -0.16288345448142308,
        "r_stim_weighted": 0.217956842254054
      },
      {
        "range_category": "short",
        "n_runs": 5,
        "N_total": 50,
        "r_resp_mean": 0.04335228210083859,
        "r_stim_mean": 0.24718809267831113,
        "r_resp_weighted": 0.04372318820139559,
        "r_stim_weighted": 0.24718809267831113
      }
    ]
  },
  "overall": {
    "range_effect": {
      "range_analyses_by_category": {
        "short": {
          "slope": 0.8727112580839359,
          "regression_strength": 0.1272887419160641,
          "r_squared": 0.7907785897782592,
          "mean_stimulus_magnitude": 3.0697699999999997
        },
        "medium": {
          "slope": 0.5675558908001334,
          "regression_strength": 0.43244410919986664,
          "r_squared": 0.6008303571977465,
          "mean_stimulus_magnitude": 5.0383
        },
        "long": {
          "slope": 0.8481631278812031,
          "regression_strength": 0.15183687211879693,
          "r_squared": 0.74403578602906,
          "mean_stimulus_magnitude": 7.0569999999999995
        }
      },
      "correlation_analysis": {
        "correlation_magnitude_regression": 0.06514902262362882,
        "p_value": 0.958495448375824,
        "interpretation": "Regression strength increases with stimulus magnitude (r=0.065)"
      },
      "pairwise_comparison_on_overlap": {
        "short_vs_medium": {
          "error": "No overlapping data found or insufficient data after binning for short vs medium."
        },
        "short_vs_long": {
          "error": "No overlapping data found or insufficient data after binning for short vs long."
        },
        "medium_vs_long": {
          "error": "No overlapping data found or insufficient data after binning for medium vs long."
        }
      }
    }
  }
}