model,scope,k,aic,rmse_to_llm,r2_to_llm,r2_to_truth,rmse_vs_truth,bias_vs_truth,aic_weight
EmpiricalLinear,overall,3.0,-771.0836610396022,0.07499912214700716,0.3070865265532673,-0.555884716608154,0.2626308097812289,-0.16899000000000008,1.0
Bayes(range),overall,0.0,-693.0258382860653,0.09925270278737912,-0.213532271503587,-0.11539954772788841,0.22236795258824826,-0.12267693742710674,1.1219129328458248e-17
Equal,overall,0.0,-682.0847281459911,0.10293930250395134,-0.3053563568035633,-0.023644928224712647,0.21302552038038383,-0.1114233333333333,4.722014045194457e-20
Bayes(stimulus),overall,0.0,-660.945472100375,0.11045450373553564,-0.5029118316827725,-0.10714655045781907,0.2215437593849713,-0.12825697152204324,1.2128194368978818e-24
LLM(Combined),overall,,,0.0,1.0,-0.6179494009956128,0.26781779689433144,-0.16898999999999997,
