model,scope,k,aic,rmse_to_llm,r2_to_llm,r2_to_truth,rmse_vs_truth,bias_vs_truth,aic_weight
EmpiricalLinear,overall,3.0,40.16489104022077,1.1206209710873953,0.759730175012614,0.8264427945847078,0.8455780521191267,0.45482420969737214,0.9874212487373507
Bayes(range),overall,0.0,50.14670235936065,1.1819382486695766,0.73271701357046,0.8795136012142343,0.7045330802691377,0.36100749124007364,0.006713974401939316
Equal,overall,0.0,50.41715601884557,1.183004260857668,0.7322346611091857,0.8752564806600241,0.7168715972659566,0.34819632440365295,0.005864775809166329
Bayes(stimulus),overall,0.0,81.48558679165882,1.3120865057888011,0.6706128299229823,0.8457318259078658,0.7972059789752897,0.2969736086643138,1.0515438606261655e-09
LLM(Combined),overall,,,0.0,1.0,0.6178080117701116,1.2547961196041157,0.45482420969737,
