range_category,w_img_bayes,w_txt_bayes
short,0.2737978491698994,0.7262021508301006
medium,0.6219503808770906,0.37804961912290935
long,0.5189076142427533,0.48109238575724667
