{
  "empirical_linear": {
    "a_txt": 0.266344699844772,
    "a_img": 0.7930964667942966,
    "intercept": -0.28226130996225307,
    "w_txt_norm": 0.25140112375443546,
    "w_img_norm": 0.7485988762455644
  }
}