model,scope,k,aic,rmse_to_llm,r2_to_llm,r2_to_truth,rmse_vs_truth,bias_vs_truth,aic_weight
Combo_NonOracle,overall,0.0,-1019.8359801527425,0.18273347041603613,-0.04018389864317817,-0.09139246056894823,0.21969278432032974,-0.0024176807442921225,0.6338487140152097
Combo_Oracle,overall,0.0,-1018.1864574916633,0.18323653327784045,-0.04591900755633227,0.11547170712399091,0.19777945820003562,-1.0658141036401502e-16,0.2778409906569718
EmpiricalLinear,overall,2.0,-1015.8940070710236,0.18271579883698036,-0.039982722546234584,-0.0986100503231202,0.22041802273022154,-0.000692455844045495,0.08830738713962095
Equal,overall,0.0,-995.251909535208,0.19037619654763185,-0.12901370618067332,-0.008329089035282955,0.21116720247432233,-0.03698596825396827,2.908188197539565e-06
LLM(Combined),overall,,,0.0,1.0,-0.29459379511072936,0.23927210974118984,0.034328333333333357,
