range_category,regression_angle,scalar_variability,short_vs_medium_t,medium_vs_long_t,response_autocorr,stimulus_autocorr
short,41.06569544223413,0.19348161084851495,,,0.3518427785360103,0.3215372729414105
medium,13.633996411244699,0.1344340300423965,,1.9788455547212198,-0.30554035460883927,0.3460771389624589
long,23.814497331041704,0.10533181955959929,,,0.07173879747470016,0.3215372729414103
