model,scope,k,aic,rmse_to_llm,r2_to_llm,r2_to_truth,rmse_vs_truth,bias_vs_truth,aic_weight
EmpiricalLinear,overall,3.0,-200.34680037892664,0.5026693565189041,0.9314314985715703,0.8980861575669996,0.6479611470861761,-0.3850233333333313,0.4373907986904804
Equal,overall,0.0,-200.310305966123,0.512886338935506,0.92861579955908,0.914346000014609,0.5940270231226857,-0.28390733333333323,0.4294820145582765
Bayes(range),overall,0.0,-197.96775608778466,0.5169068885063356,0.927492242096032,0.9157855790739424,0.5890139911498097,-0.27810828758545375,0.13312718188521588
Bayes(stimulus),overall,0.0,-163.71868078037315,0.579419269838083,0.9088942672465613,0.935271627334253,0.5163922572479731,-0.22563989178871693,4.866027181428636e-09
LLM(Combined),overall,,,0.0,1.0,0.8606024048068994,0.7578094529629462,-0.3850233333333332,
