range_category,w_img_bayes,w_txt_bayes
short,0.39616594164876057,0.6038340583512394
medium,0.5898091882996634,0.41019081170033656
long,0.5154888431680518,0.48451115683194823
