range_category,w_img_bayes,w_txt_bayes
short,0.5647974155888066,0.4352025844111934
medium,0.6347404750577139,0.3652595249422861
long,0.8526333153921988,0.14736668460780122
