model,scope,k,aic,rmse_to_llm,r2_to_llm,r2_to_truth,rmse_vs_truth,bias_vs_truth,aic_weight
Combo_NonOracle,overall,0.0,-527.1000931969799,0.17256171978084683,0.2358657616637967,0.13467533902152584,0.19585432645865772,-0.10564571977796479,0.8108538346221051
EmpiricalLinear,overall,2.0,-524.1889577340601,0.17193653391459746,0.24139260195115286,0.17169771639703935,0.19161877460283291,-0.10065492774994542,0.18914616535438142
Equal,overall,0.0,-478.57222270655757,0.20285968570254,-0.05602022333991963,0.14618972193912316,0.19454690156018078,-0.06404399999999999,2.3509824580229398e-11
Combo_Oracle,overall,0.0,-460.99890963857075,0.21509767920592843,-0.18727736405287532,0.37120441310591423,0.16695459318942865,-6.513308411134252e-17,3.591310386318896e-15
LLM(Combined),overall,,,0.0,1.0,-0.20572453164978044,0.2311892721847909,-0.13439400000000004,
