{
    "Basic Single-Stage": {
        "model_name": "bayes_basic_single",
        "params": {
            "w_p": 0.885884494697106,
            "delta": -0.08601400464646544
        },
        "steady_state_weight": null,
        "mode": "single",
        "model_type": "basic",
        "r_squared": 0.9277793598402517,
        "aic": -181.61621738740888,
        "bic": -178.81382262408457,
        "n_params": 2,
        "mse": 0.0020545594158660283,
        "rmse": 0.04532724805088026,
        "predictions": [
            0.21539636478671523,
            0.2416965652938732,
            0.231712599734923,
            0.22562567868206665,
            0.20542152846818926,
            0.2054203873131362,
            0.20095048297042187,
            0.23783717890452935,
            0.22573865303231652,
            0.23062051434917433,
            0.46574838656748374,
            0.4986239224901945,
            0.48614425083027,
            0.4785361700917261,
            0.45328012645808957,
            0.45327898530303656,
            0.4476918901634068,
            0.49380026008104116,
            0.4786765321632487,
            0.4847794293868475,
            0.6153963647867151,
            0.6416965652938731,
            0.6317125997349229,
            0.6256256786820665,
            0.6054215284681892,
            0.6054203873131361,
            0.6009504829704218,
            0.6378371789045292,
            0.6257386530323163,
            0.6306205143491742
        ],
        "converged": true,
        "confidence_intervals": {
            "w_p": [
                -9.72467231905998,
                11.496441308454191
            ],
            "delta": [
                -1.471943301946917,
                1.299915292653986
            ]
        }
    },
    "Basic Two-Stage": {
        "model_name": "bayes_basic_sequential",
        "params": {
            "r_div_q": 98.91752443694298,
            "delta": -0.09383124382491541
        },
        "steady_state_weight": 0.00010219017414058686,
        "mode": "sequential",
        "model_type": "basic",
        "r_squared": 0.9191135248352998,
        "aic": -178.2181585108297,
        "bic": -175.4157637475054,
        "n_params": 2,
        "mse": 0.002301088287202294,
        "rmse": 0.04796966006969711,
        "predictions": [
            0.15598875617508456,
            0.27122836993625293,
            0.2804766720785501,
            0.2717616254437857,
            0.23110031833998457,
            0.203986454616502,
            0.17901231012618285,
            0.2007543523732785,
            0.20586218234218856,
            0.2142401340236184,
            0.39343875617508456,
            0.5374895234265924,
            0.5490511512914613,
            0.5381592185989481,
            0.4873322093232553,
            0.45344004641730346,
            0.42222284255086534,
            0.44940075300481613,
            0.4557852618696046,
            0.46625797998044566,
            0.5559887561750846,
            0.671228369936253,
            0.6804766720785501,
            0.6717616254437857,
            0.6311003183399846,
            0.603986454616502,
            0.5790123101261829,
            0.6007543523732786,
            0.6058621823421887,
            0.6142401340236185
        ],
        "converged": true,
        "confidence_intervals": {
            "r_div_q": [
                96.95752443694299,
                100.87752443694298
            ],
            "delta": [
                -2.0538312438249156,
                1.8661687561750846
            ]
        }
    },
    "Weber Single-Stage": {
        "model_name": "bayes_weber_single",
        "params": {
            "w_p": 0.8816188830691024,
            "delta": -0.13226920459570102
        },
        "steady_state_weight": null,
        "mode": "single",
        "model_type": "weber",
        "r_squared": 0.9168401001830487,
        "aic": -177.38695593593053,
        "bic": -174.58456117260621,
        "n_params": 2,
        "mse": 0.0023657635104516687,
        "rmse": 0.04863911502537509,
        "predictions": [
            0.2424982240111144,
            0.26200778470004393,
            0.25584427992927805,
            0.2514620011644047,
            0.23044622667532508,
            0.23044454690360056,
            0.2230366222743396,
            0.25975276203052106,
            0.2515487061720261,
            0.25509832898061474,
            0.46605404510323284,
            0.4923996724588403,
            0.48361653837747776,
            0.4776153918859492,
            0.4522544262659267,
            0.45225300992812606,
            0.4448871116280292,
            0.4891427660985677,
            0.4777313249893301,
            0.4825801941220588,
            0.6059630187701435,
            0.6281344699220094,
            0.6203985400710039,
            0.6153041736621969,
            0.5956880452813234,
            0.5956867914138271,
            0.5906176294598774,
            0.6252280676825664,
            0.6154016359847433,
            0.6195072399040819
        ],
        "converged": true,
        "confidence_intervals": {
            "w_p": [
                -10.96633696669913,
                12.729574732837333
            ],
            "delta": [
                -3.0968273896082756,
                2.832288980416873
            ]
        }
    },
    "Weber Two-Stage": {
        "model_name": "bayes_weber_sequential",
        "params": {
            "r_div_q": 100.0,
            "delta": -0.15634066873184516
        },
        "steady_state_weight": 9.999000099990002e-05,
        "mode": "sequential",
        "model_type": "weber",
        "r_squared": 0.9096665420760051,
        "aic": -174.90568294757995,
        "bic": -172.10328818425563,
        "n_params": 2,
        "mse": 0.002569839538045552,
        "rmse": 0.05069358478195789,
        "predictions": [
            0.21366285150453806,
            0.2962598963845322,
            0.30894128351029637,
            0.30417762315272256,
            0.2600185022358608,
            0.23419455417572885,
            0.20891792327945474,
            0.22530598300236376,
            0.23183370099233555,
            0.24002576126964176,
            0.4167461853305678,
            0.5257054392255655,
            0.5399525211830548,
            0.5329748751658169,
            0.4822370742051389,
            0.4511175361852115,
            0.4216719913516617,
            0.44314712900225506,
            0.45049237348156934,
            0.46037961507066527,
            0.5557699626033457,
            0.6468655273962527,
            0.6571012761710436,
            0.6508441066906521,
            0.6126281528354629,
            0.5884000451088401,
            0.5658067207553555,
            0.5835420517052262,
            0.5888821331798313,
            0.5965414129299773
        ],
        "converged": true,
        "confidence_intervals": {
            "r_div_q": [
                -31594.016386755564,
                31794.016386755564
            ],
            "delta": [
                -14.064166607487708,
                13.751485270024018
            ]
        }
    },
    "Linear Regression": {
        "model_name": "linear",
        "params": {
            "slope": 0.6466812251968499,
            "intercept": 0.09961756436892646
        },
        "steady_state_weight": null,
        "mode": "linear",
        "model_type": "linear",
        "log_likelihood": null,
        "r_squared": 0.6516439864173738,
        "aic": -134.4228153260329,
        "bic": -131.62042056270857,
        "n_params": 2,
        "mse": 0.009910160394543826,
        "rmse": 0.09954978852083929,