model,scope,k,aic,rmse_to_llm,r2_to_llm,r2_to_truth,rmse_vs_truth,bias_vs_truth,aic_weight
EmpiricalLinear,overall,3.0,-770.0561764533323,0.07525643066972895,0.6525369495432661,-0.40394031483018966,0.24947744520362738,-0.19712333333333315,1.0
Bayes(stimulus),overall,0.0,-626.2377947760903,0.12400178529346272,0.056640404793022125,0.3505565814814522,0.1696788161230387,-0.10177236575211464,5.891626686387664e-32
Bayes(range),overall,0.0,-587.2546056965984,0.14120883961920483,-0.22333433139596592,0.3758290088314744,0.16634461862905586,-0.08153596844959411,2.0190323084260782e-40
Equal,overall,0.0,-542.8869368140591,0.16371582595053744,-0.644382030820543,0.3927306299809298,0.16407697990069578,-0.06345333333333333,4.686260033261208e-50
LLM(Combined),overall,,,0.0,1.0,-0.47271592825095654,0.2555150334781367,-0.19712333333333334,
