range_category,w_img_bayes,w_txt_bayes
short,0.6749651473791495,0.3250348526208505
medium,0.5422314233798335,0.45776857662016646
long,0.6057076287705264,0.3942923712294736
