model,scope,k,aic,rmse_to_llm,r2_to_llm,r2_to_truth,rmse_vs_truth,bias_vs_truth,aic_weight
Equal,overall,0.0,-1344.564897784785,0.10635832125414542,0.7538423819353329,0.7786281587183275,0.09894022471506049,-0.063383,0.8732468710225304
EmpiricalLinear,overall,2.0,-1340.7047224841479,0.10633353827482574,0.7539570849192222,0.7813824931010926,0.09832278520662334,-0.0636826629078765,0.12673910095095234
Combo_NonOracle,overall,0.0,-1322.487065070912,0.11034481784145796,0.7350437202457445,0.7955651968213452,0.0950799883755746,-0.06753064006306222,1.4028026517261259e-05
Combo_Oracle,overall,0.0,-1150.8444724822084,0.14688958148336498,0.5304819206159201,0.8893242964910995,0.06995807477983995,1.4951003398285442e-16,7.503798575154646e-43
LLM(Combined),overall,,,0.0,1.0,0.5029844224137932,0.14825068341607514,-0.098118,
