model,scope,k,aic,rmse_to_llm,r2_to_llm,r2_to_truth,rmse_vs_truth,bias_vs_truth,aic_weight
Combo_NonOracle,overall,0.0,-675.9740367579496,0.10505757043342072,0.9973571482559963,0.9999713854539909,0.01085739923641698,0.001184814403921326,0.5447324412285603
Combo_Oracle,overall,0.0,-675.192990249551,0.10533144295260063,0.9973433510989178,0.9999726612017518,0.010612607137257332,-3.0819791163594347e-15,0.36862191066104066
EmpiricalLinear,overall,2.0,-672.2971008590313,0.10494449689582612,0.9973628342008698,0.9999614324452589,0.012605016830199168,0.0022707551148748776,0.08664564811039902
Equal,overall,0.0,-438.7817956828527,0.2316318582300533,0.9871526168144314,0.9889451349849205,0.21340721566610657,0.04828822610416942,1.7003664042497357e-52
LLM(Combined),overall,,,0.0,1.0,0.997347386197448,0.10453684535963324,0.0095589737633334,
