{
  "empirical_linear": {
    "w_txt_norm": 0.9860934468146819,
    "w_img_norm": 0.013906553185318131
  },
  "combo_oracle": {
    "w_txt_norm": 1.0017117287057427,
    "w_img_norm": -0.0017117287057425786
  },
  "combo_non_oracle": {
    "w_txt_norm": 0.9975644957853333,
    "w_img_norm": 0.0024355042146667043
  }
}