model,scope,k,aic,rmse_to_llm,r2_to_llm,r2_to_truth,rmse_vs_truth,bias_vs_truth,aic_weight
Equal,overall,0.0,-641.1037569672899,0.11800685968761873,0.529091689522505,0.7661270649933731,0.10182324849136043,0.0010246666666666707,0.5849747455698812
Combo_NonOracle,overall,0.0,-639.9856369081891,0.11844749978154558,0.5255683606344945,0.7920594346874487,0.096012234136556,0.00542783780353252,0.33445710888360963
EmpiricalLinear,overall,2.0,-637.1361587891688,0.11799411491839285,0.5291934004513679,0.7702527596383775,0.10092113290886676,0.0016564110229932657,0.08046075799726106
Combo_Oracle,overall,0.0,-623.8979975497894,0.12497269670921186,0.47185626715520257,0.8720095416227318,0.0753261485848037,-1.8947806286936006e-16,0.0001073875492481001
LLM(Combined),overall,,,0.0,1.0,0.5376014498871159,0.14317434244072272,-0.03759000000000001,
