model,scope,k,aic,rmse_to_llm,r2_to_llm,r2_to_truth,rmse_vs_truth,bias_vs_truth,aic_weight
Combo_Oracle,overall,0.0,-619.8147494824783,0.10757688705892615,0.7444614558565507,0.8868157575301873,0.07254287481186804,1.5495199048725206e-16,0.9920930703661608
EmpiricalLinear,overall,2.0,-609.1905302693206,0.11017102675447416,0.7319886020404592,0.8590392472290217,0.08095634326883674,-0.006475429188334713,0.004892519065868096
Equal,overall,0.0,-608.2108259061862,0.11216225773340843,0.7222129756698079,0.8264603058327823,0.0898258203003054,-0.021271348694218813,0.002997729400714277
Combo_NonOracle,overall,0.0,-597.8281658246979,0.11643046767113398,0.7006689603905198,0.8698031348444648,0.0778040208954242,0.020008245856625216,1.668116725684828e-05
LLM(Combined),overall,,,0.0,1.0,0.7775343082399255,0.10170289145101236,-0.03686187050359713,
