{
  "per_range": {
    "regression_effect": {
      "long": {
        "regression_angle": 40.6257892467992,
        "slope": 0.8578847305343305,
        "intercept": 0.031169569236783934,
        "r_squared": 0.6956399879991839,
        "p_value": 5.438055444077921e-14,
        "regression_strength": 0.14211526946566955,
        "regression_strength_angular": 0.0972046834044622
      },
      "medium": {
        "regression_angle": 18.669256253950586,
        "slope": 0.3378833789972195,
        "intercept": 0.3433616559250272,
        "r_squared": 0.2801797902533959,
        "p_value": 7.738347787624808e-05,
        "regression_strength": 0.6621166210027805,
        "regression_strength_angular": 0.5851276388010981
      },
      "short": {
        "regression_angle": 43.456829028284254,
        "slope": 0.9475335838253819,
        "intercept": 0.008906594301088144,
        "r_squared": 0.6656120674994982,
        "p_value": 5.311263555049012e-13,
        "regression_strength": 0.05246641617461811,
        "regression_strength_angular": 0.03429268826034991
      }
    },
    "weber_law": {
      "long": {
        "mean_cv": 0.09924219082918766,
        "cv_magnitude_correlation": 0.28533378819896443,
        "bin_magnitudes": [
          0.5455462499999999,
          0.63481125,
          0.72407625,
          0.76870875,
          0.8133412499999999,
          0.85797375
        ],
        "coefficient_variations": [
          0.010300487622892077,
          0.1415282103184683,
          0.1454707573358312,
          0.12045090524155201,
          0.12487463082598144,
          0.05282815363040094
        ],
        "p_value": 0.5836145957695644
      },
      "medium": {
        "mean_cv": 0.1354717092227134,
        "cv_magnitude_correlation": 0.3690165435016596,
        "bin_magnitudes": [
          0.356935,
          0.468515,
          0.580095,
          0.635885,
          0.691675,
          0.747465
        ],
        "coefficient_variations": [
          0.1853947765780147,
          0.0,
          0.11481033830943392,
          0.08394215440692199,
          0.11049495602038378,
          0.318188030021526
        ],
        "p_value": 0.4716002682685932
      },
      "short": {
        "mean_cv": 0.2309032323150507,
        "cv_magnitude_correlation": 0.10614885135266108,
        "bin_magnitudes": [
          0.14554625,
          0.23481125,
          0.32407625,
          0.36870875000000003,
          0.41334125,
          0.45797374999999996
        ],
        "coefficient_variations": [
          0.3129291647789988,
          0.08600261451922268,
          0.24423756634096674,
          0.22842863496547305,
          0.23916029346385032,
          0.2746611198217925
        ],
        "p_value": 0.8413747432362743
      }
    },
    "sequential_effect": [
      {
        "range_category": "long",
        "n_runs": 5,
        "N_total": 50,
        "r_resp_mean": 0.18802262758925453,
        "r_stim_mean": 0.23521755130669839,
        "r_resp_weighted": 0.19728261202797773,
        "r_stim_weighted": 0.23521755130669839
      },
      {
        "range_category": "medium",
        "n_runs": 5,
        "N_total": 50,
        "r_resp_mean": 0.07844061613830466,
        "r_stim_mean": 0.23520721737985428,
        "r_resp_weighted": 0.08987880362434245,
        "r_stim_weighted": 0.23520721737985426
      },
      {
        "range_category": "short",
        "n_runs": 5,
        "N_total": 50,
        "r_resp_mean": 0.17856498853774666,
        "r_stim_mean": 0.23521755130669836,
        "r_resp_weighted": 0.1813301302669589,
        "r_stim_weighted": 0.23521755130669833
      }
    ]
  },
  "overall": {
    "range_effect": {
      "range_analyses_by_category": {
        "short": {
          "slope": 0.9475335838253819,
          "regression_strength": 0.05246641617461811,
          "r_squared": 0.6656120674994982,
          "mean_stimulus_magnitude": 0.30805599999999994
        },
        "medium": {
          "slope": 0.3378833789972195,
          "regression_strength": 0.6621166210027805,
          "r_squared": 0.2801797902533959,
          "mean_stimulus_magnitude": 0.5600700000000001
        },
        "long": {
          "slope": 0.8578847305343305,
          "regression_strength": 0.14211526946566955,
          "r_squared": 0.6956399879991839,
          "mean_stimulus_magnitude": 0.7080560000000001
        }
      },
      "correlation_analysis": {
        "correlation_magnitude_regression": 0.2817688826543615,
        "p_value": 0.8181577160154226,
        "interpretation": "Regression strength increases with stimulus magnitude (r=0.282)"
      },
      "pairwise_comparison_on_overlap": {
        "short_vs_medium": {
          "categories": [
            "medium",
            "short"
          ],
          "error": "Insufficient data in common bins for t-test.",
          "t_statistic": NaN,
          "p_value": NaN,
          "is_significant": false,
          "n_overlapping_bins": 0
        },
        "short_vs_long": {
          "error": "No overlapping data found or insufficient data after binning for short vs long."
        },
        "medium_vs_long": {
          "categories": [
            "long",
            "medium"
          ],
          "t_statistic": 1.6341463414634119,
          "p_value": 0.3496015958985088,
          "is_significant": false,
          "n_overlapping_bins": 2,
          "mean_long": 0.653,
          "mean_medium": 0.5860000000000001
        }
      }
    }
  }
}