{
  "per_range": {
    "regression_effect": {
      "long": {
        "regression_angle": 7.978585242177364,
        "slope": 0.14015971430538543,
        "intercept": 0.5485590733277861,
        "r_squared": 0.005885242257235068,
        "p_value": 0.5964445081111858,
        "regression_strength": 0.8598402856946146,
        "regression_strength_angular": 0.8226981057293918
      },
      "medium": {
        "regression_angle": 15.547700765575104,
        "slope": 0.27822131611627177,
        "intercept": 0.4251765874827597,
        "r_squared": 0.051312472760513185,
        "p_value": 0.11367622213479123,
        "regression_strength": 0.7217786838837282,
        "regression_strength_angular": 0.6544955385427754
      },
      "short": {
        "regression_angle": 11.757513534792585,
        "slope": 0.20813711226546672,
        "intercept": 0.22848211374394944,
        "r_squared": 0.04433297185752114,
        "p_value": 0.14218725532936044,
        "regression_strength": 0.7918628877345333,
        "regression_strength_angular": 0.7387219214490537
      }
    },
    "weber_law": {
      "long": {
        "mean_cv": 0.3148340230192442,
        "cv_magnitude_correlation": 0.5126008033198799,
        "bin_magnitudes": [
          0.5455462499999999,
          0.63481125,
          0.72407625,
          0.76870875,
          0.8133412499999999,
          0.85797375
        ],
        "coefficient_variations": [
          0.2837782680103786,
          0.014884796672312519,
          0.17150897755773734,
          0.1146813387510836,
          0.8466741314760731,
          0.45747662564787994
        ],
        "p_value": 0.2984441818276797
      },
      "medium": {
        "mean_cv": 0.16781961411587867,
        "cv_magnitude_correlation": -0.36915182517326617,
        "bin_magnitudes": [
          0.356935,
          0.468515,
          0.580095,
          0.635885,
          0.691675,
          0.747465
        ],
        "coefficient_variations": [
          0.3322665671025236,
          0.019136638615493595,
          0.15876370117930935,
          0.26667005586518366,
          0.14326024542037477,
          0.08682047651238706
        ],
        "p_value": 0.47142498850164005
      },
      "short": {
        "mean_cv": 0.2867018897665192,
        "cv_magnitude_correlation": -0.3577071833000957,
        "bin_magnitudes": [
          0.14554625,
          0.23481125,
          0.32407625,
          0.36870875000000003,
          0.41334125,
          0.45797374999999996
        ],
        "coefficient_variations": [
          0.5265935451252297,
          0.06131222658639924,
          0.4681470206550679,
          0.3260811711499846,
          0.04597033112824589,
          0.29210704395418785
        ],
        "p_value": 0.4863243342412631
      }
    },
    "sequential_effect": [
      {
        "range_category": "long",
        "n_runs": 5,
        "N_total": 50,
        "r_resp_mean": -0.3156192293956708,
        "r_stim_mean": 0.23521755130669839,
        "r_resp_weighted": -0.3255595232890728,
        "r_stim_weighted": 0.23521755130669839
      },
      {
        "range_category": "medium",
        "n_runs": 5,
        "N_total": 50,
        "r_resp_mean": -0.2998444765472952,
        "r_stim_mean": 0.23520721737985428,
        "r_resp_weighted": -0.3052406851730583,
        "r_stim_weighted": 0.23520721737985426
      },
      {
        "range_category": "short",
        "n_runs": 5,
        "N_total": 50,
        "r_resp_mean": -0.5908623865625735,
        "r_stim_mean": 0.23521755130669836,
        "r_resp_weighted": -0.5994042560910261,
        "r_stim_weighted": 0.23521755130669833
      }
    ]
  },
  "overall": {
    "range_effect": {
      "range_analyses_by_category": {
        "short": {
          "slope": 0.20813711226546672,
          "regression_strength": 0.7918628877345333,
          "r_squared": 0.04433297185752114,
          "mean_stimulus_magnitude": 0.30805599999999994
        },
        "medium": {
          "slope": 0.27822131611627177,
          "regression_strength": 0.7217786838837282,
          "r_squared": 0.051312472760513185,
          "mean_stimulus_magnitude": 0.5600700000000001
        },
        "long": {
          "slope": 0.14015971430538543,
          "regression_strength": 0.8598402856946146,
          "r_squared": 0.005885242257235068,
          "mean_stimulus_magnitude": 0.7080560000000001
        }
      },
      "correlation_analysis": {
        "correlation_magnitude_regression": 0.3576503492051153,
        "p_value": 0.7671559348861035,
        "interpretation": "Regression strength increases with stimulus magnitude (r=0.358)"
      },
      "pairwise_comparison_on_overlap": {
        "short_vs_medium": {
          "categories": [
            "medium",
            "short"
          ],
          "error": "Insufficient data in common bins for t-test.",
          "t_statistic": NaN,
          "p_value": NaN,
          "is_significant": false,
          "n_overlapping_bins": 0
        },
        "short_vs_long": {
          "error": "No overlapping data found or insufficient data after binning for short vs long."
        },
        "medium_vs_long": {
          "categories": [
            "long",
            "medium"
          ],
          "t_statistic": 1.10989010989011,
          "p_value": 0.46687265311130866,
          "is_significant": false,
          "n_overlapping_bins": 2,
          "mean_long": 0.755,
          "mean_medium": 0.654
        }
      }
    }
  }
}