{
    "Basic Single-Stage": {
        "model_name": "bayes_basic_single",
        "params": {
            "w_p": 0.3893644184601311,
            "delta": -0.03406067117295851
        },
        "steady_state_weight": null,
        "mode": "single",
        "model_type": "basic",
        "r_squared": 0.7223881676710193,
        "aic": -138.7800441111915,
        "bic": -135.97764934786719,
        "n_params": 2,
        "mse": 0.008570309104623699,
        "rmse": 0.09257596396810404,
        "predictions": [
            0.23843435510048566,
            0.3791675375779793,
            0.3257430305490562,
            0.2931717286297195,
            0.18505869891808574,
            0.18505259256227036,
            0.16113399683335367,
            0.35851584221030086,
            0.293776257855444,
            0.3198992480337196,
            0.48155505849093894,
            0.6574730631767599,
            0.5906939559795599,
            0.5499828817582968,
            0.41483701485189295,
            0.4148309084960775,
            0.38493419042388555,
            0.6316614971450696,
            0.5507339635235908,
            0.583390754424343,
            0.6384343551004856,
            0.7791675375779794,
            0.7257430305490561,
            0.6931717286297195,
            0.5850586989180857,
            0.5850525925622703,
            0.5611339968333536,
            0.7585158422103008,
            0.6937762578554441,
            0.7198992480337196
        ],
        "converged": true,
        "confidence_intervals": {
            "w_p": [
                -10.22119197317792,
                10.999920810098182
            ],
            "delta": [
                -1.419989965465342,
                1.351868623119425
            ]
        }
    },
    "Basic Two-Stage": {
        "model_name": "bayes_basic_sequential",
        "params": {
            "r_div_q": 0.41113777993553763,
            "delta": -0.03206125769382842
        },
        "steady_state_weight": 0.8554069133500336,
        "mode": "sequential",
        "model_type": "basic",
        "r_squared": 0.6443476490984273,
        "aic": -131.34891633625995,
        "bic": -128.54652157293563,
        "n_params": 2,
        "mse": 0.01097954130932184,
        "rmse": 0.10478330644392665,
        "predictions": [
            0.21775874230617157,
            0.4191140619918243,
            0.3682327183396209,
            0.31521040435062486,
            0.15408684368359804,
            0.13338823819454906,
            0.09659015167387533,
            0.37359762771889005,
            0.31676222130686094,
            0.3467505977657297,
            0.4552087423061716,
            0.7069050760946896,
            0.643305850865137,
            0.5770326313962658,
            0.37562224369766906,
            0.3497504034578316,
            0.3037551561902525,
            0.6500148044077589,
            0.578966227372147,
            0.6164555012894397,
            0.6177587423061716,
            0.8191140619918245,
            0.7682327183396209,
            0.7152104043506249,
            0.5540868436835981,
            0.5333882381945491,
            0.4965901516738753,
            0.77359762771889,
            0.716762221306861,
            0.7467505977657296
        ],
        "converged": true,
        "confidence_intervals": {
            "r_div_q": [
                -30.80879745581966,
                31.631073015690735
            ],
            "delta": [
                -1.4399795910066302,
                1.3758570756189734
            ]
        }
    },
    "Weber Single-Stage": {
        "model_name": "bayes_weber_single",
        "params": {
            "w_p": 0.29605954060895534,
            "delta": -0.06862635344176973
        },
        "steady_state_weight": null,
        "mode": "single",
        "model_type": "weber",
        "r_squared": 0.7242179928383665,
        "aic": -138.9784146944649,
        "bic": -136.1760199311406,
        "n_params": 2,
        "mse": 0.008513819555312987,
        "rmse": 0.09227036119639387,
        "predictions": [
            0.24142111973245814,
            0.3824788083033959,
            0.3319944109440783,
            0.29958011632450127,
            0.17829052030431208,
            0.17828279251748286,
            0.1468008124970283,
            0.36331600116831875,
            0.3001948802506773,
            0.32627978912291516,
            0.4685582517903255,
            0.6497886821553204,
            0.5838368896547347,
            0.5420573933660512,
            0.3918705451125247,
            0.39186324756521124,
            0.3554078223645091,
            0.6246459603942912,
            0.5428402613428521,
            0.5764366380660443,
            0.619567307576448,
            0.7671686949251475,
            0.7126696058553617,
            0.6785701810272499,
            0.5596586740213312,
            0.5596516690352092,
            0.5319213068469263,
            0.7463007682506517,
            0.6792095701299607,
            0.7066029140545229
        ],
        "converged": true,
        "confidence_intervals": {
            "w_p": [
                -12.50731146663487,
                13.09943054785278
            ],
            "delta": [
                -2.962381836149835,
                2.8251291292662954
            ]
        }
    },
    "Weber Two-Stage": {
        "model_name": "bayes_weber_sequential",
        "params": {
            "r_div_q": 0.01,
            "delta": -0.09900660971303446
        },
        "steady_state_weight": 0.9999000099990001,
        "mode": "sequential",
        "model_type": "weber",
        "r_squared": 0.6932524551908084,
        "aic": -135.78633970846872,
        "bic": -132.9839449451444,
        "n_params": 2,
        "mse": 0.009469773871107225,
        "rmse": 0.09731276314598833,
        "predictions": [
            0.22627105346286708,
            0.4349877674550694,
            0.3557804404287355,
            0.30746578014691767,
            0.14711144985168872,
            0.14709155127250328,
            0.11161692199289432,
            0.4043321375262462,
            0.30836632670366926,
            0.34710128265849016,
            0.44133823794598814,
            0.7022393161183038,
            0.603229728819921,
            0.542840820329686,
            0.34239322124665433,
            0.3423683888876322,
            0.2980276497615382,
            0.6639332612702694,
            0.5439599913624525,
            0.5923828997541413,
            0.5885657420004472,
            0.7972866865270485,
            0.7180754915425739,
            0.6697606463902261,
            0.5094092345436596,
            0.5093862401197198,
            0.4739119510249686,
            0.7666419957102502,
            0.6706616305479008,
            0.7093960951724282
        ],
        "converged": true,
        "confidence_intervals": {
            "r_div_q": [
                -194.25644397926453,
                194.2764439792645
            ],
            "delta": [
                -3.193624125474147,
                2.995610906048078
            ]
        }
    },
    "Linear Regression": {
        "model_name": "linear",
        "params": {
            "slope": 0.7223684534698992,
            "intercept": 0.11180528209096928
        },
        "steady_state_weight": null,
        "mode": "linear",
        "model_type": "linear",
        "log_likelihood": null,
        "r_squared": 0.7492837059092324,
        "aic": -141.83672426523918,
        "bic": -139.03432950191487,
        "n_params": 2,
        "mse": 0.007740002001706136,
        "rmse": 0.08797728116795914,