{
    "Basic Single-Stage": {
        "model_name": "bayes_basic_single",
        "params": {
            "w_p": 0.0,
            "delta": 0.008939329154934745
        },
        "steady_state_weight": null,
        "mode": "single",
        "model_type": "basic",
        "r_squared": 0.9312066326842202,
        "aic": -175.04163077743587,
        "bic": -172.23923601411155,
        "n_params": 2,
        "mse": 0.0025582158928889095,
        "rmse": 0.0505788087333906,
        "predictions": [
            0.2587593291549347,
            0.4892293291549347,
            0.4017393291549347,
            0.3483993291549347,
            0.17134932915493475,
            0.17133932915493474,
            0.13216932915493473,
            0.4554093291549347,
            0.3493893291549347,
            0.39216932915493474,
            0.4962093291549347,
            0.7842993291549348,
            0.6749393291549348,
            0.6082693291549348,
            0.38694932915493474,
            0.38693932915493473,
            0.3379793291549347,
            0.7420293291549348,
            0.6094993291549348,
            0.6629793291549347,
            0.6587593291549347,
            0.8892293291549349,
            0.8017393291549347,
            0.7483993291549348,
            0.5713493291549347,
            0.5713393291549348,
            0.5321693291549348,
            0.8554093291549346,
            0.7493893291549348,
            0.7921693291549348
        ],
        "converged": true,
        "confidence_intervals": {
            "w_p": [
                -10.610556529005311,
                10.610556529005311
            ],
            "delta": [
                -1.3769899616156183,
                1.3948686199254876
            ]
        }
    },
    "Basic Two-Stage": {
        "model_name": "bayes_basic_sequential",
        "params": {
            "r_div_q": 0.01,
            "delta": 0.008940773430182347
        },
        "steady_state_weight": 0.9999000099990001,
        "mode": "sequential",
        "model_type": "basic",
        "r_squared": 0.9312018607810293,
        "aic": -175.03955069032213,
        "bic": -172.23715592699781,
        "n_params": 2,
        "mse": 0.002558393345440786,
        "rmse": 0.05058056292135138,
        "predictions": [
            0.25876077343018233,
            0.48920773103860965,
            0.40174951837704126,
            0.3484061072379688,
            0.17136847542334147,
            0.17134077619982774,
            0.13217468964725504,
            0.45537845628490997,
            0.34940137007924393,
            0.39216649734502157,
            0.49621077343018233,
            0.7842719701907666,
            0.6749517043637809,
            0.6082774401899904,
            0.38697290167143134,
            0.3869407766423641,
            0.33798566845154826,
            0.741990376998567,
            0.6095140197414093,
            0.6629754278238813,
            0.6587607734301824,
            0.8892077310386097,
            0.8017495183770411,
            0.7484061072379689,
            0.5713684754233415,
            0.5713407761998277,
            0.532174689647255,
            0.8553784562849098,
            0.7494013700792439,
            0.7921664973450215
        ],
        "converged": true,
        "confidence_intervals": {
            "r_div_q": [
                -71.82960698860546,
                71.84960698860547
            ],
            "delta": [
                -1.3771439922412425,
                1.395025539101607
            ]
        }
    },
    "Weber Single-Stage": {
        "model_name": "bayes_weber_single",
        "params": {
            "w_p": 0.0,
            "delta": -0.0004789804571333565
        },
        "steady_state_weight": null,
        "mode": "single",
        "model_type": "weber",
        "r_squared": 0.9290596912695996,
        "aic": -174.1200415551574,
        "bic": -171.31764679183308,
        "n_params": 2,
        "mse": 0.0026380541078547867,
        "rmse": 0.05136199088679085,
        "predictions": [
            0.24970036927589506,
            0.4800600050831953,
            0.39261190104891447,
            0.3392974437487826,
            0.16233222693235314,
            0.16232223172101076,
            0.12317098889299871,
            0.4462562003233442,
            0.34028696967167593,
            0.38304648379427897,
            0.48703666260016043,
            0.7749887061621213,
            0.6656810749221059,
            0.5990430009026123,
            0.37782898347356864,
            0.37781898826222626,
            0.32888243353004665,
            0.7327389478179785,
            0.6002724118977221,
            0.653726802156647,
            0.6495088229701723,
            0.8798684587774728,
            0.7924203547431917,
            0.73910589744306,
            0.5621406806266305,
            0.5621306854152881,
            0.5229794425872759,
            0.8460646540176213,
            0.7400954233659534,
            0.7828549374885562
        ],
        "converged": true,
        "confidence_intervals": {
            "w_p": [
                -10.772289718738522,
                10.772289718738522
            ],
            "delta": [
                -2.715407165000616,
                2.7144492040863493
            ]
        }
    },
    "Weber Two-Stage": {
        "model_name": "bayes_weber_sequential",
        "params": {
            "r_div_q": 0.01,
            "delta": -0.0004678313276091411
        },
        "steady_state_weight": 0.9999000099990001,
        "mode": "sequential",
        "model_type": "weber",
        "r_squared": 0.9290493564882576,
        "aic": -174.1156730459371,
        "bic": -171.31327828261277,
        "n_params": 2,
        "mse": 0.0026384384269092305,
        "rmse": 0.051365732029332846,
        "predictions": [
            0.2497031532443229,
            0.4800339852571824,
            0.3926241694042377,
            0.3393061782943091,
            0.16234600290967338,
            0.1623240436893887,
            0.12317576121103697,
            0.4462037441982514,
            0.3402999829289042,
            0.38304622237664043,
            0.4870420926764142,
            0.7749613553892543,
            0.665698612681747,
            0.5990559980542287,
            0.37785060731824943,
            0.37782320338971387,
            0.32889066157439983,
            0.7326884328450269,
            0.6002910673029304,
            0.6537285163936478,
            0.649516064479684,
            0.8798515651292298,
            0.7924374807632384,
            0.7391192856381058,
            0.5621623309284977,
            0.5621369552664511,
            0.5229890482015478,
            0.8460333960061106,
            0.7401135731903493,
            0.7828592704270037
        ],
        "converged": true,
        "confidence_intervals": {
            "r_div_q": [
                -21.59583737081506,
                21.615837370815065
            ],
            "delta": [
                -2.6729295449076824,
                2.6719938822524645
            ]
        }
    },
    "Linear Regression": {
        "model_name": "linear",
        "params": {
            "slope": 0.8905884811382209,
            "intercept": 0.06642348887419922
        },
        "steady_state_weight": null,
        "mode": "linear",
        "model_type": "linear",
        "log_likelihood": null,
        "r_squared": 0.9454765917605912,
        "aic": -182.01287944027803,
        "bic": -179.2104846769537,
        "n_params": 2,
        "mse": 0.002027559558936309,
        "rmse": 0.04502843056266018,