range_category,regression_angle,scalar_variability,short_vs_medium_t,medium_vs_long_t,response_autocorr,stimulus_autocorr
short,35.95517966038872,0.17027131223883998,,,0.09577769414298691,0.24718809267831113
medium,0.8122513775625717,0.14151897100624228,,,-0.5957511438885187,0.217956842254054
long,-34.21734687736046,0.11190717745981855,,,0.48448367314334206,0.21906490146470325
