model,scope,k,aic,rmse_to_llm,r2_to_llm,r2_to_truth,rmse_vs_truth,bias_vs_truth,aic_weight
Bayes(stimulus),overall,0.0,-817.8173825124097,0.065476895316785,0.8659095524111285,0.5742615521838478,0.1373815467178764,-0.07712693027457568,0.9486562508485804
EmpiricalLinear,overall,3.0,-811.9843758888446,0.06544045809958247,0.8660587507892207,0.5361811033020567,0.1433940676809427,-0.09559000000000002,0.051343749151419295
Equal,overall,0.0,-745.9178569017117,0.08320957476957405,0.7834449635458998,0.7157050402436789,0.11226426709628788,-0.05342333333333334,2.31379703707363e-16
Bayes(range),overall,0.0,-718.7147508963097,0.09110743755590513,0.7403852594113896,0.7353820210831535,0.10830952205994238,-0.048694161708017644,2.8657997880143787e-22
LLM(Combined),overall,,,0.0,1.0,0.49696983518865,0.14933237760110835,-0.09559000000000002,
