range_category,w_img_bayes,w_txt_bayes
short,0.4764524193572039,0.523547580642796
medium,0.5965578398132392,0.4034421601867608
long,0.5067240881715951,0.4932759118284049
