{
  "per_range": {
    "regression_effect": {
      "long": {
        "regression_angle": 31.53505559641294,
        "slope": 0.6136426989209959,
        "intercept": 2.5765234737145324,
        "r_squared": 0.390418934545709,
        "p_value": 1.234171729213072e-06,
        "regression_strength": 0.3863573010790041,
        "regression_strength_angular": 0.29922098674637915
      },
      "medium": {
        "regression_angle": 43.384809045572084,
        "slope": 0.9451508877436686,
        "intercept": 0.5740462822810741,
        "r_squared": 0.7788174376775292,
        "p_value": 2.4262014976057162e-17,
        "regression_strength": 0.05484911225633138,
        "regression_strength_angular": 0.035893132320620365
      },
      "short": {
        "regression_angle": 46.83784736415778,
        "slope": 1.0663024666805472,
        "intercept": -0.324303323141943,
        "r_squared": 0.8150833749962932,
        "p_value": 3.2279736429754447e-19,
        "regression_strength": -0.06630246668054718,
        "regression_strength_angular": 0.04084105253683958
      }
    },
    "weber_law": {
      "long": {
        "mean_cv": 0.07150735700779061,
        "cv_magnitude_correlation": -0.6500263546788214,
        "bin_magnitudes": [
          5.43633125,
          5.8685937500000005,
          6.300856250000001,
          7.16538125,
          7.59764375,
          8.02990625,
          8.46216875
        ],
        "coefficient_variations": [
          0.1146940083998894,
          0.07527598398846806,
          0.10717261357497525,
          0.03631187518366352,
          0.048952004618696324,
          0.040791655907022384,
          0.07735335738181927
        ],
        "p_value": 0.1139869473076782
      },
      "medium": {
        "mean_cv": 0.073965149866966,
        "cv_magnitude_correlation": -0.814256063466405,
        "bin_magnitudes": [
          3.39370625,
          4.31933125,
          5.24495625,
          5.70776875,
          6.63339375
        ],
        "coefficient_variations": [
          0.15073163407262619,
          0.050819726761358854,
          0.09622504486493762,
          0.06005970300588166,
          0.011989640630025694
        ],
        "p_value": 0.09337263649784124
      },
      "short": {
        "mean_cv": 0.12536214394461848,
        "cv_magnitude_correlation": -0.7466335890460483,
        "bin_magnitudes": [
          1.47201875,
          2.36009375,
          3.2481687499999996,
          3.69220625,
          4.13624375,
          4.5802812500000005
        ],
        "coefficient_variations": [
          0.20596270274162484,
          0.19948955328060197,
          0.08140047036121331,
          0.05250191504451739,
          0.09065992393153227,
          0.12215829830822116
        ],
        "p_value": 0.08815943742627963
      }
    },
    "sequential_effect": [
      {
        "range_category": "long",
        "n_runs": 5,
        "N_total": 50,
        "r_resp_mean": 0.4770278804486532,
        "r_stim_mean": 0.2190649014647032,
        "r_resp_weighted": 0.4906647808963588,
        "r_stim_weighted": 0.21906490146470325
      },
      {
        "range_category": "medium",
        "n_runs": 5,
        "N_total": 50,
        "r_resp_mean": 0.197240432036718,
        "r_stim_mean": 0.217956842254054,
        "r_resp_weighted": 0.2000788857466793,
        "r_stim_weighted": 0.217956842254054
      },
      {
        "range_category": "short",
        "n_runs": 5,
        "N_total": 50,
        "r_resp_mean": 0.05135930733910725,
        "r_stim_mean": 0.24718809267831113,
        "r_resp_weighted": 0.051449252054995925,
        "r_stim_weighted": 0.24718809267831113
      }
    ]
  },
  "overall": {
    "range_effect": {
      "range_analyses_by_category": {
        "short": {
          "slope": 1.0663024666805472,
          "regression_strength": -0.06630246668054718,
          "r_squared": 0.8150833749962932,
          "mean_stimulus_magnitude": 3.0697699999999997
        },
        "medium": {
          "slope": 0.9451508877436686,
          "regression_strength": 0.05484911225633138,
          "r_squared": 0.7788174376775292,
          "mean_stimulus_magnitude": 5.0383
        },
        "long": {
          "slope": 0.6136426989209959,
          "regression_strength": 0.3863573010790041,
          "r_squared": 0.390418934545709,
          "mean_stimulus_magnitude": 7.0569999999999995
        }
      },
      "correlation_analysis": {
        "correlation_magnitude_regression": 0.967697618197671,
        "p_value": 0.16225139580281717,
        "interpretation": "Regression strength increases with stimulus magnitude (r=0.968)"
      },
      "pairwise_comparison_on_overlap": {
        "short_vs_medium": {
          "error": "No overlapping data found or insufficient data after binning for short vs medium."
        },
        "short_vs_long": {
          "error": "No overlapping data found or insufficient data after binning for short vs long."
        },
        "medium_vs_long": {
          "error": "No overlapping data found or insufficient data after binning for medium vs long."
        }
      }
    }
  }
}