range_category,regression_angle,scalar_variability,short_vs_medium_t,medium_vs_long_t,response_autocorr,stimulus_autocorr
short,41.33481236086072,0.12538718456219494,,,0.18773534514444903,0.24718809267831113
medium,41.85336884642492,0.08527255451334306,,,-0.056127060755984275,0.217956842254054
long,33.790421756085166,0.04153038375843808,,,0.16497683921086045,0.21906490146470325
