{
  "per_range": {
    "regression_effect": {
      "long": {
        "regression_angle": 38.5073271528597,
        "slope": 0.7956447347301701,
        "intercept": 1.38013510700919,
        "r_squared": 0.7247688931639776,
        "p_value": 4.7693323991123336e-15,
        "regression_strength": 0.20435526526982994,
        "regression_strength_angular": 0.14428161882533996
      },
      "medium": {
        "regression_angle": 36.997722937322585,
        "slope": 0.7534917423463258,
        "intercept": 1.2526825545365075,
        "r_squared": 0.8026584481114577,
        "p_value": 1.5485534215671277e-18,
        "regression_strength": 0.24650825765367423,
        "regression_strength_angular": 0.1778283791706092
      },
      "short": {
        "regression_angle": 43.16721926467879,
        "slope": 0.9379864243288109,
        "intercept": 0.16259741418814633,
        "r_squared": 0.9036893533664934,
        "p_value": 4.878768429874009e-26,
        "regression_strength": 0.06201357567118915,
        "regression_strength_angular": 0.04072846078491573
      }
    },
    "weber_law": {
      "long": {
        "mean_cv": 0.039596979937043995,
        "cv_magnitude_correlation": -0.4066760979448404,
        "bin_magnitudes": [
          5.43633125,
          5.8685937500000005,
          6.300856250000001,
          7.16538125,
          7.59764375,
          8.02990625,
          8.46216875
        ],
        "coefficient_variations": [
          0.0648596789876325,
          0.014368300074899467,
          0.052402049494630495,
          0.0687292316633542,
          0.02740695852155605,
          0.028881573472803804,
          0.02053106734443149
        ],
        "p_value": 0.36525021618243
      },
      "medium": {
        "mean_cv": 0.04757695046244004,
        "cv_magnitude_correlation": -0.4311088432381178,
        "bin_magnitudes": [
          3.39370625,
          4.31933125,
          5.24495625,
          5.70776875,
          6.63339375
        ],
        "coefficient_variations": [
          0.09814910300431347,
          1.375365181854445e-16,
          0.07663414000401826,
          0.03813165702967435,
          0.024969852274193963
        ],
        "p_value": 0.4686065981372061
      },
      "short": {
        "mean_cv": 0.06133596349124757,
        "cv_magnitude_correlation": -0.47462072774595737,
        "bin_magnitudes": [
          1.47201875,
          2.36009375,
          3.2481687499999996,
          3.69220625,
          4.13624375,
          4.5802812500000005
        ],
        "coefficient_variations": [
          0.09745474734447909,
          0.0957268081573172,
          0.05231387824133201,
          0.024577979155559218,
          0.0,
          0.09794236804879793
        ],
        "p_value": 0.34152658839161065
      }
    },
    "sequential_effect": [
      {
        "range_category": "long",
        "n_runs": 5,
        "N_total": 50,
        "r_resp_mean": 0.4113424032289913,
        "r_stim_mean": 0.2190649014647032,
        "r_resp_weighted": 0.41346810685574525,
        "r_stim_weighted": 0.21906490146470325
      },
      {
        "range_category": "medium",
        "n_runs": 5,
        "N_total": 50,
        "r_resp_mean": -0.004890579378868681,
        "r_stim_mean": 0.217956842254054,
        "r_resp_weighted": -0.00484886506025281,
        "r_stim_weighted": 0.217956842254054
      },
      {
        "range_category": "short",
        "n_runs": 5,
        "N_total": 50,
        "r_resp_mean": 0.2860640330416019,
        "r_stim_mean": 0.24718809267831113,
        "r_resp_weighted": 0.2866720816124742,
        "r_stim_weighted": 0.24718809267831113
      }
    ]
  },
  "overall": {
    "range_effect": {
      "range_analyses_by_category": {
        "short": {
          "slope": 0.9379864243288109,
          "regression_strength": 0.06201357567118915,
          "r_squared": 0.9036893533664934,
          "mean_stimulus_magnitude": 3.0697699999999997
        },
        "medium": {
          "slope": 0.7534917423463258,
          "regression_strength": 0.24650825765367423,
          "r_squared": 0.8026584481114577,
          "mean_stimulus_magnitude": 5.0383
        },
        "long": {
          "slope": 0.7956447347301701,
          "regression_strength": 0.20435526526982994,
          "r_squared": 0.7247688931639776,
          "mean_stimulus_magnitude": 7.0569999999999995
        }
      },
      "correlation_analysis": {
        "correlation_magnitude_regression": 0.7312509251810254,
        "p_value": 0.4778737079599113,
        "interpretation": "Regression strength increases with stimulus magnitude (r=0.731)"
      },
      "pairwise_comparison_on_overlap": {
        "short_vs_medium": {
          "error": "No overlapping data found or insufficient data after binning for short vs medium."
        },
        "short_vs_long": {
          "error": "No overlapping data found or insufficient data after binning for short vs long."
        },
        "medium_vs_long": {
          "error": "No overlapping data found or insufficient data after binning for medium vs long."
        }
      }
    }
  }
}