model,scope,k,aic,rmse_to_llm,r2_to_llm,r2_to_truth,rmse_vs_truth,bias_vs_truth,aic_weight
EmpiricalLinear,overall,3.0,-750.6595097853009,0.08028292136411332,0.9025849440132113,0.8126295911636541,0.09113687467484088,-0.02705399999999948,0.9992039157234918
Bayes(stimulus),overall,0.0,-736.3891081207844,0.0858949397389532,0.8884897194671025,0.8850905236656771,0.07137096221944869,0.008807333855164,0.0007959316572132988
Equal,overall,0.0,-719.2704625954943,0.09093882887068655,0.8750090803010716,0.8799100334490472,0.07296204384136903,0.004987810776942363,1.5261918636385387e-07
Bayes(range),overall,0.0,-690.957841401916,0.09993924728903043,0.8490434721649374,0.8986185566153313,0.0670382801754707,0.01375197034926634,1.085429342300377e-13
LLM(Combined),overall,,,0.0,1.0,0.7727441677815863,0.10036935840517595,-0.027053999999999998,
