range_category,w_img_bayes,w_txt_bayes
short,0.4107930394820094,0.5892069605179906
medium,0.21004833772758086,0.7899516622724192
long,0.4236269857866052,0.5763730142133948
