model,scope,k,aic,rmse_to_llm,r2_to_llm,r2_to_truth,rmse_vs_truth,bias_vs_truth,aic_weight
EmpiricalLinear,overall,3.0,-695.3916598070757,0.09652316965444036,0.8448713363490359,0.7369603481592208,0.1079827142544865,-0.040027333333333505,0.9999736904583013
Bayes(range),overall,0.0,-674.3005546506081,0.10564524790366032,0.8141644341038505,0.7708393562332798,0.10078911829343067,-0.03964394137789561,2.630954154673139e-05
Equal,overall,0.0,-636.301230507918,0.1199111650347873,0.7605867696963987,0.7373738329275412,0.10789780924560052,-0.02899399999999999,1.4745682711999532e-13
Bayes(stimulus),overall,0.0,-629.2909543297607,0.12274619454406813,0.7491321690444035,0.7153755517111411,0.11232585423778621,-0.013868879435185034,4.429990087036937e-15
LLM(Combined),overall,,,0.0,1.0,0.7085626486496088,0.11366224632656173,-0.04002733333333333,
