range_category,w_img_bayes,w_txt_bayes
short,0.2091307881708849,0.7908692118291151
medium,0.2519280457807483,0.7480719542192518
long,0.21694310884412374,0.7830568911558763
