model,scope,k,aic,rmse_to_llm,r2_to_llm,r2_to_truth,rmse_vs_truth,bias_vs_truth,aic_weight
EmpiricalLinear,overall,2.0,-524.2114918657512,0.17192361959796543,0.26196049598321525,0.16843590210603365,0.1919956966209012,-0.10150738851817201,0.5370613007848416
Combo_NonOracle,overall,0.0,-523.9144566725512,0.17440387961457385,0.240512204384129,0.11310051838320967,0.19828087635491745,-0.10866624612862476,0.4629386989087418
Equal,overall,0.0,-481.64072114149485,0.20079534564658946,-0.006736466100789151,0.052952683364314024,0.20489410717896858,-0.07616899999999996,3.061247556209351e-10
Combo_Oracle,overall,0.0,-467.72905926174735,0.21032593833093258,-0.10457239810307084,0.3647867781125732,0.16780441914883018,0.0,2.917557723061825e-13
LLM(Combined),overall,,,0.0,1.0,-0.0956061080956565,0.22037932655612988,-0.1205273333333333,
