model,scope,k,aic,rmse_to_llm,r2_to_llm,r2_to_truth,rmse_vs_truth,bias_vs_truth,aic_weight
EmpiricalLinear,overall,2.0,-136.4637323335127,0.626120495792774,0.8870900915865645,0.896261039624558,0.6537373876726461,-0.2972768778433676,0.9999819814108049
Combo_NonOracle,overall,0.0,-114.56911670607455,0.6825653158055991,0.8658147911975855,0.841010265862728,0.8093137502682118,-0.5317517537400722,1.7605031211697233e-05
Combo_Oracle,overall,0.0,-107.06683215839017,0.6998498684887453,0.8589328199431894,0.9215737278832155,0.5684119026209794,-1.6697754290362353e-15,4.135579834512553e-07
Equal,overall,0.0,9.05861623042004,1.0306558914917563,0.6940548348188422,0.6211580100752245,1.2492847314897164,-1.0035566666666667,2.513134239325441e-32
LLM(Combined),overall,,,0.0,1.0,0.8649380557192827,0.7459313777642909,-0.3042699999999998,
