model,scope,k,aic,rmse_to_llm,r2_to_llm,r2_to_truth,rmse_vs_truth,bias_vs_truth,aic_weight
EmpiricalLinear,overall,3.0,-567.5206087159504,0.14782363630083606,0.15149166618855314,-0.3986354374550025,0.2490056659582638,-0.09419000000000002,0.9999999681747315
Bayes(range),overall,0.0,-532.2098907027271,0.16964742451631964,-0.11753952300942871,-0.6180638518787118,0.26782726920579486,-0.06322894209287125,2.149685829214595e-08
Equal,overall,0.0,-530.7438666455523,0.170478477453794,-0.1285153371705814,-0.5062876339337545,0.25841095479740256,-0.06397293599259259,1.0328373016685447e-08
Bayes(stimulus),overall,0.0,-505.6801906383093,0.18533308089543415,-0.3337494100749656,-0.7438371085662896,0.2780416921500415,-0.04304509249780104,3.728411349512749e-14
LLM(Combined),overall,,,0.0,1.0,-0.6981599589284289,0.274376090430635,-0.09418999999999998,
