range_category,w_img_bayes,w_txt_bayes
short,0.2658004878857102,0.7341995121142898
medium,0.6822379493031742,0.31776205069682584
long,0.6611658083773061,0.3388341916226939
