model,scope,k,aic,rmse_to_llm,r2_to_llm,r2_to_truth,rmse_vs_truth,bias_vs_truth,aic_weight
Combo_Oracle,overall,0.0,-574.9570218703144,0.10768816508072612,0.6779866158128371,0.7331912106926304,0.11107776806480818,-1.2393187251629654e-16,0.997099214887899
Combo_NonOracle,overall,0.0,-562.2870117682104,0.11310858161428465,0.6447540938473846,0.7291995520646031,0.1119055865219174,-0.008381478916111492,0.0017679933932994317
EmpiricalLinear,overall,2.0,-561.3966915805092,0.11175346436658326,0.6532152751295958,0.73969348513594,0.10971590693319788,-0.0044500828501566675,0.0011327917187853474
Equal,overall,0.0,-511.490052433899,0.13772179827801492,0.4733242301927211,0.5815961057527754,0.13909929780974017,-0.02257751937984496,1.648394169097235e-14
LLM(Combined),overall,,,0.0,1.0,0.7134073655015689,0.11512233533516968,0.018122480620155045,
