{
  "empirical_linear": {
    "w_txt_norm": 0.8424077242993215,
    "w_img_norm": 0.15759227570067852
  },
  "combo_oracle": {
    "w_txt_norm": 0.9193143397083217,
    "w_img_norm": 0.08068566029167823
  },
  "combo_non_oracle": {
    "w_txt_norm": 0.7681478929073732,
    "w_img_norm": 0.23185210709262688
  }
}