{
    "Basic Single-Stage": {
        "model_name": "bayes_basic_single",
        "params": {
            "w_p": 0.549539903022843,
            "delta": -0.05706067078597185
        },
        "steady_state_weight": null,
        "mode": "single",
        "model_type": "basic",
        "r_squared": 0.3839045504562624,
        "aic": -116.31759503449565,
        "bic": -113.51520027117134,
        "n_params": 2,
        "mse": 0.018121763097829553,
        "rmse": 0.13461709808872555,
        "predictions": [
            0.2247623350064664,
            0.32857987355679175,
            0.28916911967226033,
            0.2651415780994988,
            0.18538761792969313,
            0.18538311332872334,
            0.1677385913301281,
            0.3133453130770243,
            0.26558753359550613,
            0.28485821654418897,
            0.4702158341540911,
            0.5999888834922403,
            0.5507265672868183,
            0.5206943926213513,
            0.4209985639583669,
            0.4209940593573971,
            0.39893953300939555,
            0.5809479351930158,
            0.5212484585406332,
            0.5453390645269715,
            0.6247623350064663,
            0.7285798735567918,
            0.6891691196722602,
            0.6651415780994987,
            0.585387617929693,
            0.5853831133287233,
            0.567738591330128,
            0.7133453130770242,
            0.665587533595506,
            0.6848582165441889
        ],
        "converged": true,
        "confidence_intervals": {
            "w_p": [
                -10.06101659721952,
                11.160096403265207
            ],
            "delta": [
                -1.442989958583107,
                1.3288686170111634
            ]
        }
    },
    "Basic Two-Stage": {
        "model_name": "bayes_basic_sequential",
        "params": {
            "r_div_q": 100.0,
            "delta": -0.06487831206696802
        },
        "steady_state_weight": 9.999000099990002e-05,
        "mode": "sequential",
        "model_type": "basic",
        "r_squared": 0.2965361382118641,
        "aic": -112.3393625094744,
        "bic": -109.53696774615008,
        "n_params": 2,
        "mse": 0.020691607867984924,
        "rmse": 0.14384577806798823,
        "predictions": [
            0.18494168793303195,
            0.3001811749101038,
            0.3094294854120559,
            0.3007145354748652,
            0.2600537690370614,
            0.23294036485247643,
            0.20796679334031665,
            0.22970780636303895,
            0.23481532430513485,
            0.24319273179797735,
            0.42239168793303195,
            0.5664422967030438,
            0.5780039350133561,
            0.5671121231797488,
            0.5162857897452188,
            0.48239420126118115,
            0.4511777136054922,
            0.4783543375181911,
            0.48473845636713275,
            0.4952104942265214,
            0.5849416879330319,
            0.7001811749101039,
            0.709429485412056,
            0.7007145354748653,
            0.6600537690370615,
            0.6329403648524765,
            0.6079667933403167,
            0.6297078063630389,
            0.6348153243051349,
            0.6431927317979774
        ],
        "converged": true,
        "confidence_intervals": {
            "r_div_q": [
                -9744.677323048756,
                9944.677323048756
            ],
            "delta": [
                -3.909343116739935,
                3.7795864926059988
            ]
        }
    },
    "Weber Single-Stage": {
        "model_name": "bayes_weber_single",
        "params": {
            "w_p": 0.44304708338639287,
            "delta": -0.12293513507481642
        },
        "steady_state_weight": null,
        "mode": "single",
        "model_type": "weber",
        "r_squared": 0.4140719164807303,
        "aic": -117.82365513748152,
        "bic": -115.02126037415721,
        "n_params": 2,
        "mse": 0.017234423545515413,
        "rmse": 0.13127994342440666,
        "predictions": [
            0.23260156498580128,
            0.33474838719615624,
            0.29928062574388703,
            0.27591626441265166,
            0.18300139947843266,
            0.18299512372676646,
            0.15691985064362626,
            0.32140808534182647,
            0.276364145159379,
            0.29519740136487005,
            0.45033063836156817,
            0.5832942747635479,
            0.5359355477467919,
            0.5053584573736165,
            0.3909473806232057,
            0.39094162044382313,
            0.3618756345842773,
            0.5653639053733936,
            0.5059358350071881,
            0.5305537493346119,
            0.5929528680391827,
            0.7021740805049415,
            0.66240640521999,
            0.6372022132540909,
            0.5471128591565598,
            0.5471074410929051,
            0.525545906015233,
            0.6870188997669819,
            0.6376772067052302,
            0.6579410300288818
        ],
        "converged": true,
        "confidence_intervals": {
            "w_p": [
                -13.430723663848045,
                14.316817830620831
            ],
            "delta": [
                -3.0522072312669657,
                2.806336961117333
            ]
        }
    },
    "Weber Two-Stage": {
        "model_name": "bayes_weber_sequential",
        "params": {
            "r_div_q": 0.01,
            "delta": -0.16625524945742506
        },
        "steady_state_weight": 0.9999000099990001,
        "mode": "sequential",
        "model_type": "weber",
        "r_squared": 0.35360003480346636,
        "aic": -114.87717610363933,
        "bic": -112.07478134031501,
        "n_params": 2,
        "mse": 0.01901313675407249,
        "rmse": 0.13788813130241662,
        "predictions": [
            0.2115549308426048,
            0.40669727403204453,
            0.3326413774148312,
            0.2874689720168239,
            0.13754365383864764,
            0.1375250494092557,
            0.10435759411069138,
            0.37803540339487857,
            0.2883109494601937,
            0.3245266886014581,
            0.4126347270910246,
            0.6565675044971456,
            0.5639972330796507,
            0.5075358559334131,
            0.3201248267753863,
            0.3201016094458595,
            0.27864467211528754,
            0.6207527718942362,
            0.5085822391079392,
            0.5538558524514052,
            0.5502869523181488,
            0.7454332508994677,
            0.6713737378856539,
            0.6262011596405962,
            0.4762785701030715,
            0.47625707117429816,
            0.4430899339358882,
            0.7167816079240549,
            0.6270435462245081,
            0.6632588259902729
        ],
        "converged": true,
        "confidence_intervals": {
            "r_div_q": [
                -27.499855682336488,
                27.51985568233649
            ],
            "delta": [
                -3.0568806955263854,
                2.7243701966115355
            ]
        }
    },
    "Linear Regression": {
        "model_name": "linear",
        "params": {
            "slope": 0.5692526173871192,
            "intercept": 0.16925142367384557
        },
        "steady_state_weight": null,
        "mode": "linear",
        "model_type": "linear",
        "log_likelihood": null,
        "r_squared": 0.4883653954209062,
        "aic": -121.89099289957187,
        "bic": -119.08859813624755,
        "n_params": 2,
        "mse": 0.01504916341080007,
        "rmse": 0.1226750317334382,