model,scope,k,aic,rmse_to_llm,r2_to_llm,r2_to_truth,rmse_vs_truth,bias_vs_truth,aic_weight
EmpiricalLinear,overall,3.0,-5.334362821003118,0.9629235964733166,0.6948718646761697,0.6894630935996742,1.1310687112810938,-0.8302354893552774,0.9999954703646986
Equal,overall,0.0,19.275854527819707,1.0663619926278598,0.6257964428310312,0.7363459381238397,1.0421965011455372,-0.77469,4.528529865893063e-06
Bayes(range),overall,0.0,36.7351225039672,1.1302630670693783,0.5796048763188644,0.850503523072138,0.784779873571417,-0.4840862761519245,7.323612651188839e-10
Bayes(stimulus),overall,0.0,38.08411539536705,1.1353569005378878,0.575807091075154,0.8382118757284487,0.8164050783821933,-0.5425157483385044,3.730742561937913e-10
LLM(Combined),overall,,,0.0,1.0,0.5831894432817799,1.3103935072057458,-0.8302354893552766,
