range_category,w_img_bayes,w_txt_bayes
short,0.6197986088974894,0.3802013911025106
medium,0.6295729559237462,0.3704270440762538
long,0.8081079821005346,0.19189201789946542
