model,scope,k,aic,rmse_to_llm,r2_to_llm,r2_to_truth,rmse_vs_truth,bias_vs_truth,aic_weight
Combo_NonOracle,overall,0.0,-851.7817902712211,0.058468178244145796,0.9356758383791015,0.8728014373891456,0.07509276004943723,0.057756696196946074,0.8790591278494851
EmpiricalLinear,overall,2.0,-847.8144046212301,0.05846182225087904,0.9356898227968825,0.8725108031903801,0.0751785002940113,0.058082193502728634,0.12092364793259637
Equal,overall,0.0,-830.1012082120561,0.06285001988862055,0.9256731292550003,0.8522758915330843,0.08092498995983873,0.06679333333333332,1.7224217918366494e-05
Combo_Oracle,overall,0.0,-768.2759141486861,0.0772336748829922,0.8877598058535154,0.9543709966392341,0.044975650852230514,-1.4654943925052067e-16,6.470643672308498e-19
LLM(Combined),overall,,,0.0,1.0,0.8714204139014419,0.07549930904761093,0.04474333333333333,
