{
  "empirical_linear": {
    "w_txt_norm": 0.6650879310916866,
    "w_img_norm": 0.3349120689083133
  },
  "combo_oracle": {
    "w_txt_norm": 0.7157967159628605,
    "w_img_norm": 0.28420328403713935
  },
  "combo_non_oracle": {
    "w_txt_norm": 0.6712565471204168,
    "w_img_norm": 0.3287434528795833
  }
}