model,scope,k,aic,rmse_to_llm,r2_to_llm,r2_to_truth,rmse_vs_truth,bias_vs_truth,aic_weight
Combo_NonOracle,overall,0.0,-149.82548377548375,0.6068835938256932,0.898690560230763,0.9004197761567181,0.6404996941006583,-0.2466262240111585,0.49611683507487775
Equal,overall,0.0,-149.49084954543977,0.6075609182625228,0.8984642972309648,0.8947818276849335,0.6583817051933728,-0.2805426666666666,0.4196807648390418
EmpiricalLinear,overall,2.0,-146.278006938275,0.6059688542894329,0.898995732128836,0.8983446205011326,0.6471389807715284,-0.2612477013203779,0.08418973780065585
Combo_Oracle,overall,0.0,-128.67360615774464,0.6512172204086332,0.8833483538039372,0.914077490065672,0.5949573787309476,-1.9895196601282807e-15,1.2662285424492711e-05
LLM(Combined),overall,,,0.0,1.0,0.885749656509735,0.6860584768565042,-0.23062333333333318,
