model,scope,k,aic,rmse_to_llm,r2_to_llm,r2_to_truth,rmse_vs_truth,bias_vs_truth,aic_weight
EmpiricalLinear,overall,2.0,379.96265059393636,3.5015608818088375,-0.8992048087708076,-4.333028258753052,4.68726297616938,4.0811737798004435,0.9861068793849104
Equal,overall,0.0,388.48740619635544,3.6508427109367507,-1.0645941045464564,-2.692813359572846,3.900417144400498,3.5142766666666665,0.01389302540051104
Combo_NonOracle,overall,0.0,412.268935065943,3.9520316306205006,-1.4192974143034438,-1.7798231825730992,3.3840826691136887,3.075884879040358,9.521457869553982e-08
Combo_Oracle,overall,0.0,575.9709624438269,6.8202982880255885,-6.205351562737564,0.6201539812847356,1.2509390991475176,-2.6053233644537005e-15,2.6993541494437917e-43
LLM(Combined),overall,,,0.0,1.0,-9.881851744541542,6.695511802717797,6.531643333333333,
