{
  "empirical_linear": {
    "w_txt_norm": 0.26716254491917957,
    "w_img_norm": 0.7328374550808204
  },
  "combo_oracle": {
    "w_txt_norm": 0.9840221383145836,
    "w_img_norm": 0.015977861685416466
  },
  "combo_non_oracle": {
    "w_txt_norm": 0.6800574139370394,
    "w_img_norm": 0.3199425860629605
  }
}