model,scope,k,aic,rmse_to_llm,r2_to_llm,r2_to_truth,rmse_vs_truth,bias_vs_truth,aic_weight
EmpiricalLinear,overall,3.0,-618.2101939493155,0.1248427109362459,0.38282105906964903,0.09891760442856223,0.19986613669027345,-0.09200893373293373,0.9999999999999989
Bayes(range),overall,0.0,-548.1143658058288,0.16088782659679127,-0.025017044849597214,0.4262867474305835,0.15947933144929127,-0.014523312436366561,6.010136233905941e-16
Bayes(stimulus),overall,0.0,-545.8140846330977,0.16212619230668263,-0.040857038627174935,0.40355606617113116,0.1626079513629062,-0.0031044541118279765,1.9027625993490802e-16
Equal,overall,0.0,-545.1553381001968,0.1624825836730402,-0.045438163701655876,0.43770582739371233,0.157884231202921,-0.016811742857142865,1.368798795113714e-16
LLM(Combined),overall,,,0.0,1.0,0.02791386875080537,0.20759139097636145,-0.09200893373293371,
