model,scope,k,aic,rmse_to_llm,r2_to_llm,r2_to_truth,rmse_vs_truth,bias_vs_truth,aic_weight
EmpiricalLinear,overall,3.0,-890.3587777081055,0.05039503641635067,0.9503590282039163,0.8308514071522136,0.08659201061167948,-0.043060666666666754,0.3836686450622174
Bayes(range),overall,0.0,-889.8366764251682,0.05150263771077579,0.9481529928210605,0.8203186346854435,0.08924731282079866,-0.052456620894260245,0.2955176709181801
Bayes(stimulus),overall,0.0,-889.1804226724715,0.051615423690451766,0.9479256639453059,0.8245541880305701,0.08818914498810845,-0.05638348335855495,0.21285299407499275
Equal,overall,0.0,-887.8227535126734,0.05184954194590344,0.9474521929872188,0.8114496323124553,0.09142339000496537,-0.05231066666666667,0.10796068994460982
LLM(Combined),overall,,,0.0,1.0,0.8144840539332818,0.09068474829503213,-0.04306066666666666,
