range_category,w_img_bayes,w_txt_bayes
short,0.5026994276377996,0.4973005723622004
medium,0.7502260137109614,0.24977398628903857
long,0.6491704603760745,0.3508295396239255
