range_category,regression_angle,scalar_variability,short_vs_medium_t,medium_vs_long_t,response_autocorr,stimulus_autocorr
short,1.9409671055215014,0.14815018025072876,-3.878149960258381,,0.2635850546676104,0.09922295496014685
medium,0.045056797702814816,0.47116445341906305,,9.709677419354794,0.9902971655071386,0.09939484214038317
long,1.7416783283343125,0.1353421972736136,,,-0.19115494153697346,0.09922295496014666
