model,scope,k,aic,rmse_to_llm,r2_to_llm,r2_to_truth,rmse_vs_truth,bias_vs_truth,aic_weight
EmpiricalLinear,overall,2.0,-722.712903886604,0.08871055977050873,0.3183511369416143,-0.3071929629086694,0.240728115467329,-0.18110083373053332,1.0
Equal,overall,0.0,-630.2144504892336,0.1223689233918922,-0.297036965153781,0.15230137248016484,0.19385531172539003,-0.10249368413721355,8.207597536836744e-21
Combo_NonOracle,overall,0.0,-616.6647056993673,0.12802252947485857,-0.4196552172395729,0.179310336282678,0.19074205057527427,-0.09501780233111329,9.374030359981783e-24
Combo_Oracle,overall,0.0,-444.25678988820516,0.22744292156191806,-3.480793462098176,0.5358962109632676,0.1434380995222461,3.4046839421838136e-16,3.419976478561926e-61
LLM(Combined),overall,,,0.0,1.0,-0.586559940988802,0.26520713728455103,-0.19158999999999995,
