{
    "Basic Single-Stage": {
        "model_name": "bayes_basic_single",
        "params": {
            "w_p": 0.3594950571660229,
            "delta": 0.0010302168578207383
        },
        "steady_state_weight": null,
        "mode": "single",
        "model_type": "basic",
        "r_squared": 0.38743885110728615,
        "aic": 98.04313039170044,
        "bic": 100.84552515502476,
        "n_params": 2,
        "mse": 22.983371347241064,
        "rmse": 4.79409755295416,
        "predictions": [
            2.7623435789612314,
            4.236978108847897,
            3.6623170741372526,
            3.3390542294889443,
            2.186401534364919,
            1.9617124004187598,
            4.025483376724117,
            1.8771657479646748,
            4.270156264886697,
            3.957589852783716,
            4.728332162989409,
            6.234543586557789,
            5.683517184237719,
            5.313177226291113,
            4.173334630023768,
            3.945571072352006,
            6.027212136562431,
            5.598714329806501,
            3.8445634428670874,
            6.281236396890387,
            6.748129144400887,
            8.243900337401072,
            7.671224868013215,
            7.345720256064987,
            6.208119427097561,
            5.928410918561963,
            8.003198579884065,
            7.597566799587307,
            5.8507817194904845,
            8.286750118076668
        ],
        "converged": true,
        "confidence_intervals": {
            "w_p": [
                -1.5885692816492414,
                2.3075593959812872
            ],
            "delta": [
                -1.404627349882187,
                1.4066877835978284
            ]
        }
    },
    "Basic Two-Stage": {
        "model_name": "bayes_basic_sequential",
        "params": {
            "r_div_q": 0.5561508860170975,
            "delta": 0.04321531132783157
        },
        "steady_state_weight": 0.7637646769805743,
        "mode": "sequential",
        "model_type": "basic",
        "r_squared": 0.3841339590919368,
        "aic": 98.20455142859858,
        "bic": 101.00694619192289,
        "n_params": 2,
        "mse": 23.107371311307688,
        "rmse": 4.807012722191162,
        "predictions": [
            2.5432153113278315,
            4.405561143031096,
            4.039003173317215,
            3.5618714249778964,
            2.024962046118441,
            1.4385636252613725,
            3.9041739311969033,
            1.7060547047745032,
            4.263428791549965,
            4.380337578166492,
            4.515315311327832,
            6.41754024197692,
            6.088116116397796,
            5.559445280798026,
            4.028326705890957,
            3.439231954345253,
            5.926664849592328,
            5.884633468717297,
            3.6815781861890127,
            6.29262511080481,
            6.543215311327832,
            8.432255063217955,
            8.073237618272618,
            7.594796058919467,
            6.076458687209137,
            5.424911739286609,
            7.891364992968554,
            7.8737752207864915,
            5.684790556049563,
            8.297750851022792
        ],
        "converged": true,
        "confidence_intervals": {
            "r_div_q": [
                -1.2526881654947655,
                2.3649899375289607
            ],
            "delta": [
                -1.353020087474148,
                1.439450710129811
            ]
        }
    },
    "Weber Single-Stage": {
        "model_name": "bayes_weber_single",
        "params": {
            "w_p": 0.6397633775892765,
            "delta": 0.22047973172511107
        },
        "steady_state_weight": null,
        "mode": "single",
        "model_type": "weber",
        "r_squared": 0.4401595968303047,
        "aic": 95.34321980686629,
        "bic": 98.1456145701906,
        "n_params": 2,
        "mse": 21.0052823371138,
        "rmse": 4.583152008946878,
        "predictions": [
            3.3794937830001217,
            4.275452379836004,
            3.968502467051646,
            3.7755102940008998,
            2.878119340713928,
            2.632750167612229,
            4.167130984141089,
            2.529004680055658,
            4.29200848362279,
            4.131276556819506,
            5.968382713433475,
            6.949652911711612,
            6.620334182890752,
            6.381522060236369,
            5.522838047929582,
            5.32007473652093,
            6.829041566647518,
            6.5670040081416285,
            5.2255979928658745,
            6.976308023670709,
            8.531133106152758,
            9.528600532969332,
            9.169327755142868,
            8.953457578870683,
            8.114689274813845,
            7.883203721437169,
            9.380566699887517,
            9.121270360933616,
            7.816774242568016,
            9.554528767889472
        ],
        "converged": true,
        "confidence_intervals": {
            "w_p": [
                -0.04331314050540469,
                1.3228398956839578
            ],
            "delta": [
                0.007194432455300326,
                0.4337650309949218
            ]
        }
    },
    "Weber Two-Stage": {
        "model_name": "bayes_weber_sequential",
        "params": {
            "r_div_q": 1.3358512059987249,
            "delta": 0.2169631561466367
        },
        "steady_state_weight": 0.35913110382615265,
        "mode": "sequential",
        "model_type": "weber",
        "r_squared": 0.43284525795666806,
        "aic": 95.73263272983239,
        "bic": 98.5350274931567,
        "n_params": 2,
        "mse": 21.27971725156476,
        "rmse": 4.612994391018134,
        "predictions": [
            3.1057460678909545,
            4.623224173475557,
            4.744821268082376,
            4.464696681623755,
            2.9315175334405557,
            2.1075218768205604,
            3.4859807408839556,
            2.1619819146484374,
            3.6822201202273024,
            4.502253939068857,
            5.555682604951441,
            7.187418442233929,
            7.305683243188086,
            6.976509929190821,
            5.540373458867886,
            4.700712658434327,
            6.225240608108451,
            6.734748287840964,
            5.032148198339231,
            6.633225829077059,
            8.074939388839155,
            9.736012166755767,
            9.805524546031503,
            9.501941539599633,
            8.122050525059754,
            7.2259842472873554,
            8.777126941025235,
            9.255807964503445,
            7.601756680913459,
            9.23486801574291
        ],
        "converged": true,
        "confidence_intervals": {
            "r_div_q": [
                -0.20965863719866373,
                2.8813610491961135
            ],
            "delta": [
                0.0074031785384883475,
                0.426523133754785
            ]
        }
    },
    "Linear Regression": {
        "model_name": "linear",
        "params": {
            "slope": 2.060224337156603,
            "intercept": -5.510803978038972
        },
        "steady_state_weight": null,
        "mode": "linear",
        "model_type": "linear",
        "log_likelihood": null,
        "r_squared": 0.5178087966101186,
        "aic": 90.86388926138756,
        "bic": 93.66628402471187,
        "n_params": 2,
        "mse": 18.0918745955658,
        "rmse": 4.253454430879188,