model,scope,k,aic,rmse_to_llm,r2_to_llm,r2_to_truth,rmse_vs_truth,bias_vs_truth,aic_weight
EmpiricalLinear,overall,2.0,84.3203126385902,1.3069999226512061,0.7584939086829703,0.6147559162517351,1.2597964103245676,0.13719066666666677,0.9999999999287699
Combo_Oracle,overall,0.0,131.05052517366994,1.547800798754473,0.6613063157828586,0.8084995656885949,0.8882132739131343,1.3737159558028603e-15,7.123005487042642e-11
Equal,overall,0.0,214.22220677005026,2.0422946876287162,0.4103235540210617,0.5500781897549821,1.3614475062196567,-1.0164153935799332,6.196723167888122e-29
Combo_NonOracle,overall,0.0,256.93405105543866,2.354778897976809,0.21607008799703142,0.3630049232704091,1.6199455435211838,-1.3333201253478884,3.291568916017145e-38
LLM(Combined),overall,,,0.0,1.0,0.4897615750450369,1.4498362636131503,0.47396894387344074,
