model,scope,k,aic,rmse_to_llm,r2_to_llm,r2_to_truth,rmse_vs_truth,bias_vs_truth,aic_weight
EmpiricalLinear,overall,2.0,394.2703150350223,3.704809830563818,-1.166344842005231,-7.411067683838224,5.878963423819333,4.999927353730614,0.9999998870381263
Equal,overall,0.0,426.2627457587905,4.180420746461971,-1.7582634046508647,-3.0784723599376793,4.093774873114662,3.580902684563758,1.1296187383617776e-07
Combo_NonOracle,overall,0.0,486.25764206702416,5.112748128668921,-3.1257655534361426,-0.8889359049388796,2.7860172765169415,2.418126087442305,1.0597555103619467e-20
Combo_Oracle,overall,0.0,596.967756474938,7.413091100954353,-7.673500807730234,0.584867557261493,1.3060762488256357,1.1921857982552017e-15,9.656278753596414e-45
LLM(Combined),overall,,,0.0,1.0,-12.555395326206959,7.463306685705695,7.101875838926175,
