model,scope,k,aic,rmse_to_llm,r2_to_llm,r2_to_truth,rmse_vs_truth,bias_vs_truth,aic_weight
EmpiricalLinear,overall,2.0,-109.21101716086466,0.6767977346817377,0.8557333560415301,0.9031258885046617,0.6340299568280517,0.07409774217086146,0.9900341614549822
Combo_Oracle,overall,0.0,-100.00856379265319,0.7083215536810256,0.8419810940153173,0.9194492664849716,0.5781501753152697,7.350442094070002e-17,0.009939460712765767
Combo_NonOracle,overall,0.0,-88.14507564399646,0.7378988401796249,0.8285088188109829,0.8987597601395763,0.6481604011131428,-0.08144867272888945,2.6377832241671837e-05
Equal,overall,0.0,-44.83098023286391,0.8567667335334592,0.7688077205095947,0.8660355543814531,0.7455910522956342,-0.20384394496900957,1.0368186225174608e-14
LLM(Combined),overall,,,0.0,1.0,0.8869006752290949,0.685071527355262,0.1613603599478493,
