model,scope,k,aic,rmse_to_llm,r2_to_llm,r2_to_truth,rmse_vs_truth,bias_vs_truth,aic_weight
Combo_NonOracle,overall,0.0,-490.0816736361642,0.19522440664049184,0.043988448775378886,0.3241048119445088,0.1730945150986809,-0.10505846680950025,0.8391757354681038
EmpiricalLinear,overall,2.0,-486.7760634354812,0.19477305640848877,0.048403851981796864,0.3358537932685566,0.1715834822317302,-0.10387291073882539,0.16071217665122176
Equal,overall,0.0,-472.2398892172373,0.20718711349888536,-0.07676367629516512,0.2647000013664784,0.18054102831951155,-0.09756066666666664,0.00011208788065204433
Combo_Oracle,overall,0.0,-427.5793816807052,0.2404448317384777,-0.45019301772512454,0.5474489586091821,0.14163722635522738,-2.842170943040401e-16,2.2472566103251577e-14
LLM(Combined),overall,,,0.0,1.0,-0.14787562932076637,0.22557504200006998,-0.15806066666666663,
