model,scope,k,aic,rmse_to_llm,r2_to_llm,r2_to_truth,rmse_vs_truth,bias_vs_truth,aic_weight
EmpiricalLinear,overall,3.0,-833.9292186280948,0.0608244117085392,0.9348897229458374,0.9292650967384244,0.05599817163500831,0.014543333333333509,0.9999996575956003
Bayes(stimulus),overall,0.0,-803.9703832782972,0.06856992320062806,0.9172513275302664,0.9075796358143146,0.06400896474389331,0.030044702156227128,3.122636364543035e-07
Bayes(range),overall,0.0,-799.2857311159999,0.0696490812018279,0.9146262235859401,0.9247135022073559,0.05777174861808417,0.03243065863752127,3.000973228325127e-08
Equal,overall,0.0,-788.4180476484768,0.07221841870326434,0.908211207049955,0.9150704888324389,0.06136013092119888,0.03924333333333333,1.31031176536572e-10
LLM(Combined),overall,,,0.0,1.0,0.9240879733573244,0.05801125465516726,0.014543333333333332,
