{
  "per_range": {
    "regression_effect": {
      "long": {
        "regression_angle": -1.4569180848904086,
        "slope": -0.025433499381379038,
        "intercept": 0.7915138724349854,
        "r_squared": 0.00254606491331741,
        "p_value": 0.7278452753891825,
        "regression_strength": 1.025433499381379,
        "regression_strength_angular": 1.032375957442009
      },
      "medium": {
        "regression_angle": 3.9679958839865677,
        "slope": 0.06936552530219857,
        "intercept": 0.6457348658359978,
        "r_squared": 0.0113493927643397,
        "p_value": 0.46151654994887703,
        "regression_strength": 0.9306344746978015,
        "regression_strength_angular": 0.9118223136891874
      },
      "short": {
        "regression_angle": 1.7866217126048625,
        "slope": 0.031192541988615378,
        "intercept": 0.463191137440407,
        "r_squared": 0.0005287035462702234,
        "p_value": 0.87406477790691,
        "regression_strength": 0.9688074580113846,
        "regression_strength_angular": 0.9602972952754475
      }
    },
    "weber_law": {
      "long": {
        "mean_cv": 0.04282572243010282,
        "cv_magnitude_correlation": -0.7665468237630536,
        "bin_magnitudes": [
          0.54551875,
          0.63479375,
          0.72406875,
          0.7687062499999999,
          0.81334375,
          0.8579812499999999
        ],
        "coefficient_variations": [
          0.07345070641034228,
          0.04874262621252945,
          0.075981366385304,
          0.044396850330050454,
          0.0017902865934433716,
          0.012592498648947334
        ],
        "p_value": 0.07538893419269131
      },
      "medium": {
        "mean_cv": 0.12117091799988582,
        "cv_magnitude_correlation": 0.5275151850416144,
        "bin_magnitudes": [
          0.3569,
          0.4685,
          0.5801000000000001,
          0.6358999999999999,
          0.6917,
          0.7475
        ],
        "coefficient_variations": [
          0.05964794674930032,
          0.08600261451922267,
          0.11489957415706799,
          0.06146336103179303,
          0.2854381203363911,
          0.11957389120553971
        ],
        "p_value": 0.28212364655663447
      },
      "short": {
        "mean_cv": 0.1970399922702999,
        "cv_magnitude_correlation": 0.09288287064430548,
        "bin_magnitudes": [
          0.14551875,
          0.23479374999999997,
          0.32406874999999996,
          0.36870624999999996,
          0.41334374999999995,
          0.45798125
        ],
        "coefficient_variations": [
          0.23558373422762208,
          0.0,
          0.32004697127144505,
          0.3718076145909878,
          1.4776989007424244e-16,
          0.25480163353174423
        ],
        "p_value": 0.8610763548688827
      }
    },
    "sequential_effect": [
      {
        "range_category": "long",
        "n_runs": 5,
        "N_total": 50,
        "r_resp_mean": -0.06850989174829807,
        "r_stim_mean": 0.23502816576403168,
        "r_resp_weighted": -0.06922682286586986,
        "r_stim_weighted": 0.23502816576403165
      },
      {
        "range_category": "medium",
        "n_runs": 5,
        "N_total": 50,
        "r_resp_mean": 0.1407408868691846,
        "r_stim_mean": 0.23525030686203605,
        "r_resp_weighted": 0.14715915777752325,
        "r_stim_weighted": 0.23525030686203605
      },
      {
        "range_category": "short",
        "n_runs": 5,
        "N_total": 50,
        "r_resp_mean": 0.5962572436293165,
        "r_stim_mean": 0.2350281657640318,
        "r_resp_weighted": 0.93310069916378,
        "r_stim_weighted": 0.23502816576403177
      }
    ]
  },
  "overall": {
    "range_effect": {
      "range_analyses_by_category": {
        "short": {
          "slope": 0.031192541988615378,
          "regression_strength": 0.9688074580113846,
          "r_squared": 0.0005287035462702234,
          "mean_stimulus_magnitude": 0.30805000000000005
        },
        "medium": {
          "slope": 0.06936552530219857,
          "regression_strength": 0.9306344746978015,
          "r_squared": 0.0113493927643397,
          "mean_stimulus_magnitude": 0.56007
        },
        "long": {
          "slope": -0.025433499381379038,
          "regression_strength": 1.025433499381379,
          "r_squared": 0.00254606491331741,
          "mean_stimulus_magnitude": 0.7080500000000001
        }
      },
      "correlation_analysis": {
        "correlation_magnitude_regression": 0.46749771096806014,
        "p_value": 0.6903112249490349,
        "interpretation": "Regression strength increases with stimulus magnitude (r=0.467)"
      },
      "pairwise_comparison_on_overlap": {
        "short_vs_medium": {
          "categories": [
            "medium",
            "short"
          ],
          "error": "Insufficient data in common bins for t-test.",
          "t_statistic": NaN,
          "p_value": NaN,
          "is_significant": false,
          "n_overlapping_bins": 0
        },
        "short_vs_long": {
          "error": "No overlapping data found or insufficient data after binning for short vs long."
        },
        "medium_vs_long": {
          "categories": [
            "long",
            "medium"
          ],
          "t_statistic": 3.680622009686107,
          "p_value": 0.1688884270143321,
          "is_significant": false,
          "n_overlapping_bins": 2,
          "mean_long": 0.77077777777,
          "mean_medium": 0.6730952381199999
        }
      }
    }
  }
}