model,scope,k,aic,rmse_to_llm,r2_to_llm,r2_to_truth,rmse_vs_truth,bias_vs_truth,aic_weight
Equal,overall,0.0,-827.6678601377116,0.06336187955321922,0.9229044213303984,0.9490263333437805,0.04753533582740793,-0.01954582131799999,0.7988662625804661
EmpiricalLinear,overall,2.0,-824.8771923514087,0.06310697513166844,0.923523483583049,0.9548324358868471,0.04474628289803191,-0.019353718422430406,0.19791935655524714
Combo_NonOracle,overall,0.0,-816.636742527183,0.06573508516811237,0.917021070210443,0.9307336354323924,0.05541212769615859,-0.019976308087526456,0.0032143808114167465
Combo_Oracle,overall,0.0,-780.7906092417062,0.07407809797701274,0.8946212566718429,0.9709840762604184,0.03586425632115129,3.219646771412954e-17,5.286988735805703e-11
LLM(Combined),overall,,,0.0,1.0,0.9028302583487824,0.06563101990166946,-0.036647333333333316,
