range_category,regression_angle,scalar_variability,short_vs_medium_t,medium_vs_long_t,response_autocorr,stimulus_autocorr
short,26.918252041053726,0.11754192686211239,,,0.3195147061012173,0.23502816576403177
medium,5.015948896463581,0.16133372164510407,,-0.24999999999999992,-0.31605016589085866,0.23525030686203605
long,6.6921980591780645,0.22241329715167824,,,-0.2023116143854356,0.23502816576403165
