{
  "per_range": {
    "regression_effect": {
      "long": {
        "regression_angle": 39.72098714269832,
        "slope": 0.8308349502752732,
        "intercept": 0.15632731345759265,
        "r_squared": 0.9349794774078873,
        "p_value": 3.857140952790964e-30,
        "regression_strength": 0.1691650497247268,
        "regression_strength_angular": 0.11731139682892623
      },
      "medium": {
        "regression_angle": 42.50833469470063,
        "slope": 0.916598821518066,
        "intercept": 0.053440498032376715,
        "r_squared": 0.8551689949420734,
        "p_value": 8.958791215397499e-22,
        "regression_strength": 0.08340117848193396,
        "regression_strength_angular": 0.055370340117763796
      },
      "short": {
        "regression_angle": 43.312131376444306,
        "slope": 0.942752165260484,
        "intercept": -0.009214804508492158,
        "r_squared": 0.9268974945449546,
        "p_value": 6.445158569058103e-29,
        "regression_strength": 0.057247834739516,
        "regression_strength_angular": 0.03750819163457098
      }
    },
    "weber_law": {
      "long": {
        "mean_cv": 0.012940993680198997,
        "cv_magnitude_correlation": -0.6707917229966216,
        "bin_magnitudes": [
          0.54551875,
          0.63479375,
          0.72406875,
          0.7687062499999999,
          0.81334375,
          0.8579812499999999
        ],
        "coefficient_variations": [
          0.04454354031873739,
          0.0,
          0.033102421762456584,
          0.0,
          0.0,
          0.0
        ],
        "p_value": 0.14472765239240862
      },
      "medium": {
        "mean_cv": 0.05333410452340964,
        "cv_magnitude_correlation": -0.7237812844894354,
        "bin_magnitudes": [
          0.3569,
          0.4685,
          0.5801000000000001,
          0.6358999999999999,
          0.6917,
          0.7475
        ],
        "coefficient_variations": [
          0.10157739154114566,
          0.06292842692158966,
          0.04482259266358874,
          0.018032806270159612,
          0.034521470364138246,
          0.058121939379835966
        ],
        "p_value": 0.10390786907882846
      },
      "short": {
        "mean_cv": 0.07451820895367517,
        "cv_magnitude_correlation": -0.5971743656076562,
        "bin_magnitudes": [
          0.14551875,
          0.23479374999999997,
          0.32406874999999996,
          0.36870624999999996,
          0.41334374999999995,
          0.45798125
        ],
        "coefficient_variations": [
          0.17924906766764592,
          0.03635882890243559,
          0.04274549276651844,
          0.05988807565933375,
          0.06675478935112311,
          0.06211299937499421
        ],
        "p_value": 0.21071978352516849
      }
    },
    "sequential_effect": [
      {
        "range_category": "long",
        "n_runs": 5,
        "N_total": 50,
        "r_resp_mean": 0.3491234405295792,
        "r_stim_mean": 0.23502816576403168,
        "r_resp_weighted": 0.3495102014426695,
        "r_stim_weighted": 0.23502816576403165
      },
      {
        "range_category": "medium",
        "n_runs": 5,
        "N_total": 50,
        "r_resp_mean": 0.1857836586719977,
        "r_stim_mean": 0.23525030686203605,
        "r_resp_weighted": 0.18607807109249233,
        "r_stim_weighted": 0.23525030686203605
      },
      {
        "range_category": "short",
        "n_runs": 5,
        "N_total": 50,
        "r_resp_mean": 0.3580302284298828,
        "r_stim_mean": 0.2350281657640318,
        "r_resp_weighted": 0.3595076076834786,
        "r_stim_weighted": 0.23502816576403177
      }
    ]
  },
  "overall": {
    "range_effect": {
      "range_analyses_by_category": {
        "short": {
          "slope": 0.942752165260484,
          "regression_strength": 0.057247834739516,
          "r_squared": 0.9268974945449546,
          "mean_stimulus_magnitude": 0.30805000000000005
        },
        "medium": {
          "slope": 0.916598821518066,
          "regression_strength": 0.08340117848193396,
          "r_squared": 0.8551689949420734,
          "mean_stimulus_magnitude": 0.56007
        },
        "long": {
          "slope": 0.8308349502752732,
          "regression_strength": 0.1691650497247268,
          "r_squared": 0.9349794774078873,
          "mean_stimulus_magnitude": 0.7080500000000001
        }
      },
      "correlation_analysis": {
        "correlation_magnitude_regression": 0.9015786766877361,
        "p_value": 0.28481822858224204,
        "interpretation": "Regression strength increases with stimulus magnitude (r=0.902)"
      },
      "pairwise_comparison_on_overlap": {
        "short_vs_medium": {
          "categories": [
            "medium",
            "short"
          ],
          "error": "Insufficient data in common bins for t-test.",
          "t_statistic": NaN,
          "p_value": NaN,
          "is_significant": false,
          "n_overlapping_bins": 0
        },
        "short_vs_long": {
          "error": "No overlapping data found or insufficient data after binning for short vs long."
        },
        "medium_vs_long": {
          "categories": [
            "long",
            "medium"
          ],
          "t_statistic": 1.098360655737705,
          "p_value": 0.47018027600589984,
          "is_significant": false,
          "n_overlapping_bins": 2,
          "mean_long": 0.775,
          "mean_medium": 0.708
        }
      }
    }
  }
}