model,scope,k,aic,rmse_to_llm,r2_to_llm,r2_to_truth,rmse_vs_truth,bias_vs_truth,aic_weight
Combo_NonOracle,overall,0.0,-553.2739731806565,0.15814442561781272,-0.16298345353409238,0.18069398236550382,0.19057533924115572,-0.04730927593327792,0.830147428668392
EmpiricalLinear,overall,2.0,-549.473465440467,0.15803929861224586,-0.16143777361734024,0.1808293686157817,0.19055959277647014,-0.04797891908785906,0.12413248713036895
Combo_Oracle,overall,0.0,-547.4758399257718,0.16123062808365446,-0.20881781271783728,0.22655392503151384,0.18516489325083368,0.0,0.045720038567117496
Equal,overall,0.0,-519.8410568827426,0.17678808511049898,-0.4533551131549258,0.047659342652713876,0.205465917591828,-0.03877622222222221,4.56341216696611e-08
LLM(Combined),overall,,,0.0,1.0,-0.25592816619379954,0.23595328568423282,-0.05273177777777777,
