{
    "Basic Single-Stage": {
        "model_name": "bayes_basic_single",
        "params": {
            "w_p": 0.22914763012028133,
            "delta": 0.011999997783027728
        },
        "steady_state_weight": null,
        "mode": "single",
        "model_type": "basic",
        "r_squared": 0.21475600060494393,
        "aic": -110.04602145168299,
        "bic": -107.24362668835867,
        "n_params": 2,
        "mse": 0.02233548031879298,
        "rmse": 0.1494505949094649,
        "predictions": [
            0.6789569224119286,
            0.8562529674842639,
            0.7868762541950892,
            0.7483336357011032,
            0.6095802091227539,
            0.6789569224119286,
            0.8562529674842639,
            0.7868762541950892,
            0.7483336357011032,
            0.6095802091227539,
            0.5235398750143342,
            0.7470870622794527,
            0.6622933015926836,
            0.6083336357011032,
            0.43874611432756516,
            0.5235398750143342,
            0.7470870622794527,
            0.6622933015926836,
            0.6083336357011032,
            0.43874611432756516,
            0.2789569224119286,
            0.4562529674842639,
            0.3868762541950892,
            0.3483336357011033,
            0.20958020912275388,
            0.2789569224119286,
            0.4562529674842639,
            0.3868762541950892,
            0.3483336357011033,
            0.20958020912275388
        ],
        "converged": true,
        "confidence_intervals": {
            "w_p": [
                -11.236697467775347,
                11.694992728015908
            ],
            "delta": [
                -1.3739292920314918,
                1.397929287597547
            ]
        }
    },
    "Basic Two-Stage": {
        "model_name": "bayes_basic_sequential",
        "params": {
            "r_div_q": 0.01,
            "delta": 0.011999033191118974
        },
        "steady_state_weight": 0.9999000099990001,
        "mode": "sequential",
        "model_type": "basic",
        "r_squared": 0.1877675940197282,
        "aic": -109.03230557737335,
        "bic": -106.22991081404903,
        "n_params": 2,
        "mse": 0.023103138555702854,
        "rmse": 0.15199716627523965,
        "predictions": [
            0.661999033191119,
            0.8919760377901483,
            0.8020080290924886,
            0.7520040330907791,
            0.5720170300919087,
            0.6619900367899993,
            0.8919760368905092,
            0.8020080290923987,
            0.7520040330907791,
            0.5720170300919087,
            0.501999033191119,
            0.791970038989895,
            0.6820100280928284,
            0.6120060328907392,
            0.39202102949204864,
            0.5019880375897594,
            0.791970037890329,
            0.6820100280927185,
            0.6120060328907392,
            0.39202102949204864,
            0.26199903319111895,
            0.4919760377901483,
            0.40200802909248856,
            0.3520040330907792,
            0.17201703009190872,
            0.2619900367899993,
            0.49197603689050906,
            0.40200802909239863,
            0.3520040330907792,
            0.17201703009190872
        ],
        "converged": true,
        "confidence_intervals": {
            "r_div_q": [
                -17777.531734042743,
                17777.55173404274
            ],
            "delta": [
                -3.6926372117278987,
                3.716635278110137
            ]
        }
    },
    "Weber Single-Stage": {
        "model_name": "bayes_weber_single",
        "params": {
            "w_p": 0.0625731162594446,
            "delta": -0.0301774953004156
        },
        "steady_state_weight": null,
        "mode": "single",
        "model_type": "weber",
        "r_squared": 0.19868938786474521,
        "aic": -109.43842371317793,
        "bic": -106.63602894985361,
        "n_params": 2,
        "mse": 0.02279247905157519,
        "rmse": 0.15097178230243952,
        "predictions": [
            0.6344668096489611,
            0.8428407542694973,
            0.7617664542309142,
            0.7164786571184084,
            0.5517389475149722,
            0.6344668096489611,
            0.8428407542694973,
            0.7617664542309142,
            0.7164786571184084,
            0.5517389475149722,
            0.4797734882669836,
            0.7418248193062886,
            0.643298620551078,
            0.5800798651206741,
            0.37803552392908085,
            0.4797734882669836,
            0.7418248193062886,
            0.643298620551078,
            0.5800798651206741,
            0.37803552392908085,
            0.24549459772153487,
            0.4524974712997702,
            0.3724621522566203,
            0.3275102633860506,
            0.1615659481696616,
            0.24549459772153487,
            0.4524974712997702,
            0.3724621522566203,
            0.3275102633860506,
            0.1615659481696616
        ],
        "converged": true,
        "confidence_intervals": {
            "w_p": [
                -13.657119632132693,
                13.782265864651583
            ],
            "delta": [
                -2.7563197059665687,
                2.695964715365738
            ]
        }
    },
    "Weber Two-Stage": {
        "model_name": "bayes_weber_sequential",
        "params": {
            "r_div_q": 0.01,
            "delta": -0.03565161020278384
        },
        "steady_state_weight": 0.9999000099990001,
        "mode": "sequential",
        "model_type": "weber",
        "r_squared": 0.19727039353949616,
        "aic": -109.38534776858813,
        "bic": -106.58295300526382,
        "n_params": 2,
        "mse": 0.022832840926162574,
        "rmse": 0.15110539674731202,
        "predictions": [
            0.6272346398406101,
            0.8491534967919911,
            0.7623395598479727,
            0.7140871866193093,
            0.5404018206417387,
            0.6272252954997056,
            0.8491534955269934,
            0.7623395598478592,
            0.7140871866193093,
            0.5404018206417387,
            0.47283841218173334,
            0.7526465913308844,
            0.6465439917717629,
            0.5789922073314842,
            0.3667077520343078,
            0.47282639573285346,
            0.752646589418238,
            0.6465439917715986,
            0.5789922073314842,
            0.3667077520343078,
            0.24124407069341797,
            0.4631584400412964,
            0.37634858027803464,
            0.32809645002279036,
            0.15440782893246702,
            0.24123330850187644,
            0.46315843797522627,
            0.3763485802778668,
            0.32809645002279036,
            0.15440782893246702
        ],
        "converged": true,
        "confidence_intervals": {
            "r_div_q": [
                -1519.5053494405304,
                1519.5253494405304
            ],
            "delta": [
                -2.823865714588361,
                2.752562494182793
            ]
        }
    },
    "Linear Regression": {
        "model_name": "linear",
        "params": {
            "slope": 0.5634704353888075,
            "intercept": 0.2494720831484884
        },
        "steady_state_weight": null,
        "mode": "linear",
        "model_type": "linear",
        "log_likelihood": null,
        "r_squared": 0.4696775550594753,
        "aic": -121.82065449963044,
        "bic": -119.01825973630612,
        "n_params": 2,
        "mse": 0.015084491623888288,
        "rmse": 0.12281893837632814,