model,scope,k,aic,rmse_to_llm,r2_to_llm,r2_to_truth,rmse_vs_truth,bias_vs_truth,aic_weight
EmpiricalLinear,overall,3.0,-524.6135863748283,0.17055252680523306,0.1368074037973055,-0.21344123907687984,0.23193502675159475,-0.06730066666666623,0.9749896060018058
Bayes(stimulus),overall,0.0,-517.1868989412358,0.1783591027449803,0.055978363111357066,-0.6156590021192465,0.2676281658641646,-0.09050080345811728,0.023785665127082738
Equal,overall,0.0,-511.03571570086166,0.18205391751712827,0.016461311538530476,-0.4478235162935764,0.25334642399291923,-0.09277700000000003,0.0010980012411353245
Bayes(range),overall,0.0,-506.7173024711128,0.1846934833187441,-0.012265731708407612,-0.5603213943690784,0.2630049952145933,-0.09572954391311105,0.00012672762997605877
LLM(Combined),overall,,,0.0,1.0,-0.8984316283195837,0.29010448680891976,-0.06730066666666666,
