range_category,w_img_bayes,w_txt_bayes
short,0.3543732265947851,0.6456267734052149
medium,0.6626946373125332,0.3373053626874668
long,0.6230486306860445,0.37695136931395545
