range_category,regression_angle,scalar_variability,short_vs_medium_t,medium_vs_long_t,response_autocorr,stimulus_autocorr
short,-3.220281288810936,0.08664908898355711,,,-0.41545136844173947,0.23502816576403177
medium,-0.056698646080479316,0.1156005405177248,,51.000000000000306,0.20279409063930529,0.23525030686203605
long,0.6936817608557241,0.02773342352030231,,,-0.2878146148347381,0.23502816576403165
