{
  "per_range": {
    "regression_effect": {
      "long": {
        "regression_angle": -2.342008672668231,
        "slope": -0.040898543129020005,
        "intercept": 0.5355582134625027,
        "r_squared": 0.003539632897351827,
        "p_value": 0.6815013561032626,
        "regression_strength": 1.04089854312902,
        "regression_strength_angular": 1.052044637170405
      },
      "medium": {
        "regression_angle": 17.754843671041183,
        "slope": 0.3201957264707197,
        "intercept": 0.3916679794755441,
        "r_squared": 0.30885504943912484,
        "p_value": 2.7934807946335673e-05,
        "regression_strength": 0.6798042735292803,
        "regression_strength_angular": 0.6054479184213071
      },
      "short": {
        "regression_angle": 33.39982366098534,
        "slope": 0.6593740941074302,
        "intercept": 0.2278798103102061,
        "r_squared": 0.5344743464414222,
        "p_value": 1.6537412555152382e-09,
        "regression_strength": 0.3406259058925698,
        "regression_strength_angular": 0.257781696422548
      }
    },
    "weber_law": {
      "long": {
        "mean_cv": 0.12612925583189044,
        "cv_magnitude_correlation": 0.4005078534157725,
        "bin_magnitudes": [
          0.54551875,
          0.63479375,
          0.72406875,
          0.7687062499999999,
          0.81334375,
          0.8579812499999999
        ],
        "coefficient_variations": [
          0.14811418590711953,
          0.06126213636985726,
          0.10634146517312966,
          0.1373693638054478,
          0.12517309758402786,
          0.1785152861517606
        ],
        "p_value": 0.43136025951067336
      },
      "medium": {
        "mean_cv": 0.08016541605759761,
        "cv_magnitude_correlation": -0.2034033842625357,
        "bin_magnitudes": [
          0.3569,
          0.4685,
          0.5801000000000001,
          0.6358999999999999,
          0.6917,
          0.7475
        ],
        "coefficient_variations": [
          0.10765535203097444,
          0.06738643794611884,
          0.08497946861233263,
          0.03121865770649539,
          0.11628082753369764,
          0.07347175251596666
        ],
        "p_value": 0.6991026212800215
      },
      "short": {
        "mean_cv": 0.07084060216528597,
        "cv_magnitude_correlation": -0.4152732013266175,
        "bin_magnitudes": [
          0.14551875,
          0.23479374999999997,
          0.32406874999999996,
          0.36870624999999996,
          0.41334374999999995,
          0.45798125
        ],
        "coefficient_variations": [
          0.16199159068369462,
          0.0,
          0.10540925533894602,
          0.0378994572457591,
          0.0545382433536534,
          0.06520506636966261
        ],
        "p_value": 0.41289751013074
      }
    },
    "sequential_effect": [
      {
        "range_category": "long",
        "n_runs": 5,
        "N_total": 50,
        "r_resp_mean": 0.44022946363915205,
        "r_stim_mean": 0.23502816576403168,
        "r_resp_weighted": 0.4529333617119661,
        "r_stim_weighted": 0.23502816576403165
      },
      {
        "range_category": "medium",
        "n_runs": 5,
        "N_total": 50,
        "r_resp_mean": -0.003922642579234486,
        "r_stim_mean": 0.23525030686203605,
        "r_resp_weighted": -0.003873839961720939,
        "r_stim_weighted": 0.23525030686203605
      },
      {
        "range_category": "short",
        "n_runs": 5,
        "N_total": 50,
        "r_resp_mean": 0.46859566855203083,
        "r_stim_mean": 0.2350281657640318,
        "r_resp_weighted": 0.46900304839922385,
        "r_stim_weighted": 0.23502816576403177
      }
    ]
  },
  "overall": {
    "range_effect": {
      "range_analyses_by_category": {
        "short": {
          "slope": 0.6593740941074302,
          "regression_strength": 0.3406259058925698,
          "r_squared": 0.5344743464414222,
          "mean_stimulus_magnitude": 0.30805000000000005
        },
        "medium": {
          "slope": 0.3201957264707197,
          "regression_strength": 0.6798042735292803,
          "r_squared": 0.30885504943912484,
          "mean_stimulus_magnitude": 0.56007
        },
        "long": {
          "slope": -0.040898543129020005,
          "regression_strength": 1.04089854312902,
          "r_squared": 0.003539632897351827,
          "mean_stimulus_magnitude": 0.7080500000000001
        }
      },
      "correlation_analysis": {
        "correlation_magnitude_regression": 0.9860675976603326,
        "p_value": 0.10639314525091866,
        "interpretation": "Regression strength increases with stimulus magnitude (r=0.986)"
      },
      "pairwise_comparison_on_overlap": {
        "short_vs_medium": {
          "categories": [
            "medium",
            "short"
          ],
          "error": "Insufficient data in common bins for t-test.",
          "t_statistic": NaN,
          "p_value": NaN,
          "is_significant": false,
          "n_overlapping_bins": 0
        },
        "short_vs_long": {
          "error": "No overlapping data found or insufficient data after binning for short vs long."
        },
        "medium_vs_long": {
          "categories": [
            "long",
            "medium"
          ],
          "t_statistic": -23.499999999999815,
          "p_value": 0.027073869409001663,
          "is_significant": true,
          "n_overlapping_bins": 2,
          "mean_long": 0.512,
          "mean_medium": 0.606
        }
      }
    }
  }
}