{
    "Basic Single-Stage": {
        "model_name": "bayes_basic_single",
        "params": {
            "w_p": 0.06432064848179768,
            "delta": 0.006939329065290604
        },
        "steady_state_weight": null,
        "mode": "single",
        "model_type": "basic",
        "r_squared": 0.797817558004167,
        "aic": -135.02641339598523,
        "bic": -132.22401863266091,
        "n_params": 2,
        "mse": 0.009712741175787241,
        "rmse": 0.09855324031094687,
        "predictions": [
            0.26050510635027657,
            0.47615112649467667,
            0.39428854003034913,
            0.3443794034203682,
            0.17871737423407053,
            0.17870801744055534,
            0.14205745724158733,
            0.44450645082633106,
            0.3453057259783712,
            0.38533408863631996,
            0.4988918722747655,
            0.7684517366536445,
            0.6661258427716138,
            0.6037441004058953,
            0.39665954632788675,
            0.39665018953437153,
            0.35083932848404037,
            0.72890057046497,
            0.6048949860082626,
            0.654935117727456,
            0.6605051063502765,
            0.8761511264946767,
            0.7942885400303491,
            0.7443794034203682,
            0.5787173742340704,
            0.5787080174405553,
            0.5420574572415874,
            0.8445064508263309,
            0.7453057259783713,
            0.7853340886363199
        ],
        "converged": true,
        "confidence_intervals": {
            "w_p": [
                -10.54623602037876,
                10.674877317342357
            ],
            "delta": [
                -1.3789899618637946,
                1.3928686199943758
            ]
        }
    },
    "Basic Two-Stage": {
        "model_name": "bayes_basic_sequential",
        "params": {
            "r_div_q": 0.4717696998899309,
            "delta": 0.009426489359094589
        },
        "steady_state_weight": 0.8179513159608783,
        "mode": "sequential",
        "model_type": "basic",
        "r_squared": 0.8099352701934504,
        "aic": -136.88038961229992,
        "bic": -134.0779948489756,
        "n_params": 2,
        "mse": 0.009130612475711413,
        "rmse": 0.09555423839742229,
        "predictions": [
            0.25924648935909456,
            0.45422141735076776,
            0.4104288442094371,
            0.3586007125965383,
            0.20131693483628155,
            0.17648151253996938,
            0.13957420448244073,
            0.405965484293584,
            0.35873005429620075,
            0.38730125173601515,
            0.49669648935909455,
            0.740417264319485,
            0.6856789778000681,
            0.6208984073359487,
            0.4242880941504788,
            0.39324503913043923,
            0.3471132024623422,
            0.6801026650259158,
            0.6210542240391829,
            0.6567717759740849,
            0.6592464893590946,
            0.854221417350768,
            0.8104288442094372,
            0.7586007125965384,
            0.6013169348362816,
            0.5764815125399695,
            0.5395742044824408,
            0.805965484293584,
            0.7587300542962009,
            0.7873012517360152
        ],
        "converged": true,
        "confidence_intervals": {
            "r_div_q": [
                -17.670728068856874,
                18.614267468636733
            ],
            "delta": [
                -1.3842948121253789,
                1.4031477908435679
            ]
        }
    },
    "Weber Single-Stage": {
        "model_name": "bayes_weber_single",
        "params": {
            "w_p": 0.05644122011480104,
            "delta": 0.008073060529714777
        },
        "steady_state_weight": null,
        "mode": "single",
        "model_type": "weber",
        "r_squared": 0.7963353600140165,
        "aic": -134.8073083271211,
        "bic": -132.00491356379678,
        "n_params": 2,
        "mse": 0.00978394520966621,
        "rmse": 0.09891382719148123,
        "predictions": [
            0.25350341661319775,
            0.4697186800236953,
            0.38853924477650015,
            0.3385551503519374,
            0.16885919960593823,
            0.16884938932210466,
            0.13013542653571028,
            0.43844628107250205,
            0.3394867069967726,
            0.3796011405875541,
            0.49398709175343514,
            0.7657080653235877,
            0.6633776326373411,
            0.6005346678293371,
            0.3887521377270157,
            0.38874243399590314,
            0.34105077876438616,
            0.7262585322609724,
            0.6016975106097717,
            0.6521313710980527,
            0.6577091884226938,
            0.8758420755064851,
            0.7934683638876008,
            0.7429985202613205,
            0.573898375474966,
            0.5738887471414836,
            0.5360985324840596,
            0.844057259163668,
            0.7439370780394089,
            0.7844278019988301
        ],
        "converged": true,
        "confidence_intervals": {
            "w_p": [
                -11.371039357218969,
                11.48392179744857
            ],
            "delta": [
                -2.7170890090184128,
                2.733235130077842
            ]
        }
    },
    "Weber Two-Stage": {
        "model_name": "bayes_weber_sequential",
        "params": {
            "r_div_q": 0.416862251484974,
            "delta": 0.017449955937218015
        },
        "steady_state_weight": 0.8519526616937264,
        "mode": "sequential",
        "model_type": "weber",
        "r_squared": 0.8081502458686209,
        "aic": -136.59998504583683,
        "bic": -133.79759028251252,
        "n_params": 2,
        "mse": 0.00921636413193045,
        "rmse": 0.09600189650173818,
        "predictions": [
            0.254217623016656,
            0.44923585362550666,
            0.40588383263074845,
            0.35282047903785013,
            0.18255567009232945,
            0.16743077359425507,
            0.13024548029109395,
            0.3856509576554448,
            0.3513497268591779,
            0.3846767569254379,
            0.4958474781341399,
            0.7431338217078177,
            0.6859619175280098,
            0.6193578029246888,
            0.4094647504398572,
            0.38782084179845017,
            0.3413474095694799,
            0.6732817043818397,
            0.618945347071335,
            0.6592448495424688,
            0.6612588613699665,
            0.8613974135479632,
            0.8137189164609605,
            0.7602397618119121,
            0.5940292303833568,
            0.5751043937170068,
            0.5378513023601863,
            0.8097689842586143,
            0.7606383645140589,
            0.7921478939834596
        ],
        "converged": true,
        "confidence_intervals": {
            "r_div_q": [
                -169.64256876037757,
                170.47629326334754
            ],
            "delta": [
                -2.559120306290146,
                2.594020218164582
            ]
        }
    },
    "Linear Regression": {
        "model_name": "linear",
        "params": {
            "slope": 0.9315033410033582,
            "intercept": 0.042927066990215305
        },
        "steady_state_weight": null,
        "mode": "linear",
        "model_type": "linear",
        "log_likelihood": null,
        "r_squared": 0.8006776651704909,
        "aic": -135.45378449972745,
        "bic": -132.65138973640313,
        "n_params": 2,
        "mse": 0.009575343089349594,
        "rmse": 0.09785368204288275,