model,scope,k,aic,rmse_to_llm,r2_to_llm,r2_to_truth,rmse_vs_truth,bias_vs_truth,aic_weight
Bayes(range),overall,0.0,-113.88172242233931,0.6841310806047214,0.893906736578718,0.877097816096384,0.7115610669350791,-0.3751355309250682,0.9850461176161375
EmpiricalLinear,overall,3.0,-104.48366219903578,0.6919241951140254,0.8914758980938372,0.8854126351657067,0.6870696164319062,-0.3456899999999989,0.008967961102005904
Bayes(stimulus),overall,0.0,-103.67516602028819,0.7078069536988119,0.8864364876920572,0.885922328042289,0.6855398457594581,-0.40741117137424043,0.005985921281833287
Equal,overall,0.0,-51.12111801613018,0.8433242753136739,0.8387876273967535,0.8117023972132112,0.8807543019102053,-0.47985666666666654,2.3182724619174536e-14
LLM(Combined),overall,,,0.0,1.0,0.8227761795730137,0.8544633210384163,-0.34569,
