range_category,w_img_bayes,w_txt_bayes
short,0.6053251617588111,0.3946748382411889
medium,0.7923689907989365,0.20763100920106348
long,0.838080730640924,0.16191926935907597
