{
  "per_range": {
    "regression_effect": {
      "long": {
        "regression_angle": 44.9288650445991,
        "slope": 0.9975199993737056,
        "intercept": -0.07010002067654875,
        "r_squared": 0.7289579492870651,
        "p_value": 3.2916407922431428e-15,
        "regression_strength": 0.0024800006262943874,
        "regression_strength_angular": 0.0015807767866866762
      },
      "medium": {
        "regression_angle": 33.84742410671182,
        "slope": 0.6706409617067212,
        "intercept": 0.14239411657691664,
        "r_squared": 0.7812255257582262,
        "p_value": 1.8628947035270342e-17,
        "regression_strength": 0.32935903829327884,
        "regression_strength_angular": 0.24783501985084844
      },
      "short": {
        "regression_angle": 53.84134518895503,
        "slope": 1.368397520540218,
        "intercept": -0.10674306658753724,
        "r_squared": 0.9076192237458854,
        "p_value": 1.7913669483022833e-26,
        "regression_strength": -0.3683975205402179,
        "regression_strength_angular": 0.19647433753233404
      }
    },
    "weber_law": {
      "long": {
        "mean_cv": 0.04646525330385667,
        "cv_magnitude_correlation": 0.1588853119684862,
        "bin_magnitudes": [
          0.5455462499999999,
          0.63481125,
          0.72407625,
          0.76870875,
          0.8133412499999999,
          0.85797375
        ],
        "coefficient_variations": [
          0.015430212534690917,
          0.009677076987723684,
          0.14428982923240138,
          0.05415424227343812,
          0.03421855008799957,
          0.021021608706886286
        ],
        "p_value": 0.7636775255414019
      },
      "medium": {
        "mean_cv": 0.03634168892716498,
        "cv_magnitude_correlation": -0.7497243636024441,
        "bin_magnitudes": [
          0.356935,
          0.468515,
          0.580095,
          0.635885,
          0.691675,
          0.747465
        ],
        "coefficient_variations": [
          0.09027967303004927,
          0.02546563439532287,
          0.033855638898462055,
          0.01488718908423614,
          0.028942272687219682,
          0.024619725467699864
        ],
        "p_value": 0.0861184718477768
      },
      "short": {
        "mean_cv": 0.11370554822918622,
        "cv_magnitude_correlation": -0.5801333065415081,
        "bin_magnitudes": [
          0.14554625,
          0.23481125,
          0.32407625,
          0.36870875000000003,
          0.41334125,
          0.45797374999999996
        ],
        "coefficient_variations": [
          0.22012136622622078,
          0.04861017342390851,
          0.19418074877403388,
          0.17185589173451551,
          0.026718042644273174,
          0.0207470665721654
        ],
        "p_value": 0.2274233221302188
      }
    },
    "sequential_effect": [
      {
        "range_category": "long",
        "n_runs": 5,
        "N_total": 50,
        "r_resp_mean": 0.10447765901487113,
        "r_stim_mean": 0.23521755130669839,
        "r_resp_weighted": 0.10496241037737616,
        "r_stim_weighted": 0.23521755130669839
      },
      {
        "range_category": "medium",
        "n_runs": 5,
        "N_total": 50,
        "r_resp_mean": 0.1439515152993652,
        "r_stim_mean": 0.23520721737985428,
        "r_resp_weighted": 0.1446321769609071,
        "r_stim_weighted": 0.23520721737985426
      },
      {
        "range_category": "short",
        "n_runs": 5,
        "N_total": 50,
        "r_resp_mean": 0.16626540540149942,
        "r_stim_mean": 0.23521755130669836,
        "r_resp_weighted": 0.1663434170302363,
        "r_stim_weighted": 0.23521755130669833
      }
    ]
  },
  "overall": {
    "range_effect": {
      "range_analyses_by_category": {
        "short": {
          "slope": 1.368397520540218,
          "regression_strength": -0.3683975205402179,
          "r_squared": 0.9076192237458854,
          "mean_stimulus_magnitude": 0.30805599999999994
        },
        "medium": {
          "slope": 0.6706409617067212,
          "regression_strength": 0.32935903829327884,
          "r_squared": 0.7812255257582262,
          "mean_stimulus_magnitude": 0.5600700000000001
        },
        "long": {
          "slope": 0.9975199993737056,
          "regression_strength": 0.0024800006262943874,
          "r_squared": 0.7289579492870651,
          "mean_stimulus_magnitude": 0.7080560000000001
        }
      },
      "correlation_analysis": {
        "correlation_magnitude_regression": 0.6510954363892931,
        "p_value": 0.5486195101588909,
        "interpretation": "Regression strength increases with stimulus magnitude (r=0.651)"
      },
      "pairwise_comparison_on_overlap": {
        "short_vs_medium": {
          "categories": [
            "medium",
            "short"
          ],
          "error": "Insufficient data in common bins for t-test.",
          "t_statistic": NaN,
          "p_value": NaN,
          "is_significant": false,
          "n_overlapping_bins": 0
        },
        "short_vs_long": {
          "error": "No overlapping data found or insufficient data after binning for short vs long."
        },
        "medium_vs_long": {
          "categories": [
            "long",
            "medium"
          ],
          "t_statistic": -0.8260869565217391,
          "p_value": 0.5604481336778391,
          "is_significant": false,
          "n_overlapping_bins": 2,
          "mean_long": 0.65,
          "mean_medium": 0.669
        }
      }
    }
  }
}