{
    "Basic Single-Stage": {
        "model_name": "bayes_basic_single",
        "params": {
            "w_p": 0.0010129685726149723,
            "delta": 0.008199995322534645
        },
        "steady_state_weight": null,
        "mode": "single",
        "model_type": "basic",
        "r_squared": 0.8667428921399478,
        "aic": -147.34060308585748,
        "bic": -144.53820832253317,
        "n_params": 2,
        "mse": 0.006442478341546535,
        "rmse": 0.08026505056091683,
        "predictions": [
            0.6582749549969082,
            0.8880419722252069,
            0.7981331393967421,
            0.7481837878253729,
            0.5683661221684436,
            0.6582749549969082,
            0.8880419722252069,
            0.7981331393967421,
            0.7481837878253729,
            0.5683661221684436,
            0.4982952143683605,
            0.7880014534823021,
            0.6781128800252898,
            0.6081837878253729,
            0.3884066409113481,
            0.4982952143683605,
            0.7880014534823021,
            0.6781128800252898,
            0.6081837878253729,
            0.3884066409113481,
            0.2582749549969081,
            0.4880419722252066,
            0.398133139396742,
            0.3481837878253728,
            0.1683661221684435,
            0.2582749549969081,
            0.4880419722252066,
            0.398133139396742,
            0.3481837878253728,
            0.1683661221684435
        ],
        "converged": true,
        "confidence_intervals": {
            "w_p": [
                -11.464831537056076,
                11.466857474201307
            ],
            "delta": [
                -1.3777292935451277,
                1.394129284190197
            ]
        }
    },
    "Basic Two-Stage": {
        "model_name": "bayes_basic_sequential",
        "params": {
            "r_div_q": 0.01,
            "delta": 0.008199028878246995
        },
        "steady_state_weight": 0.9999000099990001,
        "mode": "sequential",
        "model_type": "basic",
        "r_squared": 0.8667356412893479,
        "aic": -147.33897100899142,
        "bic": -144.5365762456671,
        "n_params": 2,
        "mse": 0.006442828892813166,
        "rmse": 0.08026723424170766,
        "predictions": [
            0.658199028878247,
            0.8881760334772764,
            0.7982080247796166,
            0.7482040287779071,
            0.5682170257790368,
            0.6581900324771274,
            0.8881760325776372,
            0.7982080247795267,
            0.7482040287779071,
            0.5682170257790368,
            0.498199028878247,
            0.7881700346770231,
            0.6782100237799564,
            0.6082060285778672,
            0.38822102517917667,
            0.49818803327688743,
            0.7881700335774571,
            0.6782100237798465,
            0.6082060285778672,
            0.38822102517917667,
            0.25819902887824697,
            0.4881760334772763,
            0.39820802477961653,
            0.3482040287779072,
            0.16821702577903674,
            0.25819003247712735,
            0.4881760325776371,
            0.3982080247795266,
            0.3482040287779072,
            0.16821702577903674
        ],
        "converged": true,
        "confidence_intervals": {
            "r_div_q": [
                -1744.1375816936074,
                1744.1575816936074
            ],
            "delta": [
                -1.4180979987588906,
                1.4344960565153846
            ]
        }
    },
    "Weber Single-Stage": {
        "model_name": "bayes_weber_single",
        "params": {
            "w_p": 0.019474009207280745,
            "delta": 0.014583695218700296
        },
        "steady_state_weight": null,
        "mode": "single",
        "model_type": "weber",
        "r_squared": 0.8666305646519051,
        "aic": -147.3153295175317,
        "bic": -144.51293475420738,
        "n_params": 2,
        "mse": 0.006447908951744343,
        "rmse": 0.08029887266795432,
        "predictions": [
            0.6607795913370943,
            0.8893316574757315,
            0.8000564631081835,
            0.7503747964915807,
            0.5709416882796499,
            0.6607795913370943,
            0.8893316574757315,
            0.8000564631081835,
            0.7503747964915807,
            0.5709416882796499,
            0.49860636760629334,
            0.7865467940483059,
            0.6776265852804841,
            0.6081352093623407,
            0.3885934855906911,
            0.49860636760629334,
            0.7865467940483059,
            0.6776265852804841,
            0.6081352093623407,
            0.3885934855906911,
            0.25462113872997305,
            0.4827015171182031,
            0.393784062913911,
            0.34421739976745996,
            0.16437997301097879,
            0.25462113872997305,
            0.4827015171182031,
            0.393784062913911,
            0.34421739976745996,
            0.16437997301097879
        ],
        "converged": true,
        "confidence_intervals": {
            "w_p": [
                -11.733633960860576,
                11.772581979275138
            ],
            "delta": [
                -2.5508425017936482,
                2.580009892231049
            ]
        }
    },
    "Weber Two-Stage": {
        "model_name": "bayes_weber_sequential",
        "params": {
            "r_div_q": 0.01,
            "delta": 0.01286308250671338
        },
        "steady_state_weight": 0.9999000099990001,
        "mode": "sequential",
        "model_type": "weber",
        "r_squared": 0.8665166934014024,
        "aic": -147.28973031851206,
        "bic": -144.48733555518774,
        "n_params": 2,
        "mse": 0.006453414197031965,
        "rmse": 0.08033314507120934,
        "predictions": [
            0.6584150220257211,
            0.891365641737881,
            0.8002361149884165,
            0.7495850779354354,
            0.5672656743695071,
            0.6584052131702033,
            0.8913656404099992,
            0.8002361149882973,
            0.7495850779354354,
            0.5672656743695071,
            0.4963436351753696,
            0.7900613013023453,
            0.6786842571884981,
            0.6077744198533466,
            0.3849371355590711,
            0.49633102137926516,
            0.7900612992946199,
            0.6786842571883257,
            0.6077744198533466,
            0.3849371355590711,
            0.25323655489984215,
            0.4861824639261627,
            0.3950572170373508,
            0.3444064350361907,
            0.1620836145432674,
            0.25322525771120524,
            0.4861824617573866,
            0.39505721703717456,
            0.3444064350361907,
            0.1620836145432674
        ],
        "converged": true,
        "confidence_intervals": {
            "r_div_q": [
                -517.7232864207932,
                517.7432864207932
            ],
            "delta": [
                -6.67743700318149,
                6.7031631681949175
            ]
        }
    },
    "Linear Regression": {
        "model_name": "linear",
        "params": {
            "slope": 0.9979371316306475,
            "intercept": 0.009322200392927348
        },
        "steady_state_weight": null,
        "mode": "linear",
        "model_type": "linear",
        "log_likelihood": null,
        "r_squared": 0.8667462856868484,
        "aic": -147.34136696183128,
        "bic": -144.53897219850697,
        "n_params": 2,
        "mse": 0.006442314276358874,
        "rmse": 0.08026402853307872,