model,scope,k,aic,rmse_to_llm,r2_to_llm,r2_to_truth,rmse_vs_truth,bias_vs_truth,aic_weight
Bayes(stimulus),overall,0.0,-594.233737168529,0.13796170616078438,0.5087667577594619,0.46718187652188237,0.15368558108470107,-0.08455173299998661,0.9995264401210642
Bayes(range),overall,0.0,-578.7804914353093,0.1452544415866164,0.4554603883797764,0.46245980367829953,0.15436509409390867,-0.07429432726780147,0.00044072188017991895
EmpiricalLinear,overall,3.0,-573.5868360836897,0.14486454866268975,0.4583797785785473,0.28865183359516666,0.17757619150207543,-0.10206066666666655,3.2837998755799267e-05
Equal,overall,0.0,-504.28515650023144,0.18619690770122901,0.10522145259322768,0.2786333295980481,0.17882229548027095,-0.05803816666666666,2.935676303105394e-20
LLM(Combined),overall,,,0.0,1.0,0.3218445781163989,0.17338369273569723,-0.10206066666666666,
