range_category,w_img_bayes,w_txt_bayes
short,0.05899832250235542,0.9410016774976446
medium,0.3084532767488619,0.6915467232511381
long,0.1466018246576821,0.8533981753423179
