range_category,regression_angle,scalar_variability,short_vs_medium_t,medium_vs_long_t,response_autocorr,stimulus_autocorr
short,48.04686875250665,0.061483693553013176,,,0.0018939924760922285,0.24718809267831113
medium,39.58796629510131,0.056760872951463794,,,0.06211846206736514,0.217956842254054
long,41.340102924393285,0.028619774693153084,,,0.1580004926892032,0.21906490146470325
