model,scope,k,aic,rmse_to_llm,r2_to_llm,r2_to_truth,rmse_vs_truth,bias_vs_truth,aic_weight
EmpiricalLinear,overall,3.0,-648.3943115970367,0.11289304961544977,0.6621793605625554,0.6987009298558999,0.11557286012549417,-0.04885666666666693,0.9999044649749388
Equal,overall,0.0,-629.8824462587461,0.12250442168890613,0.6022086833757123,0.7847395356236231,0.09768752393900325,-0.012589999999999992,9.553401377232395e-05
Bayes(range),overall,0.0,-606.9704222162178,0.13222705231727708,0.5365611873980876,0.7451685153971794,0.10628782194255178,-0.026792318380075245,1.0112888505013742e-09
Bayes(stimulus),overall,0.0,-576.6287802141854,0.14630000539633606,0.43266385408348085,0.6395030653112765,0.12641766182170017,-0.050928208942895764,2.607782535316914e-16
LLM(Combined),overall,,,0.0,1.0,0.7055627010685677,0.11424925528568375,-0.048856666666666666,
