range_category,w_img_bayes,w_txt_bayes
short,0.5505590153286709,0.4494409846713291
medium,0.4981358187778994,0.5018641812221005
long,0.30210969962391515,0.6978903003760848
