model,scope,k,aic,rmse_to_llm,r2_to_llm,r2_to_truth,rmse_vs_truth,bias_vs_truth,aic_weight
Equal,overall,0.0,-768.0633387809384,0.07728842086625913,0.9065669894951276,0.8488288779308638,0.0818611888503948,-0.02006066666666666,0.8776868590624626
EmpiricalLinear,overall,2.0,-764.0820721280446,0.07728359478088986,0.9065786575199569,0.8480735877116412,0.08206543394155613,-0.019900043437952594,0.11989981883012
Combo_NonOracle,overall,0.0,-756.2707675581865,0.0803870200009576,0.8989250970023279,0.8568105563154963,0.07967079119471268,-0.0240138915914657,0.002413322107415103
Combo_Oracle,overall,0.0,-700.9573214452583,0.0966630165827875,0.8538522402095012,0.893928777628643,0.06857130520859163,-2.183438615096141e-16,2.3520853686197734e-15
LLM(Combined),overall,,,0.0,1.0,0.6910334343028153,0.11703058392289314,-0.025793999999999994,
