correct,response,input_value,range_category,trial,stimulus_id
0.24982,0.15,0.24982,short,0,0
0.48029,0.15,0.48029,short,1,1
0.48727,0.5,0.48727,medium,0,0
0.77536,0.78,0.77536,medium,1,1
0.64982,0.76,0.64982,long,0,0
0.88029,0.76,0.88029,long,1,1
