model,scope,k,aic,rmse_to_llm,r2_to_llm,r2_to_truth,rmse_vs_truth,bias_vs_truth,aic_weight
EmpiricalLinear,overall,2.0,-1095.984121054665,0.15988397733546997,0.23847293965549088,0.0842609368799091,0.2012322457616517,-0.1065965699231526,0.6048912877042814
Combo_NonOracle,overall,0.0,-1095.1323454464587,0.16118208734648484,0.22605694955552547,0.04300104113111136,0.20571569930411068,-0.11489475135113521,0.39510871229571864
Equal,overall,0.0,-992.1617894393532,0.19135920122815084,-0.09087289882804583,-0.0017864103833946654,0.21047439592292544,-0.06385813888888889,1.7256172358482162e-23
Combo_Oracle,overall,0.0,-961.2848673965327,0.20146463016696575,-0.20913021898551132,0.3261423961950983,0.17262185147724407,-1.5395092608135505e-16,3.404913154237773e-30
LLM(Combined),overall,,,0.0,1.0,-0.14001378738742276,0.22452606010587428,-0.12140466666666666,
