{
    "Basic Single-Stage": {
        "model_name": "bayes_basic_single",
        "params": {
            "w_p": 0.863177589903088,
            "delta": 0.19773332849939942
        },
        "steady_state_weight": null,
        "mode": "single",
        "model_type": "basic",
        "r_squared": -1.9785396112452043,
        "aic": -124.78983979964866,
        "bic": -121.98744503632435,
        "n_params": 2,
        "mse": 0.01366294509744277,
        "rmse": 0.11688860122972972,
        "predictions": [
            0.9116084701522279,
            0.9430776244745176,
            0.9307636075657956,
            0.9239224870609499,
            0.8992944532435058,
            0.9116084701522279,
            0.9430776244745176,
            0.9307636075657956,
            0.9239224870609499,
            0.8992944532435058,
            0.7688720219502896,
            0.8085505208783941,
            0.7935000557677337,
            0.7839224870609499,
            0.7538215568396293,
            0.7688720219502896,
            0.8085505208783941,
            0.7935000557677337,
            0.7839224870609499,
            0.7538215568396293,
            0.511608470152228,
            0.5430776244745177,
            0.5307636075657957,
            0.52392248706095,
            0.49929445324350585,
            0.511608470152228,
            0.5430776244745177,
            0.5307636075657957,
            0.52392248706095,
            0.49929445324350585
        ],
        "converged": true,
        "confidence_intervals": {
            "w_p": [
                -10.60264765924271,
                12.329002839048886
            ],
            "delta": [
                -1.1881935527604688,
                1.5836602097592676
            ]
        }
    },
    "Basic Two-Stage": {
        "model_name": "bayes_basic_sequential",
        "params": {
            "r_div_q": 5.849708863660046,
            "delta": 0.18893201329735534
        },
        "steady_state_weight": 0.028393689115754014,
        "mode": "sequential",
        "model_type": "basic",
        "r_squared": -2.181340236632547,
        "aic": -122.81389628986976,
        "bic": -120.01150152654544,
        "n_params": 2,
        "mse": 0.014593217704841784,
        "rmse": 0.12080239113875928,
        "predictions": [
            0.8389320132973553,
            0.9555869268751946,
            0.9637375314740323,
            0.9541834265641691,
            0.9063668263479042,
            0.8923588686326215,
            0.926183125847909,
            0.9357229490570986,
            0.9345439998011358,
            0.9032447793602945,
            0.6789320132973554,
            0.826018643460718,
            0.8375098780058634,
            0.8241752678625434,
            0.7647122684746834,
            0.7468934871513119,
            0.7894270685423391,
            0.8019972840897821,
            0.7997290707205739,
            0.7608104205113122,
            0.4389320132973553,
            0.5555869268751946,
            0.5637375314740323,
            0.5541834265641691,
            0.5063668263479042,
            0.49235886863262146,
            0.5261831258479088,
            0.5357229490570986,
            0.5345439998011358,
            0.5032447793602945
        ],
        "converged": true,
        "confidence_intervals": {
            "r_div_q": [
                -390.1117498143345,
                401.8111675416546
            ],
            "delta": [
                -4.894178620608412,
                5.272042647203123
            ]
        }
    },
    "Weber Single-Stage": {
        "model_name": "bayes_weber_single",
        "params": {
            "w_p": 0.8765710331044706,
            "delta": 0.26323625984009513
        },
        "steady_state_weight": null,
        "mode": "single",
        "model_type": "weber",
        "r_squared": -6.049259587414951,
        "aic": -98.94642355530625,
        "bic": -96.14402879198194,
        "n_params": 2,
        "mse": 0.03233586229870812,
        "rmse": 0.1798217514615741,
        "predictions": [
            0.91976989712325,
            0.9548137225369314,
            0.9421831150532958,
            0.9346101784102788,
            0.9030051257017618,
            0.91976989712325,
            0.9548137225369314,
            0.9421831150532958,
            0.9346101784102788,
            0.9030051257017618,
            0.7240997580952441,
            0.7668643014146597,
            0.7526096214401844,
            0.7424284622684858,
            0.7017304403384277,
            0.7240997580952441,
            0.7668643014146597,
            0.7526096214401844,
            0.7424284622684858,
            0.7017304403384277,
            0.38478540188643506,
            0.41704810274621,
            0.4064954981504887,
            0.3996696241103786,
            0.36416284927668285,
            0.38478540188643506,
            0.41704810274621,
            0.4064954981504887,
            0.3996696241103786,
            0.36416284927668285
        ],
        "converged": true,
        "confidence_intervals": {
            "w_p": [
                -8.76202060218613,
                10.515162668395071
            ],
            "delta": [
                -1.6569750680161972,
                2.1834475876963872
            ]
        }
    },
    "Weber Two-Stage": {
        "model_name": "bayes_weber_sequential",
        "params": {
            "r_div_q": 98.91087412276565,
            "delta": 0.24034465637654923
        },
        "steady_state_weight": 0.0001022039147966391,
        "mode": "sequential",
        "model_type": "weber",
        "r_squared": -5.846203916466677,
        "aic": -99.82324390996848,
        "bic": -97.02084914664417,
        "n_params": 2,
        "mse": 0.03140441976444858,
        "rmse": 0.17721292211475037,
        "predictions": [
            0.8265970621616978,
            0.9617919460711486,
            0.9758677693590998,
            0.9670410113638475,
            0.9096062816314956,
            0.8952006519774008,
            0.9242462687453826,
            0.9339492347025548,
            0.9347372558965492,
            0.909584597131821,
            0.6231270829680171,
            0.7861943365623129,
            0.8075577785700827,
            0.796179470206622,
            0.7204688905623537,
            0.7032326031529692,
            0.7386976512649897,
            0.7520195363749868,
            0.7532359439963896,
            0.7204407837719992,
            0.317922114177496,
            0.4405315209342237,
            0.45828522652027875,
            0.4516630417127168,
            0.38504344496903814,
            0.372933991021345,
            0.4001681002438022,
            0.41106794015348475,
            0.4133878278193639,
            0.38501929631734877
        ],
        "converged": true,
        "confidence_intervals": {
            "r_div_q": [
                96.95087412238185,
                100.87087412314945
            ],
            "delta": [
                -1.676888602024347,
                2.1575779147774456
            ]
        }
    },
    "Linear Regression": {
        "model_name": "linear",
        "params": {
            "slope": 0.2627954876734898,
            "intercept": 0.5987725880389544
        },
        "steady_state_weight": null,
        "mode": "linear",
        "model_type": "linear",
        "log_likelihood": null,
        "r_squared": 0.6334948274367376,
        "aic": -187.6294692579932,
        "bic": -184.8270744946689,
        "n_params": 2,
        "mse": 0.0016812064649921498,
        "rmse": 0.04100251778844989,