{
    "Basic Single-Stage": {
        "model_name": "bayes_basic_single",
        "params": {
            "w_p": 0.0,
            "delta": 0.07213932861294352
        },
        "steady_state_weight": null,
        "mode": "single",
        "model_type": "basic",
        "r_squared": 0.7271570562677969,
        "aic": -119.67317899007591,
        "bic": -116.8707842267516,
        "n_params": 2,
        "mse": 0.01620393749288891,
        "rmse": 0.12729468760670615,
        "predictions": [
            0.3219593286129435,
            0.5524293286129435,
            0.4649393286129435,
            0.4115993286129435,
            0.23454932861294353,
            0.23453932861294352,
            0.1953693286129435,
            0.5186093286129435,
            0.4125893286129435,
            0.45536932861294355,
            0.5594093286129435,
            0.8474993286129435,
            0.7381393286129435,
            0.6714693286129435,
            0.45014932861294354,
            0.45013932861294353,
            0.40117932861294353,
            0.8052293286129435,
            0.6726993286129435,
            0.7261793286129434,
            0.7219593286129434,
            0.9524293286129436,
            0.8649393286129434,
            0.8115993286129435,
            0.6345493286129434,
            0.6345393286129435,
            0.5953693286129434,
            0.9186093286129433,
            0.8125893286129435,
            0.8553693286129435
        ],
        "converged": true,
        "confidence_intervals": {
            "w_p": [
                -10.584617140403921,
                10.584617140403921
            ],
            "delta": [
                -1.3137899605328833,
                1.4580686177587703
            ]
        }
    },
    "Basic Two-Stage": {
        "model_name": "bayes_basic_sequential",
        "params": {
            "r_div_q": 0.1356127809443082,
            "delta": 0.07239910724029677
        },
        "steady_state_weight": 0.9819412882760691,
        "mode": "sequential",
        "model_type": "basic",
        "r_squared": 0.727338083756252,
        "aic": -119.69308894874447,
        "bic": -116.89069418542016,
        "n_params": 2,
        "mse": 0.01619318640632133,
        "rmse": 0.12725245147470177,
        "predictions": [
            0.3222191072402968,
            0.5486009413258309,
            0.4666789862638312,
            0.4128318292188494,
            0.23796793607100894,
            0.23485533482607232,
            0.19632513602381887,
            0.51314589851656,
            0.4146287699282404,
            0.45490159871705416,
            0.5596691072402967,
            0.8426488555012485,
            0.7402489108729352,
            0.672944920192583,
            0.45435777476996386,
            0.4504693496957819,
            0.4023090981140677,
            0.798335095535273,
            0.6751837743058465,
            0.7255296344404111,
            0.7222191072402967,
            0.948600941325831,
            0.8666789862638311,
            0.8128318292188493,
            0.6379679360710089,
            0.6348553348260723,
            0.5963251360238189,
            0.9131458985165598,
            0.8146287699282404,
            0.8549015987170541
        ],
        "converged": true,
        "confidence_intervals": {
            "r_div_q": [
                -75.43881497191238,
                75.710040533801
            ],
            "delta": [
                -1.3218367983375223,
                1.4666350128181158
            ]
        }
    },
    "Weber Single-Stage": {
        "model_name": "bayes_weber_single",
        "params": {
            "w_p": 0.0,
            "delta": 0.11021799927224842
        },
        "steady_state_weight": null,
        "mode": "single",
        "model_type": "weber",
        "r_squared": 0.7127713278442098,
        "aic": -118.13180170171637,
        "bic": -115.32940693839205,
        "n_params": 2,
        "mse": 0.017058295098685294,
        "rmse": 0.13060740828408354,
        "predictions": [
            0.2789295038595342,
            0.5362542012408865,
            0.43856974003598126,
            0.37901448617074357,
            0.18133436437021228,
            0.18132319915576436,
            0.13758905416323794,
            0.49849344597800055,
            0.3801198424010882,
            0.427884629809316,
            0.5440475209255389,
            0.8657061839558415,
            0.7436033987533218,
            0.6691649140289987,
            0.4220563878674986,
            0.42204522265305067,
            0.3673803327160046,
            0.818510822484458,
            0.6705382354060935,
            0.7302498022736021,
            0.7255380817765774,
            0.98286277915793,
            0.8851783179530245,
            0.8256230640877869,
            0.6279429422872556,
            0.6279317770728077,
            0.5841976320802811,
            0.9451020238950436,
            0.8267284203181315,
            0.8744932077263593
        ],
        "converged": true,
        "confidence_intervals": {
            "w_p": [
                -10.25031845450906,
                10.25031845450906
            ],
            "delta": [
                -2.356085530046019,
                2.576521528590516
            ]
        }
    },
    "Weber Two-Stage": {
        "model_name": "bayes_weber_sequential",
        "params": {
            "r_div_q": 0.1425259953948135,
            "delta": 0.11253418231673175
        },
        "steady_state_weight": 0.9800907699540561,
        "mode": "sequential",
        "model_type": "weber",
        "r_squared": 0.7131124124561574,
        "aic": -118.16744583898311,
        "bic": -115.3650510756588,
        "n_params": 2,
        "mse": 0.017038038339774166,
        "rmse": 0.13052983697137666,
        "predictions": [
            0.279576306730926,
            0.5306830113500931,
            0.44120637727244233,
            0.3810049785556191,
            0.18440097664599775,
            0.18179518959638505,
            0.1386541968279345,
            0.48729672682639286,
            0.38283651365183863,
            0.42792680034783864,
            0.5453090973420368,
            0.8598812229368284,
            0.7474115275916698,
            0.6721362074414428,
            0.4268773405511129,
            0.42309880814841205,
            0.3692323483369459,
            0.8077172729660482,
            0.6745099736537342,
            0.7307760825911124,
            0.7272205107504853,
            0.9793216214271934,
            0.8889435957914774,
            0.8286951197819529,
            0.6327892313408281,
            0.6294541165139131,
            0.5863795936586832,
            0.938462231583749,
            0.8306617755257025,
            0.8756017072178843
        ],
        "converged": true,
        "confidence_intervals": {
            "r_div_q": [
                -93.01352845038257,
                93.2985804411722
            ],
            "delta": [
                -2.1414175892271183,
                2.3664859538605816
            ]
        }
    },
    "Linear Regression": {
        "model_name": "linear",
        "params": {
            "slope": 0.9871007535925381,
            "intercept": 0.07891652000033576
        },
        "steady_state_weight": null,
        "mode": "linear",
        "model_type": "linear",
        "log_likelihood": null,
        "r_squared": 0.7272812524093211,
        "aic": -119.68683703973085,
        "bic": -116.88444227640653,
        "n_params": 2,
        "mse": 0.01619656157732889,
        "rmse": 0.12726571249684218,