model,scope,k,aic,rmse_to_llm,r2_to_llm,r2_to_truth,rmse_vs_truth,bias_vs_truth,aic_weight
Combo_NonOracle,overall,0.0,-822.3073356619306,0.06450423152286894,0.9003258939163502,0.7450460929407632,0.10631008491779664,-0.09292347571431883,0.8417895751565436
EmpiricalLinear,overall,2.0,-818.88859434694,0.06437937370374325,0.9007113894574974,0.7461851421442675,0.1060723400405442,-0.09268631327909232,0.15234678687213274
Equal,overall,0.0,-812.3738159677577,0.06667583270321163,0.8935016609173374,0.7427519083273704,0.10678732559000935,-0.09166066666666665,0.005863637971323595
Combo_Oracle,overall,0.0,-745.5020229470359,0.08332499263069837,0.8336753929449516,0.9393567958963838,0.051848321193368394,-7.549516567451065e-17,1.766614524001583e-17
LLM(Combined),overall,,,0.0,1.0,0.8424803076640117,0.08356242919717767,-0.061394,
