range_category,regression_angle,scalar_variability,short_vs_medium_t,medium_vs_long_t,response_autocorr,stimulus_autocorr
short,42.1962013461221,0.05954392197440567,,,0.25079075587040683,0.24718809267831113
medium,44.39247506107462,0.050338707624983936,,,0.4065426334616933,0.217956842254054
long,38.648510734669706,0.03890339400871895,,,0.39529562846003075,0.21906490146470325
