{
  "per_range": {
    "regression_effect": {
      "long": {
        "regression_angle": 47.29716133846704,
        "slope": 1.0835818984757204,
        "intercept": -0.24343666470712488,
        "r_squared": 0.8485708502395061,
        "p_value": 2.619414238323113e-21,
        "regression_strength": -0.0835818984757204,
        "regression_strength_angular": 0.051048029743712045
      },
      "medium": {
        "regression_angle": 32.80918261778819,
        "slope": 0.6446828758866027,
        "intercept": 0.11493246170219046,
        "r_squared": 0.6316059210442888,
        "p_value": 5.564238735191395e-12,
        "regression_strength": 0.35531712411339733,
        "regression_strength_angular": 0.27090705293804024
      },
      "short": {
        "regression_angle": 21.934223525937803,
        "slope": 0.40269142940854147,
        "intercept": 0.13554848902212235,
        "r_squared": 0.5807277279736991,
        "p_value": 1.2909538924766038e-10,
        "regression_strength": 0.5973085705914585,
        "regression_strength_angular": 0.5125728105347155
      }
    },
    "weber_law": {
      "long": {
        "mean_cv": 0.07027156082970056,
        "cv_magnitude_correlation": -0.6112322604585931,
        "bin_magnitudes": [
          0.5455462499999999,
          0.63481125,
          0.72407625,
          0.76870875,
          0.8133412499999999,
          0.85797375
        ],
        "coefficient_variations": [
          0.09056338077479394,
          0.06440122796398526,
          0.08597268130969464,
          0.0704034699887462,
          0.04384447014705474,
          0.06644413479392856
        ],
        "p_value": 0.1973312858188884
      },
      "medium": {
        "mean_cv": 0.075046748388911,
        "cv_magnitude_correlation": -0.6637813114604156,
        "bin_magnitudes": [
          0.356935,
          0.468515,
          0.580095,
          0.635885,
          0.691675,
          0.747465
        ],
        "coefficient_variations": [
          0.1571229108947467,
          0.05001687601002751,
          0.11935977573610229,
          0.026718042644273174,
          0.03662074896736287,
          0.060442136080953404
        ],
        "p_value": 0.15056092408400293
      },
      "short": {
        "mean_cv": 0.1448887233560223,
        "cv_magnitude_correlation": -0.8081375780600455,
        "bin_magnitudes": [
          0.14554625,
          0.23481125,
          0.32407625,
          0.36870875000000003,
          0.41334125,
          0.45797374999999996
        ],
        "coefficient_variations": [
          0.28896058421918247,
          0.337309183943096,
          0.05104303701864569,
          0.04714045207910315,
          0.04793531180296069,
          0.09694377107314592
        ],
        "p_value": 0.05168544149552389
      }
    },
    "sequential_effect": [
      {
        "range_category": "long",
        "n_runs": 5,
        "N_total": 50,
        "r_resp_mean": 0.2156404561599997,
        "r_stim_mean": 0.23521755130669839,
        "r_resp_weighted": 0.21599651956057295,
        "r_stim_weighted": 0.23521755130669839
      },
      {
        "range_category": "medium",
        "n_runs": 5,
        "N_total": 50,
        "r_resp_mean": 0.6327999326474841,
        "r_stim_mean": 0.23520721737985428,
        "r_resp_weighted": 0.6330416275443199,
        "r_stim_weighted": 0.23520721737985426
      },
      {
        "range_category": "short",
        "n_runs": 5,
        "N_total": 50,
        "r_resp_mean": 0.12347140784722258,
        "r_stim_mean": 0.23521755130669836,
        "r_resp_weighted": 0.12609513711066414,
        "r_stim_weighted": 0.23521755130669833
      }
    ]
  },
  "overall": {
    "range_effect": {
      "range_analyses_by_category": {
        "short": {
          "slope": 0.40269142940854147,
          "regression_strength": 0.5973085705914585,
          "r_squared": 0.5807277279736991,
          "mean_stimulus_magnitude": 0.30805599999999994
        },
        "medium": {
          "slope": 0.6446828758866027,
          "regression_strength": 0.35531712411339733,
          "r_squared": 0.6316059210442888,
          "mean_stimulus_magnitude": 0.5600700000000001
        },
        "long": {
          "slope": 1.0835818984757204,
          "regression_strength": -0.0835818984757204,
          "r_squared": 0.8485708502395061,
          "mean_stimulus_magnitude": 0.7080560000000001
        }
      },
      "correlation_analysis": {
        "correlation_magnitude_regression": -0.9509583778010702,
        "p_value": 0.20020208080682803,
        "interpretation": "Regression strength decreases with stimulus magnitude (r=-0.951)"
      },
      "pairwise_comparison_on_overlap": {
        "short_vs_medium": {
          "categories": [
            "medium",
            "short"
          ],
          "error": "Insufficient data in common bins for t-test.",
          "t_statistic": NaN,
          "p_value": NaN,
          "is_significant": false,
          "n_overlapping_bins": 0
        },
        "short_vs_long": {
          "error": "No overlapping data found or insufficient data after binning for short vs long."
        },
        "medium_vs_long": {
          "categories": [
            "long",
            "medium"
          ],
          "t_statistic": -4.333333333333317,
          "p_value": 0.14438463102129498,
          "is_significant": false,
          "n_overlapping_bins": 2,
          "mean_long": 0.541,
          "mean_medium": 0.5800000000000001
        }
      }
    }
  }
}