model,scope,k,aic,rmse_to_llm,r2_to_llm,r2_to_truth,rmse_vs_truth,bias_vs_truth,aic_weight
Combo_NonOracle,overall,0.0,-77.66241910809701,0.7719197150912092,0.8674581164346358,0.8652693319211939,0.7450160161986547,-0.15740667368804953,0.8620024262383587
EmpiricalLinear,overall,2.0,-73.71565281631179,0.7717827534136036,0.8675051460619772,0.8645161988391208,0.7470954027269318,-0.15720721230631246,0.1198061403563001
Combo_Oracle,overall,0.0,-69.88739780847428,0.7921868504594529,0.8604068426251537,0.8710133451116553,0.7289617951732137,-1.4802973661668753e-16,0.017667864695012102
Equal,overall,0.0,-62.84972892653057,0.8109903722253908,0.8537013667709731,0.8356706773032053,0.8227917154420066,-0.1537899999999999,0.0005235687103290739
LLM(Combined),overall,,,0.0,1.0,0.8446899551501746,0.7998934676622144,-0.02857731713680983,
