range_category,regression_angle,scalar_variability,short_vs_medium_t,medium_vs_long_t,response_autocorr,stimulus_autocorr
short,51.678095469886536,0.18461657047370147,,,0.11377022052966426,0.23521755130669833
medium,49.75394727936376,0.06982058524409986,,-1.0701754385964912,0.19583699783897635,0.23520721737985426
long,25.417592266161837,0.07536856186924447,,,-0.24845194811430638,0.23521755130669839
