model,scope,k,aic,rmse_to_llm,r2_to_llm,r2_to_truth,rmse_vs_truth,bias_vs_truth,aic_weight
EmpiricalLinear,overall,3.0,-673.1203798606023,0.10396150427333145,0.34432098213743423,-0.2572623050773273,0.23608582539220108,-0.18039000000000022,0.9999999999999869
Bayes(stimulus),overall,0.0,-609.2028109111964,0.13124676356068604,-0.04501706407279715,0.3446957414852725,0.17044272166694674,-0.1225316888351706,1.319703152995411e-14
Equal,overall,0.0,-570.0398241300762,0.14954876573657613,-0.3567875270469756,0.46749187617903476,0.15364558459866873,-0.10335666666666667,4.133726389270303e-23
Bayes(range),overall,0.0,-554.7623536124104,0.15736177180590832,-0.5022584311274652,0.5324257523494594,0.14397339880526044,-0.0906557638978307,1.990128667634987e-26
LLM(Combined),overall,,,0.0,1.0,-0.48640937941944107,0.2567001863393688,-0.18038999999999997,
