range_category,w_img_bayes,w_txt_bayes
short,0.41889126923052106,0.5811087307694789
medium,0.4112756593139852,0.5887243406860148
long,0.32934286205700575,0.6706571379429942
