{
    "Basic Single-Stage": {
        "model_name": "bayes_basic_single",
        "params": {
            "w_p": 0.07848984802141983,
            "delta": 0.08126666211796678
        },
        "steady_state_weight": null,
        "mode": "single",
        "model_type": "basic",
        "r_squared": 0.916878335615699,
        "aic": -173.30768926841614,
        "bic": -170.50529450509183,
        "n_params": 2,
        "mse": 0.002710491818700883,
        "rmse": 0.05206238391296429,
        "predictions": [
            0.33574058345518776,
            0.5476879184102612,
            0.46475200473218903,
            0.41867649713326,
            0.2528046697771155,
            0.2528046697771155,
            0.21594426369797232,
            0.5200426138509038,
            0.41867649713326,
            0.4555369032124032,
            0.5768394413274877,
            0.844077385401276,
            0.7427112686836321,
            0.6782055580451314,
            0.4754733246098438,
            0.4754733246098438,
            0.4293978170109148,
            0.7980018778023468,
            0.6782055580451314,
            0.7242810656440604,
            0.7357405834551877,
            0.9476879184102612,
            0.8647520047321889,
            0.8186764971332599,
            0.6528046697771155,
            0.6528046697771155,
            0.6159442636979723,
            0.9200426138509037,
            0.8186764971332599,
            0.8555369032124032
        ],
        "converged": true,
        "confidence_intervals": {
            "w_p": [
                -10.492092662284074,
                10.649072358326913
            ],
            "delta": [
                -1.3046626269395958,
                1.4671959511755293
            ]
        }
    },
    "Basic Two-Stage": {
        "model_name": "bayes_basic_sequential",
        "params": {
            "r_div_q": 0.01,
            "delta": 0.08126806154515825
        },
        "steady_state_weight": 0.9999000099990001,
        "mode": "sequential",
        "model_type": "basic",
        "r_squared": 0.9136288984771357,
        "aic": -172.15767223126653,
        "bic": -169.35527746794222,
        "n_params": 2,
        "mse": 0.0028164518333937795,
        "rmse": 0.05307025375286781,
        "predictions": [
            0.33126806154515825,
            0.5612450661441876,
            0.4712770574465278,
            0.42127306144481846,
            0.241286058445948,
            0.2412680633444885,
            0.2012720607455381,
            0.5312350685433489,
            0.42127905604706767,
            0.4612640634441887,
            0.5712680615451583,
            0.8612390673439343,
            0.7512790564468677,
            0.6812750612447784,
            0.46129005784608795,
            0.46126806374434853,
            0.41127306054562807,
            0.8112280700429588,
            0.6812810549474575,
            0.7312630638439888,
            0.7312680615451583,
            0.9612450661441876,
            0.8712770574465278,
            0.8212730614448185,
            0.6412860584459481,
            0.6412680633444885,
            0.6012720607455382,
            0.9312350685433488,
            0.8212790560470675,
            0.8612640634441886
        ],
        "converged": true,
        "confidence_intervals": {
            "r_div_q": [
                -977.7508843331677,
                977.7708843331677
            ],
            "delta": [
                -1.3314286842740364,
                1.4939648073643528
            ]
        }
    },
    "Weber Single-Stage": {
        "model_name": "bayes_weber_single",
        "params": {
            "w_p": 0.10183401205911977,
            "delta": 0.11573476437652522
        },
        "steady_state_weight": null,
        "mode": "single",
        "model_type": "weber",
        "r_squared": 0.8359048744805432,
        "aic": -152.90892166877532,
        "bic": -150.106526905451,
        "n_params": 2,
        "mse": 0.005350933460052161,
        "rmse": 0.0731500749148773,
        "predictions": [
            0.2838130546896223,
            0.5098986085786418,
            0.423146017187835,
            0.37408683951401805,
            0.19008591428010033,
            0.19008591428010033,
            0.14680280412365043,
            0.4811820122384156,
            0.37408683951401805,
            0.4133881657444687,
            0.5555279030846064,
            0.8434206589813219,
            0.7357791931988793,
            0.6663527649984632,
            0.44211695500971415,
            0.44211695500971415,
            0.3894994702195404,
            0.7946985793235744,
            0.6663527649984632,
            0.7160219579746958,
            0.7348751430066686,
            0.9646830013321578,
            0.8755894931608441,
            0.8256515260123468,
            0.6428053458249833,
            0.6428053458249833,
            0.6014122903480353,
            0.9350931650659202,
            0.8256515260123468,
            0.8656283052860236
        ],
        "converged": true,
        "confidence_intervals": {
            "w_p": [
                -10.410693732226273,
                10.614361756344513
            ],
            "delta": [
                -2.3345124496306067,
                2.5659819783836575
            ]
        }
    },
    "Weber Two-Stage": {
        "model_name": "bayes_weber_sequential",
        "params": {
            "r_div_q": 0.01,
            "delta": 0.10463721076255589
        },
        "steady_state_weight": 0.9999000099990001,
        "mode": "sequential",
        "model_type": "weber",
        "r_squared": 0.8305230202613526,
        "aic": -151.94097532849824,
        "bic": -149.13858056517392,
        "n_params": 2,
        "mse": 0.005526428885205268,
        "rmse": 0.07433995483725604,
        "predictions": [
            0.27757704270402356,
            0.5329130631019834,
            0.43302911152015156,
            0.3775099175567172,
            0.177662735835511,
            0.177649348379919,
            0.13324087013848485,
            0.49957256777571535,
            0.37751531294432883,
            0.42191235689888895,
            0.5440508978044657,
            0.8659998871767788,
            0.7439175920783725,
            0.6661920988602087,
            0.42193631602282833,
            0.42191704947651437,
            0.3664068292166559,
            0.8104604177585517,
            0.6661978051614551,
            0.7216943604484211,
            0.7217001345380938,
            0.9770413183998836,
            0.8771526755891246,
            0.8216332020589991,
            0.6217897656902851,
            0.621772440607739,
            0.5773644075508254,
            0.943715314427299,
            0.8216392105913073,
            0.866035582349175
        ],
        "converged": true,
        "confidence_intervals": {
            "r_div_q": [
                -16.05137324984457,
                16.071373249844573
            ],
            "delta": [
                -1.9918444115497447,
                2.2011188330748563
            ]
        }
    },
    "Linear Regression": {
        "model_name": "linear",
        "params": {
            "slope": 0.8347077107441111,
            "intercept": 0.16804511852600845
        },
        "steady_state_weight": null,
        "mode": "linear",
        "model_type": "linear",
        "log_likelihood": null,
        "r_squared": 0.95091957175599,
        "aic": -189.1053672161739,
        "bic": -186.3029724528496,
        "n_params": 2,
        "mse": 0.0016004503783594872,
        "rmse": 0.04000562933337616,