{
  "per_range": {
    "regression_effect": {
      "long": {
        "regression_angle": 45.57264048570613,
        "slope": 1.020191398278314,
        "intercept": -0.11194651955096036,
        "r_squared": 0.6536583220075304,
        "p_value": 1.2445296610565956e-12,
        "regression_strength": -0.020191398278313955,
        "regression_strength_angular": 0.012725344126802913
      },
      "medium": {
        "regression_angle": 36.05140377593285,
        "slope": 0.7279141688048703,
        "intercept": 0.13327711147745636,
        "r_squared": 0.7591921372122598,
        "p_value": 1.8891357870925676e-16,
        "regression_strength": 0.27208583119512975,
        "regression_strength_angular": 0.19885769386815894
      },
      "short": {
        "regression_angle": 42.66343521933324,
        "slope": 0.9215925469157316,
        "intercept": 0.08181341592260882,
        "r_squared": 0.7274263158383144,
        "p_value": 3.7720628808460654e-15,
        "regression_strength": 0.07840745308426844,
        "regression_strength_angular": 0.05192366179259472
      }
    },
    "weber_law": {
      "long": {
        "mean_cv": 0.13831830752671972,
        "cv_magnitude_correlation": -0.45591000508911256,
        "bin_magnitudes": [
          0.54551875,
          0.63479375,
          0.72406875,
          0.7687062499999999,
          0.81334375,
          0.8579812499999999
        ],
        "coefficient_variations": [
          0.11518053896393796,
          0.3118511589782883,
          0.13738687083780637,
          0.08612923495477542,
          0.06618479599190505,
          0.11317724543360518
        ],
        "p_value": 0.3635163361330548
      },
      "medium": {
        "mean_cv": 0.10898934968544889,
        "cv_magnitude_correlation": -0.5973690025369983,
        "bin_magnitudes": [
          0.3569,
          0.4685,
          0.5801000000000001,
          0.6358999999999999,
          0.6917,
          0.7475
        ],
        "coefficient_variations": [
          0.1540652685060602,
          0.11432944154771636,
          0.1119454029046835,
          0.0721053567592353,
          0.14954882116182014,
          0.051941807233177824
        ],
        "p_value": 0.2105319783912905
      },
      "short": {
        "mean_cv": 0.16314396618591012,
        "cv_magnitude_correlation": -0.7126671637689443,
        "bin_magnitudes": [
          0.14551875,
          0.23479374999999997,
          0.32406874999999996,
          0.36870624999999996,
          0.41334374999999995,
          0.45798125
        ],
        "coefficient_variations": [
          0.2230966545035441,
          0.239925014520311,
          0.11597231536816076,
          0.19951211985637174,
          0.06485900638596585,
          0.13549868648110736
        ],
        "p_value": 0.11197911587439309
      }
    },
    "sequential_effect": [
      {
        "range_category": "long",
        "n_runs": 5,
        "N_total": 50,
        "r_resp_mean": 0.2617441431191297,
        "r_stim_mean": 0.23502816576403168,
        "r_resp_weighted": 0.27159027919793766,
        "r_stim_weighted": 0.23502816576403165
      },
      {
        "range_category": "medium",
        "n_runs": 5,
        "N_total": 50,
        "r_resp_mean": 0.0010073171079335807,
        "r_stim_mean": 0.23525030686203605,
        "r_resp_weighted": 0.00027249357288387067,
        "r_stim_weighted": 0.23525030686203605
      },
      {
        "range_category": "short",
        "n_runs": 5,
        "N_total": 50,
        "r_resp_mean": 0.3948359263539387,
        "r_stim_mean": 0.2350281657640318,
        "r_resp_weighted": 0.4020731603497434,
        "r_stim_weighted": 0.23502816576403177
      }
    ]
  },
  "overall": {
    "range_effect": {
      "range_analyses_by_category": {
        "short": {
          "slope": 0.9215925469157316,
          "regression_strength": 0.07840745308426844,
          "r_squared": 0.7274263158383144,
          "mean_stimulus_magnitude": 0.30805000000000005
        },
        "medium": {
          "slope": 0.7279141688048703,
          "regression_strength": 0.27208583119512975,
          "r_squared": 0.7591921372122598,
          "mean_stimulus_magnitude": 0.56007
        },
        "long": {
          "slope": 1.020191398278314,
          "regression_strength": -0.020191398278313955,
          "r_squared": 0.6536583220075304,
          "mean_stimulus_magnitude": 0.7080500000000001
        }
      },
      "correlation_analysis": {
        "correlation_magnitude_regression": -0.18776977184159982,
        "p_value": 0.8797482315842746,
        "interpretation": "Regression strength decreases with stimulus magnitude (r=-0.188)"
      },
      "pairwise_comparison_on_overlap": {
        "short_vs_medium": {
          "categories": [
            "medium",
            "short"
          ],
          "error": "Insufficient data in common bins for t-test.",
          "t_statistic": NaN,
          "p_value": NaN,
          "is_significant": false,
          "n_overlapping_bins": 0
        },
        "short_vs_long": {
          "error": "No overlapping data found or insufficient data after binning for short vs long."
        },
        "medium_vs_long": {
          "categories": [
            "long",
            "medium"
          ],
          "t_statistic": -0.6137805983680871,
          "p_value": 0.6495467226067799,
          "is_significant": false,
          "n_overlapping_bins": 2,
          "mean_long": 0.627,
          "mean_medium": 0.6947
        }
      }
    }
  }
}