model,scope,k,aic,rmse_to_llm,r2_to_llm,r2_to_truth,rmse_vs_truth,bias_vs_truth,aic_weight
EmpiricalLinear,overall,3.0,-776.1418391402553,0.07374519312202768,0.25008730827546266,-0.7177941383362532,0.27595770443959966,-0.1988566666666669,1.0
Equal,overall,0.0,-654.6948199899762,0.11278002187148808,-0.7539112677851756,-0.03751387476442902,0.21446376306189036,-0.13352333333333333,4.247318895284946e-27
Bayes(range),overall,0.0,-615.1602815393147,0.12866614252573227,-1.282820851618017,-0.0812910861037901,0.21894159457233786,-0.10459143831294444,1.1048388136407599e-35
Bayes(stimulus),overall,0.0,-520.7916718865613,0.17622878036360035,-3.282495747614428,-0.1658446382556933,0.22734075880868176,-0.10074309273498325,3.5597188991004877e-56
LLM(Combined),overall,,,0.0,1.0,-0.9333036052395329,0.29275680293832057,-0.19885666666666668,
