range_category,w_img_bayes,w_txt_bayes
short,0.3495458153531002,0.6504541846468999
medium,0.2969434632328302,0.7030565367671697
long,0.6236013965236228,0.3763986034763772
