{
  "per_range": {
    "regression_effect": {
      "long": {
        "regression_angle": 44.81497308796454,
        "slope": 0.9935621100446054,
        "intercept": 0.037252189415220016,
        "r_squared": 0.9988631069460777,
        "p_value": 2.492100187579889e-72,
        "regression_strength": 0.006437889955394627,
        "regression_strength_angular": 0.004111709156343579
      },
      "medium": {
        "regression_angle": 45.013735243623536,
        "slope": 1.0004795654227039,
        "intercept": -0.002196194469208379,
        "r_squared": 0.9999986451697468,
        "p_value": 1.676081752483725e-142,
        "regression_strength": -0.000479565422703887,
        "regression_strength_angular": 0.0003052276360785792
      },
      "short": {
        "regression_angle": 45.06933731767539,
        "slope": 1.0024232627052991,
        "intercept": -0.0026579805548458957,
        "r_squared": 0.9991903642534552,
        "p_value": 7.214042398762994e-76,
        "regression_strength": -0.002423262705299134,
        "regression_strength_angular": 0.0015408292816753526
      }
    },
    "weber_law": {
      "long": {
        "mean_cv": 0.006770393709495595,
        "cv_magnitude_correlation": -0.4033606464370196,
        "bin_magnitudes": [
          5.43633125,
          5.8685937500000005,
          6.300856250000001,
          7.16538125,
          7.59764375,
          8.02990625,
          8.46216875
        ],
        "coefficient_variations": [
          0.03231712242060941,
          7.845577269213537e-05,
          6.977028854256097e-05,
          6.134785529096921e-05,
          0.00018055618476299688,
          0.014422776623104741,
          0.0002627268214663541
        ],
        "p_value": 0.36955220522416116
      },
      "medium": {
        "mean_cv": 0.011126378896980881,
        "cv_magnitude_correlation": -0.7441105141828599,
        "bin_magnitudes": [
          3.39370625,
          4.31933125,
          5.24495625,
          5.70776875,
          6.63339375
        ],
        "coefficient_variations": [
          0.05314197744364688,
          0.0003916009060748521,
          0.00011822040675044163,
          0.001911496269066085,
          6.859945936613543e-05
        ],
        "p_value": 0.1492784437584771
      },
      "short": {
        "mean_cv": 0.02539617166278497,
        "cv_magnitude_correlation": -0.7228136608387467,
        "bin_magnitudes": [
          1.47201875,
          2.36009375,
          3.2481687499999996,
          3.69220625,
          4.13624375,
          4.5802812500000005
        ],
        "coefficient_variations": [
          0.12302186563479298,
          0.0003749877783578077,
          5.604225735372495e-05,
          0.028365398091437403,
          0.00023530258129206698,
          0.00032343363347583676
        ],
        "p_value": 0.1045999725698266
      }
    },
    "sequential_effect": [
      {
        "range_category": "long",
        "n_runs": 5,
        "N_total": 50,
        "r_resp_mean": 0.21974631615608203,
        "r_stim_mean": 0.2190649014647032,
        "r_resp_weighted": 0.21974637816889592,
        "r_stim_weighted": 0.21906490146470325
      },
      {
        "range_category": "medium",
        "n_runs": 5,
        "N_total": 50,
        "r_resp_mean": 0.2179458520146132,
        "r_stim_mean": 0.217956842254054,
        "r_resp_weighted": 0.21794586243794176,
        "r_stim_weighted": 0.217956842254054
      },
      {
        "range_category": "short",
        "n_runs": 5,
        "N_total": 50,
        "r_resp_mean": 0.2479543651203621,
        "r_stim_mean": 0.24718809267831113,
        "r_resp_weighted": 0.2479549724318538,
        "r_stim_weighted": 0.24718809267831113
      }
    ]
  },
  "overall": {
    "range_effect": {
      "range_analyses_by_category": {
        "short": {
          "slope": 1.0024232627052991,
          "regression_strength": -0.002423262705299134,
          "r_squared": 0.9991903642534552,
          "mean_stimulus_magnitude": 3.0697699999999997
        },
        "medium": {
          "slope": 1.0004795654227039,
          "regression_strength": -0.000479565422703887,
          "r_squared": 0.9999986451697468,
          "mean_stimulus_magnitude": 5.0383
        },
        "long": {
          "slope": 0.9935621100446054,
          "regression_strength": 0.006437889955394627,
          "r_squared": 0.9988631069460777,
          "mean_stimulus_magnitude": 7.0569999999999995
        }
      },
      "correlation_analysis": {
        "correlation_magnitude_regression": 0.9535092278483817,
        "p_value": 0.19488373085098978,
        "interpretation": "Regression strength increases with stimulus magnitude (r=0.954)"
      },
      "pairwise_comparison_on_overlap": {
        "short_vs_medium": {
          "error": "No overlapping data found or insufficient data after binning for short vs medium."
        },
        "short_vs_long": {
          "error": "No overlapping data found or insufficient data after binning for short vs long."
        },
        "medium_vs_long": {
          "error": "No overlapping data found or insufficient data after binning for medium vs long."
        }
      }
    }
  }
}