model,scope,k,aic,rmse_to_llm,r2_to_llm,r2_to_truth,rmse_vs_truth,bias_vs_truth,aic_weight
EmpiricalLinear,overall,3.0,-698.8250743611953,0.09542478679775414,0.7918123012476282,0.6662675498097449,0.12163059959681069,-0.08528066666666678,0.9999999965182416
Equal,overall,0.0,-659.8656034323217,0.11085280802547397,0.7190519218892635,0.8503170225828238,0.0814572671920639,-0.03579711170713344,3.4678346154034648e-09
Bayes(stimulus),overall,0.0,-648.8302104655511,0.1150064151506212,0.6976034718346011,0.811340940817012,0.09144973711171743,-0.057194542581024785,1.3923654614945033e-11
Bayes(range),overall,0.0,-622.4370676643439,0.12558276878278035,0.6394273548395049,0.8934870566200033,0.06871393539977778,-0.03416839009664296,2.5855628701369903e-17
LLM(Combined),overall,,,0.0,1.0,0.44031772002138736,0.15751227626230702,-0.08528066666666666,
