range_category,w_img_bayes,w_txt_bayes
short,0.13775861344488208,0.862241386555118
medium,0.3402944408882844,0.6597055591117156
long,0.17801886848028828,0.8219811315197117
