range_category,regression_angle,scalar_variability,short_vs_medium_t,medium_vs_long_t,response_autocorr,stimulus_autocorr
short,45.78858188674558,0.19110321559071808,,,0.3709912994225708,0.23502816576403177
medium,18.271212437905753,0.13193349932449935,,1.0714285714285714,-0.3385739274311781,0.23525030686203605
long,26.062120681365123,0.1585888567504164,,,0.06338076345147507,0.23502816576403165
