{
  "per_range": {
    "regression_effect": {
      "long": {
        "regression_angle": 25.5295858918351,
        "slope": 0.47760953750794755,
        "intercept": 0.21182570131027267,
        "r_squared": 0.3121246557548367,
        "p_value": 2.4813015469811543e-05,
        "regression_strength": 0.5223904624920525,
        "regression_strength_angular": 0.43267586907033107
      },
      "medium": {
        "regression_angle": 16.05094868406491,
        "slope": 0.28770796818824307,
        "intercept": 0.3688633982568107,
        "r_squared": 0.22940980915276618,
        "p_value": 0.00043350543507047324,
        "regression_strength": 0.7122920318117569,
        "regression_strength_angular": 0.6433122514652242
      },
      "short": {
        "regression_angle": 31.657462537583687,
        "slope": 0.6165874467944235,
        "intercept": 0.10255653749029711,
        "r_squared": 0.4696067824113501,
        "p_value": 4.019872850247941e-08,
        "regression_strength": 0.38341255320557655,
        "regression_strength_angular": 0.2965008324981403
      }
    },
    "weber_law": {
      "long": {
        "mean_cv": 0.0,
        "cv_magnitude_correlation": NaN,
        "bin_magnitudes": [
          0.5455462499999999,
          0.63481125,
          0.72407625,
          0.76870875,
          0.8133412499999999,
          0.85797375
        ],
        "coefficient_variations": [
          0.0,
          0.0,
          0.0,
          0.0,
          0.0,
          0.0
        ],
        "p_value": NaN
      },
      "medium": {
        "mean_cv": 0.0,
        "cv_magnitude_correlation": NaN,
        "bin_magnitudes": [
          0.356935,
          0.468515,
          0.580095,
          0.635885,
          0.691675,
          0.747465
        ],
        "coefficient_variations": [
          0.0,
          0.0,
          0.0,
          0.0,
          0.0,
          0.0
        ],
        "p_value": NaN
      },
      "short": {
        "mean_cv": 0.03833697551901968,
        "cv_magnitude_correlation": -0.7514691493021792,
        "bin_magnitudes": [
          0.14554625,
          0.23481125,
          0.32407625,
          0.36870875000000003,
          0.41334125,
          0.45797374999999996
        ],
        "coefficient_variations": [
          0.23002185311411807,
          0.0,
          0.0,
          0.0,
          0.0,
          0.0
        ],
        "p_value": 0.08497580055558167
      }
    },
    "sequential_effect": [
      {
        "range_category": "long",
        "n_runs": 5,
        "N_total": 50,
        "r_resp_mean": 0.3152173913043478,
        "r_stim_mean": 0.23521755130669839,
        "r_resp_weighted": 0.31521739130434784,
        "r_stim_weighted": 0.23521755130669839
      },
      {
        "range_category": "medium",
        "n_runs": 5,
        "N_total": 50,
        "r_resp_mean": -0.12500000000000003,
        "r_stim_mean": 0.23520721737985428,
        "r_resp_weighted": -0.12500000000000003,
        "r_stim_weighted": 0.23520721737985426
      },
      {
        "range_category": "short",
        "n_runs": 5,
        "N_total": 50,
        "r_resp_mean": -0.18928571428571433,
        "r_stim_mean": 0.23521755130669836,
        "r_resp_weighted": -0.19059223985446544,
        "r_stim_weighted": 0.23521755130669833
      }
    ]
  },
  "overall": {
    "range_effect": {
      "range_analyses_by_category": {
        "short": {
          "slope": 0.6165874467944235,
          "regression_strength": 0.38341255320557655,
          "r_squared": 0.4696067824113501,
          "mean_stimulus_magnitude": 0.30805599999999994
        },
        "medium": {
          "slope": 0.28770796818824307,
          "regression_strength": 0.7122920318117569,
          "r_squared": 0.22940980915276618,
          "mean_stimulus_magnitude": 0.5600700000000001
        },
        "long": {
          "slope": 0.47760953750794755,
          "regression_strength": 0.5223904624920525,
          "r_squared": 0.3121246557548367,
          "mean_stimulus_magnitude": 0.7080560000000001
        }
      },
      "correlation_analysis": {
        "correlation_magnitude_regression": 0.5509290276816745,
        "p_value": 0.6285469831176035,
        "interpretation": "Regression strength increases with stimulus magnitude (r=0.551)"
      },
      "pairwise_comparison_on_overlap": {
        "short_vs_medium": {
          "categories": [
            "medium",
            "short"
          ],
          "error": "Insufficient data in common bins for t-test.",
          "t_statistic": NaN,
          "p_value": NaN,
          "is_significant": false,
          "n_overlapping_bins": 0
        },
        "short_vs_long": {
          "error": "No overlapping data found or insufficient data after binning for short vs long."
        },
        "medium_vs_long": {
          "categories": [
            "long",
            "medium"
          ],
          "t_statistic": -1.0,
          "p_value": 0.49999999999999956,
          "is_significant": false,
          "n_overlapping_bins": 2,
          "mean_long": 0.5,
          "mean_medium": 0.65
        }
      }
    }
  }
}