{
  "per_range": {
    "regression_effect": {
      "long": {
        "regression_angle": 31.517994002057584,
        "slope": 0.6132328611751388,
        "intercept": 0.17161679324777585,
        "r_squared": 0.25040946678918496,
        "p_value": 0.00021502003494830224,
        "regression_strength": 0.38676713882486125,
        "regression_strength_angular": 0.29960013328760926
      },
      "medium": {
        "regression_angle": 80.23284879223995,
        "slope": 5.809237663670816,
        "intercept": -1.2081797382921131,
        "r_squared": 0.008038733663521572,
        "p_value": 0.5357855762343728,
        "regression_strength": -4.809237663670816,
        "regression_strength_angular": 0.78295219538311
      },
      "short": {
        "regression_angle": 0.8908856341624605,
        "slope": 0.015550140770036094,
        "intercept": 0.24760968583494572,
        "r_squared": 0.0016285471065885689,
        "p_value": 0.780819929415379,
        "regression_strength": 0.9844498592299639,
        "regression_strength_angular": 0.9802025414630565
      }
    },
    "weber_law": {
      "long": {
        "mean_cv": 0.12451940332101157,
        "cv_magnitude_correlation": -0.12557083096990684,
        "bin_magnitudes": [
          0.5455462499999999,
          0.63481125,
          0.72407625,
          0.76870875,
          0.8133412499999999,
          0.85797375
        ],
        "coefficient_variations": [
          0.0368615362884451,
          0.23640220873651147,
          0.25429846963480446,
          0.01825867259862366,
          0.18838256012929716,
          0.012912972538387609
        ],
        "p_value": 0.8126337560854983
      },
      "medium": {
        "mean_cv": 0.3844537750140939,
        "cv_magnitude_correlation": 0.18782035687875995,
        "bin_magnitudes": [
          0.356935,
          0.468515,
          0.580095,
          0.635885,
          0.691675,
          0.747465
        ],
        "coefficient_variations": [
          0.02972284486137667,
          0.0350940988817724,
          0.04087576998326364,
          2.1337432328397563,
          0.04776813344293697,
          0.019518570075457053
        ],
        "p_value": 0.7215822858198513
      },
      "short": {
        "mean_cv": 0.1793852811571989,
        "cv_magnitude_correlation": -0.43312337268748,
        "bin_magnitudes": [
          0.14554625,
          0.23481125,
          0.32407625,
          0.36870875000000003,
          0.41334125,
          0.45797374999999996
        ],
        "coefficient_variations": [
          0.1971626646841359,
          0.26812175793108406,
          0.1610078094286145,
          0.09122420135448707,
          0.24826717861142228,
          0.11052807493344967
        ],
        "p_value": 0.39094101588834573
      }
    },
    "sequential_effect": [
      {
        "range_category": "long",
        "n_runs": 5,
        "N_total": 50,
        "r_resp_mean": 0.38983835945888856,
        "r_stim_mean": 0.23521755130669825,
        "r_resp_weighted": 0.4222756828722551,
        "r_stim_weighted": 0.23521755130669827
      },
      {
        "range_category": "medium",
        "n_runs": 5,
        "N_total": 50,
        "r_resp_mean": 0.3145401381869732,
        "r_stim_mean": 0.23520721737985423,
        "r_resp_weighted": 0.37354533299138964,
        "r_stim_weighted": 0.2352072173798542
      },
      {
        "range_category": "short",
        "n_runs": 5,
        "N_total": 50,
        "r_resp_mean": 0.3859717774434747,
        "r_stim_mean": 0.23521755130669839,
        "r_resp_weighted": 0.5548128806288036,
        "r_stim_weighted": 0.23521755130669839
      }
    ]
  },
  "overall": {
    "range_effect": {
      "range_analyses_by_category": {
        "short": {
          "slope": 0.015550140770036094,
          "regression_strength": 0.9844498592299639,
          "r_squared": 0.0016285471065885689,
          "mean_stimulus_magnitude": 0.308056
        },
        "medium": {
          "slope": 5.809237663670816,
          "regression_strength": -4.809237663670816,
          "r_squared": 0.008038733663521572,
          "mean_stimulus_magnitude": 0.56007
        },
        "long": {
          "slope": 0.6132328611751388,
          "regression_strength": 0.38676713882486125,
          "r_squared": 0.25040946678918496,
          "mean_stimulus_magnitude": 0.708056
        }
      },
      "correlation_analysis": {
        "correlation_magnitude_regression": -0.240576584891529,
        "p_value": 0.8453269626960065,
        "interpretation": "Regression strength decreases with stimulus magnitude (r=-0.241)"
      },
      "pairwise_comparison_on_overlap": {
        "short_vs_medium": {
          "categories": [
            "medium",
            "short"
          ],
          "error": "Insufficient data in common bins for t-test.",
          "t_statistic": NaN,
          "p_value": NaN,
          "is_significant": false,
          "n_overlapping_bins": 0
        },
        "short_vs_long": {
          "error": "No overlapping data found or insufficient data after binning for short vs long."
        },
        "medium_vs_long": {
          "categories": [
            "long",
            "medium"
          ],
          "t_statistic": -0.9799787610619469,
          "p_value": 0.5064371812626086,
          "is_significant": false,
          "n_overlapping_bins": 2,
          "mean_long": 0.6699,
          "mean_medium": 7.591
        }
      }
    }
  }
}