model,scope,k,aic,rmse_to_llm,r2_to_llm,r2_to_truth,rmse_vs_truth,bias_vs_truth,aic_weight
Bayes(stimulus),overall,0.0,-871.6794251922687,0.054716056008075935,0.9423342559717252,0.893546572879878,0.06869684455689098,0.027770687319649674,0.7596113264256619
EmpiricalLinear,overall,3.0,-869.3783247653917,0.05404556729847027,0.9437388650761385,0.9371848122453283,0.052770267597059085,0.005476666666667171,0.2403885749650749
Bayes(range),overall,0.0,-838.7970229998873,0.06105439585745875,0.9282003701410101,0.9192314274844853,0.059838151507478864,0.033078869583420975,5.498807544528925e-08
Equal,overall,0.0,-838.3338762772208,0.061148725797572155,0.9279783357806752,0.9215719381764516,0.05896478327499107,0.03131,4.362118776841806e-08
LLM(Combined),overall,,,0.0,1.0,0.942792742221548,0.050359629995993145,0.005476666666666666,
