range_category,w_img_bayes,w_txt_bayes
short,0.513133965842182,0.48686603415781804
medium,0.5112942286776946,0.4887057713223054
long,0.5478853660587341,0.45211463394126594
