model,scope,k,aic,rmse_to_llm,r2_to_llm,r2_to_truth,rmse_vs_truth,bias_vs_truth,aic_weight
EmpiricalLinear,overall,3.0,-663.7176719395335,0.10727150377835033,0.6051423936851439,0.7753660349021892,0.09979175877808166,0.027676666666666776,0.9998001964724456
Bayes(stimulus),overall,0.0,-646.5361027267679,0.11588924337706219,0.5391516618722149,0.7775729956890506,0.09930033685232131,0.007190262517464719,0.00018577311700287803
Equal,overall,0.0,-641.337982690802,0.11791476150493056,0.5229014191869361,0.7082220622733402,0.11373213465724945,0.008861634206872306,1.3811010137441036e-05
Bayes(range),overall,0.0,-633.053336783545,0.12121641353467341,0.49580953137141215,0.881137779003113,0.07259034924422507,-0.00699883211066967,2.194004141442381e-07
LLM(Combined),overall,,,0.0,1.0,0.6265064725869722,0.1286762824558849,0.027676666666666662,
