{
  "empirical_linear": {
    "a_txt": 0.18123744033349404,
    "a_img": 0.5967451747424212,
    "intercept": 0.14875144796606132,
    "w_txt_norm": 0.2329582137459575,
    "w_img_norm": 0.7670417862540424
  }
}