range_category,w_img_bayes,w_txt_bayes
short,0.7512453703867933,0.2487546296132067
medium,0.8919516981368659,0.10804830186313408
long,0.8226168152214686,0.17738318477853143
