{
  "per_range": {
    "regression_effect": {
      "long": {
        "regression_angle": 56.7580361369568,
        "slope": 1.5257201296433756,
        "intercept": -0.33381529211477023,
        "r_squared": 0.8303280220364111,
        "p_value": 4.058054122228716e-20,
        "regression_strength": -0.5257201296433756,
        "regression_strength_angular": 0.2612896919323733
      },
      "medium": {
        "regression_angle": 46.363666963882075,
        "slope": 1.0487709378151953,
        "intercept": -0.024185139142156475,
        "r_squared": 0.6547185983358984,
        "p_value": 1.155356784076972e-12,
        "regression_strength": -0.04877093781519526,
        "regression_strength_angular": 0.030303710308490554
      },
      "short": {
        "regression_angle": 54.68705656021614,
        "slope": 1.411674336094853,
        "intercept": -0.15267474928003594,
        "r_squared": 0.7312630232723653,
        "p_value": 2.6775724186246244e-15,
        "regression_strength": -0.41167433609485293,
        "regression_strength_angular": 0.2152679235603587
      }
    },
    "weber_law": {
      "long": {
        "mean_cv": 0.048489371741392444,
        "cv_magnitude_correlation": 0.30260933396977674,
        "bin_magnitudes": [
          0.5455462499999999,
          0.63481125,
          0.72407625,
          0.76870875,
          0.8133412499999999,
          0.85797375
        ],
        "coefficient_variations": [
          0.04862022174509164,
          0.0017902866112888642,
          0.07890109381874887,
          0.06941338006144038,
          0.042368849153633904,
          0.049842399058150993
        ],
        "p_value": 0.5599413318949362
      },
      "medium": {
        "mean_cv": 0.14037475616256975,
        "cv_magnitude_correlation": 0.12002918771080713,
        "bin_magnitudes": [
          0.356935,
          0.468515,
          0.580095,
          0.635885,
          0.691675,
          0.747465
        ],
        "coefficient_variations": [
          0.1767458894995966,
          0.0,
          0.1770078781004369,
          0.27741286830649564,
          0.046216787599682646,
          0.16486511346920674
        ],
        "p_value": 0.8208208490417013
      },
      "short": {
        "mean_cv": 0.3064045428064172,
        "cv_magnitude_correlation": -0.6052306775589532,
        "bin_magnitudes": [
          0.14554625,
          0.23481125,
          0.32407625,
          0.36870875000000003,
          0.41334125,
          0.45797374999999996
        ],
        "coefficient_variations": [
          0.47562328937658443,
          0.24331892972495994,
          0.6057311912165841,
          0.28621555551807204,
          0.17414202188725803,
          0.0533962691150447
        ],
        "p_value": 0.20300324508799505
      }
    },
    "sequential_effect": [
      {
        "range_category": "long",
        "n_runs": 5,
        "N_total": 50,
        "r_resp_mean": 0.24072424160292633,
        "r_stim_mean": 0.23521755130669839,
        "r_resp_weighted": 0.241863317664729,
        "r_stim_weighted": 0.23521755130669839
      },
      {
        "range_category": "medium",
        "n_runs": 5,
        "N_total": 50,
        "r_resp_mean": -0.1235695293040386,
        "r_stim_mean": 0.23520721737985428,
        "r_resp_weighted": -0.12468655320232189,
        "r_stim_weighted": 0.23520721737985426
      },
      {
        "range_category": "short",
        "n_runs": 5,
        "N_total": 50,
        "r_resp_mean": 0.1901814541210864,
        "r_stim_mean": 0.23521755130669836,
        "r_resp_weighted": 0.19977135695343765,
        "r_stim_weighted": 0.23521755130669833
      }
    ]
  },
  "overall": {
    "range_effect": {
      "range_analyses_by_category": {
        "short": {
          "slope": 1.411674336094853,
          "regression_strength": -0.41167433609485293,
          "r_squared": 0.7312630232723653,
          "mean_stimulus_magnitude": 0.30805599999999994
        },
        "medium": {
          "slope": 1.0487709378151953,
          "regression_strength": -0.04877093781519526,
          "r_squared": 0.6547185983358984,
          "mean_stimulus_magnitude": 0.5600700000000001
        },
        "long": {
          "slope": 1.5257201296433756,
          "regression_strength": -0.5257201296433756,
          "r_squared": 0.8303280220364111,
          "mean_stimulus_magnitude": 0.7080560000000001
        }
      },
      "correlation_analysis": {
        "correlation_magnitude_regression": -0.08187140094528522,
        "p_value": 0.9478206438806748,
        "interpretation": "Regression strength decreases with stimulus magnitude (r=-0.082)"
      },
      "pairwise_comparison_on_overlap": {
        "short_vs_medium": {
          "categories": [
            "medium",
            "short"
          ],
          "error": "Insufficient data in common bins for t-test.",
          "t_statistic": NaN,
          "p_value": NaN,
          "is_significant": false,
          "n_overlapping_bins": 0
        },
        "short_vs_long": {
          "error": "No overlapping data found or insufficient data after binning for short vs long."
        },
        "medium_vs_long": {
          "categories": [
            "long",
            "medium"
          ],
          "t_statistic": -1.282420749279538,
          "p_value": 0.42162472077341673,
          "is_significant": false,
          "n_overlapping_bins": 2,
          "mean_long": 0.6940000000000001,
          "mean_medium": 0.783
        }
      }
    }
  }
}