model,scope,k,aic,rmse_to_llm,r2_to_llm,r2_to_truth,rmse_vs_truth,bias_vs_truth,aic_weight
Combo_Oracle,overall,0.0,452.97249949774863,4.526315855431478,0.0013969918613212506,0.6931480673134476,0.11663298665524416,3.848773152033876e-17,0.3876094333694942
Equal,overall,0.0,453.52676958938105,4.534686257169167,-0.0022998058859255988,0.4212053042689131,0.16018403771092418,-0.104806776927985,0.2937893963802794
Combo_NonOracle,overall,0.0,453.6653390114467,4.536781303827275,-0.0032261543975604656,0.3501319225588957,0.1697342819619971,-0.11323045403633998,0.2741234248910358
EmpiricalLinear,overall,2.0,457.30251801340575,4.531297821964422,-0.000802476685788367,0.4582216761438894,0.15497718852501627,-0.08935688718930335,0.04447774535919051
LLM(Combined),overall,,,0.0,1.0,-463.3289185693185,4.537010993925406,0.22814333333333336,
