model,scope,k,aic,rmse_to_llm,r2_to_llm,r2_to_truth,rmse_vs_truth,bias_vs_truth,aic_weight
EmpiricalLinear,overall,2.0,-725.0378531706752,0.08802572503330189,0.8944099497396643,0.6131839565132654,0.13094709505355098,-0.1107185724411962,0.9999907022155369
Equal,overall,0.0,-701.8618843655798,0.09637199627831038,0.8734373716780436,0.4925297392959137,0.14998537986528332,-0.11993066666666669,9.27680183535646e-06
Combo_NonOracle,overall,0.0,-689.6787297707574,0.10036626850055122,0.8627288314732793,0.6663588103008595,0.12161396826954408,-0.0993963200627785,2.0982627619833892e-08
Combo_Oracle,overall,0.0,-552.4590735296409,0.15857458236846877,0.6573340690963412,0.8975122242514766,0.0674030677336701,-1.924386576016938e-16,3.3495781596947337e-38
LLM(Combined),overall,,,0.0,1.0,0.463903436534733,0.15415767114656775,-0.11446066666666664,
