range_category,regression_angle,scalar_variability,short_vs_medium_t,medium_vs_long_t,response_autocorr,stimulus_autocorr
short,42.19397257070884,0.16754203768862255,,,0.06530944184763585,0.24718809267831113
medium,38.660075296032595,0.11131945256570128,,,0.26059252919330866,0.217956842254054
long,34.68270763121626,0.05635829822094981,,,0.024729398427215988,0.21906490146470325
