range_category,regression_angle,scalar_variability,short_vs_medium_t,medium_vs_long_t,response_autocorr,stimulus_autocorr
short,37.4862751621039,0.26482523137083314,,,-0.021980982188315595,0.24718809267831113
medium,37.42433374288141,0.2224936512481503,,,0.39303468168228395,0.217956842254054
long,18.834699180555443,0.1302753428421044,,,0.08736392030113367,0.21906490146470325
