{
  "per_range": {
    "regression_effect": {
      "long": {
        "regression_angle": 31.34553432024945,
        "slope": 0.6090985704513362,
        "intercept": 0.15772410260050856,
        "r_squared": 0.7805297154169683,
        "p_value": 2.011268329137933e-17,
        "regression_strength": 0.3909014295486638,
        "regression_strength_angular": 0.30343257066112334
      },
      "medium": {
        "regression_angle": 33.94038577302267,
        "slope": 0.6729957418659431,
        "intercept": 0.12307527485314118,
        "r_squared": 0.8402963651507088,
        "p_value": 9.435404766468816e-21,
        "regression_strength": 0.32700425813405687,
        "regression_strength_angular": 0.24576920504394068
      },
      "short": {
        "regression_angle": 26.24490304421693,
        "slope": 0.4930348381511275,
        "intercept": 0.026117659898516277,
        "r_squared": 0.6968118816182359,
        "p_value": 4.9532282976405546e-14,
        "regression_strength": 0.5069651618488725,
        "regression_strength_angular": 0.4167799323507349
      }
    },
    "weber_law": {
      "long": {
        "mean_cv": 0.07248368157831798,
        "cv_magnitude_correlation": -0.44975115283713013,
        "bin_magnitudes": [
          0.5455462499999999,
          0.63481125,
          0.72407625,
          0.76870875,
          0.8133412499999999,
          0.85797375
        ],
        "coefficient_variations": [
          0.07084545810895941,
          0.09780759955449393,
          0.062005444317027036,
          0.07213122508063836,
          0.06536406457297464,
          0.06674829783581461
        ],
        "p_value": 0.3708602252101928
      },
      "medium": {
        "mean_cv": 0.07208697034152893,
        "cv_magnitude_correlation": -0.10389002628165284,
        "bin_magnitudes": [
          0.356935,
          0.468515,
          0.580095,
          0.635885,
          0.691675,
          0.747465
        ],
        "coefficient_variations": [
          0.1592254178391975,
          0.0,
          0.046897659372781404,
          0.03992978531249619,
          0.04721746185389357,
          0.13925149767080497
        ],
        "p_value": 0.8447256102499473
      },
      "short": {
        "mean_cv": 0.17161284453156037,
        "cv_magnitude_correlation": -0.0970847710141626,
        "bin_magnitudes": [
          0.14554625,
          0.23481125,
          0.32407625,
          0.36870875000000003,
          0.41334125,
          0.45797374999999996
        ],
        "coefficient_variations": [
          0.1477023229602977,
          0.15214515486254618,
          0.326707048711353,
          0.19185383529804248,
          0.045634040357138604,
          0.1656346649999844
        ],
        "p_value": 0.8548303774403501
      }
    },
    "sequential_effect": [
      {
        "range_category": "long",
        "n_runs": 5,
        "N_total": 50,
        "r_resp_mean": 0.1797722680218059,
        "r_stim_mean": 0.23521755130669839,
        "r_resp_weighted": 0.18529454330123496,
        "r_stim_weighted": 0.23521755130669839
      },
      {
        "range_category": "medium",
        "n_runs": 5,
        "N_total": 50,
        "r_resp_mean": 0.3203779415153529,
        "r_stim_mean": 0.23520721737985428,
        "r_resp_weighted": 0.334559637106278,
        "r_stim_weighted": 0.23520721737985426
      },
      {
        "range_category": "short",
        "n_runs": 5,
        "N_total": 50,
        "r_resp_mean": 0.3661200880372635,
        "r_stim_mean": 0.23521755130669836,
        "r_resp_weighted": 0.3717461659753206,
        "r_stim_weighted": 0.23521755130669833
      }
    ]
  },
  "overall": {
    "range_effect": {
      "range_analyses_by_category": {
        "short": {
          "slope": 0.4930348381511275,
          "regression_strength": 0.5069651618488725,
          "r_squared": 0.6968118816182359,
          "mean_stimulus_magnitude": 0.30805599999999994
        },
        "medium": {
          "slope": 0.6729957418659431,
          "regression_strength": 0.32700425813405687,
          "r_squared": 0.8402963651507088,
          "mean_stimulus_magnitude": 0.5600700000000001
        },
        "long": {
          "slope": 0.6090985704513362,
          "regression_strength": 0.3909014295486638,
          "r_squared": 0.7805297154169683,
          "mean_stimulus_magnitude": 0.7080560000000001
        }
      },
      "correlation_analysis": {
        "correlation_magnitude_regression": -0.743614827237596,
        "p_value": 0.4662193261406699,
        "interpretation": "Regression strength decreases with stimulus magnitude (r=-0.744)"
      },
      "pairwise_comparison_on_overlap": {
        "short_vs_medium": {
          "categories": [
            "medium",
            "short"
          ],
          "error": "Insufficient data in common bins for t-test.",
          "t_statistic": NaN,
          "p_value": NaN,
          "is_significant": false,
          "n_overlapping_bins": 0
        },
        "short_vs_long": {
          "error": "No overlapping data found or insufficient data after binning for short vs long."
        },
        "medium_vs_long": {
          "categories": [
            "long",
            "medium"
          ],
          "t_statistic": -1.0000000000000056,
          "p_value": 0.4999999999999978,
          "is_significant": false,
          "n_overlapping_bins": 2,
          "mean_long": 0.5899999999999999,
          "mean_medium": 0.61
        }
      }
    }
  }
}