model,scope,k,aic,rmse_to_llm,r2_to_llm,r2_to_truth,rmse_vs_truth,bias_vs_truth,aic_weight
EmpiricalLinear,overall,2.0,-718.1622684228728,0.09006644876440462,0.3594155928740811,-0.16224653226023333,0.22698967075005932,-0.14542507339396143,0.9767078081002929
Equal,overall,0.0,-710.1500453966958,0.09374594972053242,0.30600664697757296,-0.04088323134663385,0.21481171945546065,-0.12271968350168348,0.017780031890526377
Combo_NonOracle,overall,0.0,-707.8078064743552,0.09448073242337275,0.29508494313689904,-0.33056181352205427,0.24287034682335232,-0.1703440944250739,0.005512160009180511
Combo_Oracle,overall,0.0,-482.7597222693931,0.20004777334288149,-2.160222989180388,0.3591256849014631,0.1685556825405869,-8.289665250534503e-17,7.460213378024478e-52
LLM(Combined),overall,,,0.0,1.0,-0.48982845633488714,0.25699525092888387,-0.16092333333333333,
