{
  "empirical_linear": {
    "w_txt_norm": 0.41320811796344825,
    "w_img_norm": 0.5867918820365517
  },
  "combo_oracle": {
    "w_txt_norm": 0.2601913349711684,
    "w_img_norm": 0.7398086650288316
  },
  "combo_non_oracle": {
    "w_txt_norm": 0.31795457930766796,
    "w_img_norm": 0.682045420692332
  }
}