model,scope,k,aic,rmse_to_llm,r2_to_llm,r2_to_truth,rmse_vs_truth,bias_vs_truth,aic_weight
EmpiricalLinear,overall,3.0,-738.1638842666705,0.08369749075567536,0.6338131517772068,0.3954195298754394,0.1637133224717356,-0.10692333333333336,1.0
Equal,overall,0.0,-655.3014225340207,0.11255221010713207,0.337804963895583,0.7170449406358597,0.11199940029601349,-0.04292333333333334,1.0154184642388273e-18
Bayes(stimulus),overall,0.0,-654.4728435863759,0.1128635010972265,0.33413697003945086,0.608130286588201,0.1318037646588322,-0.059694945722861874,6.709983062344064e-19
Bayes(range),overall,0.0,-602.8354569847853,0.13406218449089527,0.06051370358857078,0.7449725748774576,0.10632867656719691,-0.0250826302448153,4.109655269181461e-30
LLM(Combined),overall,,,0.0,1.0,0.47050206542149076,0.15321070132337364,-0.10692333333333333,
