range_category,w_img_bayes,w_txt_bayes
short,0.7101429705389862,0.28985702946101377
medium,0.848176761790907,0.15182323820909305
long,0.5062496628296961,0.4937503371703039
