llm_model,response_systematic_sqdiff
GPT-5 Mini,0.003119199138230162
anthropic_claude-3.7-sonnet,0.1405712
gemma-3-4b-it,5.270666666666666
google_gemini-2.5-flash-lite,0.3108066731162495
meta-llama_llama-4-maverick,0.33958284268333294
microsoft_phi-4-multimodal-instruct,17.808638039999998
mistralai_mistral-small-3.2-24b-instruct,1.0644497890882987
openai_gpt-4o-2024-08-06,0.30104334133333327
qwen_qwen2.5-vl-32b-instruct,0.7129670876163212
