llm_model,nrmse,bayes_var,seq_var,score
GPT-5 Mini,0.07993279238694412,0.02623401098668382,0.014344123800303924,0.9447708918426104
anthropic_claude-3.7-sonnet,0.3530004218646167,0.03454485139969702,0.09668420597893819,0.787593641117094
gemma-3-4b-it,2.4826333680398167,0.07571209309849837,0.00997254191409795,0.29944074132996
google_gemini-2.5-flash-lite,0.5109426045708316,0.0736760408657478,0.02952213955908358,0.6959887735187082
meta-llama_llama-4-maverick,0.5815685746155563,0.07760541356735327,0.045920989841466274,0.6713355454489228
microsoft_phi-4-multimodal-instruct,1.5071736982146395,0.053547434705388426,0.004479458677056955,0.4104276649934481
mistralai_mistral-small-3.2-24b-instruct,0.8174582939590036,0.08741766121127664,0.02586886859604296,0.5813851511288075
openai_gpt-4o-2024-08-06,0.5634086070789497,0.08005599923180935,0.08538754493431039,0.6925392166709392
qwen_qwen2.5-vl-32b-instruct,0.7521009556626415,0.07309980496046878,0.04071724290525607,0.6032235303091548
