model,scope,k,aic,rmse_to_llm,r2_to_llm,r2_to_truth,rmse_vs_truth,bias_vs_truth,aic_weight
EmpiricalLinear,overall,3.0,-852.2631124525818,0.05721855519600895,0.9071202803467608,0.8878762881447253,0.07050052685437783,-0.008194000000000085,0.9084206413260756
Bayes(stimulus),overall,0.0,-846.7887144536976,0.05944944161997647,0.8997365415864041,0.7956026204072462,0.09518780035994939,-0.011938888078325155,0.058821564640646876
Bayes(range),overall,0.0,-845.3193986031581,0.05974132250153344,0.898749591079733,0.9167803745419388,0.060737443435735075,0.0016616464982464319,0.028214911308212322
Equal,overall,0.0,-841.6668209312166,0.06047313453096341,0.8962538279510023,0.8516232456389901,0.08110106600203643,0.002739333333333335,0.004542882725065168
LLM(Combined),overall,,,0.0,1.0,0.8451488433280605,0.08285159165640694,-0.008193999999999996,
