range_category,w_img_bayes,w_txt_bayes
short,0.2495594653787898,0.7504405346212102
medium,0.33942907480254225,0.6605709251974577
long,0.2772143408852897,0.7227856591147104
