range_category,regression_angle,scalar_variability,short_vs_medium_t,medium_vs_long_t,response_autocorr,stimulus_autocorr
short,39.27455260949107,0.41579011017531786,,,0.18628066923242836,0.23521755130669833
medium,44.620232625952305,0.09872716610551352,,-0.8333333333333329,0.2955525822508155,0.23520721737985426
long,41.54201318195668,0.06673459131133282,,,0.11717884701003252,0.23521755130669839
