range_category,regression_angle,scalar_variability,short_vs_medium_t,medium_vs_long_t,response_autocorr,stimulus_autocorr
short,44.17353431583899,0.11069431719346527,,,0.4329725595675424,0.24718809267831113
medium,42.208151415349555,0.1544978341309897,,,0.266493599535052,0.217956842254054
long,37.78067630425193,0.08645347250005118,,,0.5656480949304646,0.21906490146470325
