model,scope,k,aic,rmse_to_llm,r2_to_llm,r2_to_truth,rmse_vs_truth,bias_vs_truth,aic_weight
EmpiricalLinear,overall,3.0,-247.62312083707306,0.4293811028415167,0.956787648959091,0.9549497634401467,0.4308051788773828,-0.00329000000000069,0.992455673506676
Equal,overall,0.0,-237.29553619147313,0.45339792355428066,0.9518184136363048,0.9476198696563441,0.46453203056050585,0.10398500000000004,0.005676813247490911
Bayes(range),overall,0.0,-235.07197159681223,0.4567709402137044,0.9510988611106111,0.9557602869556673,0.4269121629223132,0.08736721205067349,0.0018675132442720179
Bayes(stimulus),overall,0.0,-193.26693522083454,0.5250703016741634,0.935381488278876,0.9303630462270475,0.5356144191398932,0.051612986255676535,1.5610448597316215e-12
LLM(Combined),overall,,,0.0,1.0,0.9300295032533002,0.5368956140008347,-0.0032899999999999826,
