range_category,w_img_bayes,w_txt_bayes
short,0.4120941587721619,0.5879058412278382
medium,0.7489184798054925,0.25108152019450747
long,0.6093962335826671,0.39060376641733285
