model,scope,k,aic,rmse_to_llm,r2_to_llm,r2_to_truth,rmse_vs_truth,bias_vs_truth,aic_weight
EmpiricalLinear,overall,3.0,-724.7358345809316,0.087528912175408,0.8365339502329858,0.7474302557769037,0.10581184605403861,-0.06706733333333374,0.935581167055537
Equal,overall,0.0,-719.3843108252249,0.09090432466923122,0.8236832405248518,0.8313261694140519,0.08647040301874899,-0.049960445040466775,0.06441883294445713
Bayes(range),overall,0.0,-659.1471526279536,0.11111860046008558,0.7365501040175255,0.8900588482382319,0.06981098574685586,-0.03906142556332141,5.3540219491929754e-15
Bayes(stimulus),overall,0.0,-653.7968543962525,0.11311810285858942,0.7269836027118672,0.6370203042818545,0.1268483420756558,-0.06805681033584378,3.688736626630846e-16
LLM(Combined),overall,,,0.0,1.0,0.5904625693538941,0.13473810339568634,-0.06706733333333333,
