range_category,w_img_bayes,w_txt_bayes
short,0.1572594993807926,0.8427405006192075
medium,0.28433421004724363,0.7156657899527563
long,0.18387575908717535,0.8161242409128246
