{
  "empirical_linear": {
    "a_txt": 0.4000085060983359,
    "a_img": 0.6223914080193985,
    "intercept": -0.023618705278360942,
    "w_txt_norm": 0.39124465933031455,
    "w_img_norm": 0.6087553406696854
  }
}