model,scope,k,aic,rmse_to_llm,r2_to_llm,r2_to_truth,rmse_vs_truth,bias_vs_truth,aic_weight
EmpiricalLinear,overall,3.0,-683.4515156136023,0.10044231275115469,0.3032115031882108,0.01267219310113299,0.20920608554807987,-0.059460666666666516,0.9174767246664203
Bayes(range),overall,0.0,-678.634408681572,0.10413004839848772,0.25110711468600866,-0.05075580999293949,0.21582141182753195,-0.07513656372717856,0.0825227279233996
Equal,overall,0.0,-654.7875487330488,0.11274516742620484,0.122062831180351,-0.10527947657124748,0.22135007941508417,-0.051863999988888874,5.473860592553728e-07
Bayes(stimulus),overall,0.0,-634.7278740676455,0.12054169367934017,-0.003557226796296664,-0.23557159409112316,0.23403326247558848,-0.06571606848629735,2.4120745404058607e-11
LLM(Combined),overall,,,0.0,1.0,-0.39391185035399023,0.248577195736053,-0.05946066666666665,
