range_category,w_img_bayes,w_txt_bayes
short,0.27479615058404816,0.7252038494159518
medium,0.20444343640405002,0.79555656359595
long,0.18049410075319705,0.819505899246803
