model,scope,k,aic,rmse_to_llm,r2_to_llm,r2_to_truth,rmse_vs_truth,bias_vs_truth,aic_weight
EmpiricalLinear,overall,2.0,128.79919870488663,1.5158818199691824,0.652675793761561,0.7317242269427399,1.0512913839113425,0.17609862060234213,0.9989241184945825
Combo_Oracle,overall,0.0,142.4662756802907,1.6078334436956827,0.6092612536163976,0.8108975918773964,0.882634516937974,-4.500103993147302e-16,0.0010758815054175235
Combo_NonOracle,overall,0.0,246.7028492160936,2.2758254703941887,0.21714330478277288,0.4830467487533491,1.4593451298062545,-1.1415709139202657,2.4950548216326108e-26
Equal,overall,0.0,251.3607229801835,2.3114362315744588,0.19245227877379356,0.45694505942265595,1.4957336428475418,-1.181182373709587,2.430164407592862e-27
LLM(Combined),overall,,,0.0,1.0,0.48397058474539334,1.4580405646216097,0.49411650485000685,
