{
  "per_range": {
    "regression_effect": {
      "long": {
        "regression_angle": 37.60577590064315,
        "slope": 0.7702642787335179,
        "intercept": 0.03160975585706027,
        "r_squared": 0.646307270181106,
        "p_value": 2.071239224150137e-12,
        "regression_strength": 0.22973572126648212,
        "regression_strength_angular": 0.16431609109681883
      },
      "medium": {
        "regression_angle": NaN,
        "slope": NaN,
        "intercept": NaN,
        "r_squared": NaN,
        "p_value": NaN,
        "regression_strength": NaN,
        "regression_strength_angular": NaN
      },
      "short": {
        "regression_angle": 28.500946059556725,
        "slope": 0.5429770793936359,
        "intercept": 0.08179265283031409,
        "r_squared": 0.5041882655916966,
        "p_value": 7.712438300197915e-09,
        "regression_strength": 0.45702292060636407,
        "regression_strength_angular": 0.36664564312096165
      }
    },
    "weber_law": {
      "long": {
        "mean_cv": 0.06034548917298427,
        "cv_magnitude_correlation": -0.5247209183051047,
        "bin_magnitudes": [
          0.5455462499999999,
          0.63481125,
          0.72407625,
          0.76870875,
          0.8133412499999999,
          0.85797375
        ],
        "coefficient_variations": [
          0.09905582787484113,
          0.05633985170409803,
          0.06772543126939427,
          0.02726101431179634,
          0.035423992465161466,
          0.07626681741261437
        ],
        "p_value": 0.2851548635289328
      },
      "medium": {
        "mean_cv": 0.09658623815763,
        "cv_magnitude_correlation": -0.7912333595182349,
        "bin_magnitudes": [
          0.356935,
          0.468515,
          0.580095,
          0.635885,
          0.691675,
          0.747465
        ],
        "coefficient_variations": [
          0.19641003782300598,
          0.07288346863315438,
          0.11083747010163522,
          0.07048043804474628,
          0.09313826902323746,
          0.03576774532000056
        ],
        "p_value": 0.0608258737669275
      },
      "short": {
        "mean_cv": 0.17253972885510818,
        "cv_magnitude_correlation": -0.45936052481662204,
        "bin_magnitudes": [
          0.14554625,
          0.23481125,
          0.32407625,
          0.36870875000000003,
          0.41334125,
          0.45797374999999996
        ],
        "coefficient_variations": [
          0.26871105988535926,
          0.2021356888945735,
          0.13093546968725556,
          0.044888796263745624,
          0.2690772020154896,
          0.11949015638422544
        ],
        "p_value": 0.3594245253817851
      }
    },
    "sequential_effect": [
      {
        "range_category": "long",
        "n_runs": 5,
        "N_total": 50,
        "r_resp_mean": 0.555917158360061,
        "r_stim_mean": 0.23521755130669839,
        "r_resp_weighted": 0.5610154363292087,
        "r_stim_weighted": 0.23521755130669839
      },
      {
        "range_category": "medium",
        "n_runs": 5,
        "N_total": 49,
        "r_resp_mean": 0.42686592744879215,
        "r_stim_mean": 0.2317919919357366,
        "r_resp_weighted": 0.42920730710455185,
        "r_stim_weighted": 0.23220398294154587
      },
      {
        "range_category": "short",
        "n_runs": 5,
        "N_total": 50,
        "r_resp_mean": 0.26211903797827774,
        "r_stim_mean": 0.23521755130669836,
        "r_resp_weighted": 0.26521535592851053,
        "r_stim_weighted": 0.23521755130669833
      }
    ]
  },
  "overall": {
    "range_effect": {
      "range_analyses_by_category": {
        "short": {
          "slope": 0.5429770793936359,
          "regression_strength": 0.45702292060636407,
          "r_squared": 0.5041882655916966,
          "mean_stimulus_magnitude": 0.30805599999999994
        },
        "medium": {
          "slope": NaN,
          "regression_strength": NaN,
          "r_squared": NaN,
          "mean_stimulus_magnitude": 0.5600700000000001
        },
        "long": {
          "slope": 0.7702642787335179,
          "regression_strength": 0.22973572126648212,
          "r_squared": 0.646307270181106,
          "mean_stimulus_magnitude": 0.7080560000000001
        }
      },
      "correlation_analysis": {
        "correlation_magnitude_regression": NaN,
        "p_value": NaN,
        "interpretation": "Regression strength decreases with stimulus magnitude (r=nan)"
      },
      "pairwise_comparison_on_overlap": {
        "short_vs_medium": {
          "categories": [
            "medium",
            "short"
          ],
          "error": "Insufficient data in common bins for t-test.",
          "t_statistic": NaN,
          "p_value": NaN,
          "is_significant": false,
          "n_overlapping_bins": 0
        },
        "short_vs_long": {
          "error": "No overlapping data found or insufficient data after binning for short vs long."
        },
        "medium_vs_long": {
          "categories": [
            "long",
            "medium"
          ],
          "t_statistic": -0.141940657578188,
          "p_value": 0.9102373862149208,
          "is_significant": false,
          "n_overlapping_bins": 2,
          "mean_long": 0.6359999999999999,
          "mean_medium": 0.6537
        }
      }
    }
  }
}