model,scope,k,aic,rmse_to_llm,r2_to_llm,r2_to_truth,rmse_vs_truth,bias_vs_truth,aic_weight
EmpiricalLinear,overall,2.0,-701.9302105972982,0.09061611922589659,0.7813006318881122,0.44114089152597435,0.15716797034133762,0.108127189391071,0.9985795317828808
Combo_NonOracle,overall,0.0,-688.8195160906705,0.09604643330666628,0.7543034296455994,0.5207221299522004,0.14554810862396478,0.08586094409910552,0.0014204682171193215
Combo_Oracle,overall,0.0,-594.4888503729657,0.13238103053291908,0.5332459171557609,0.7053636249369215,0.11411850124821156,6.042030065987246e-18,4.664313396834488e-24
Equal,overall,0.0,-587.8932870438096,0.13538441469371604,0.5118267772472629,0.5361149293263873,0.14319177605457384,0.03778013339645993,1.7241670599471544e-25
LLM(Combined),overall,,,0.0,1.0,0.4797495901716913,0.15164185675824612,0.09760340136054421,
