model,scope,k,aic,rmse_to_llm,r2_to_llm,r2_to_truth,rmse_vs_truth,bias_vs_truth,aic_weight
Combo_NonOracle,overall,0.0,-756.0156885467247,0.06334360368524136,0.8348678854130571,0.5237877490775602,0.14840116321589822,-0.10733372972107622,0.8508151787072942
EmpiricalLinear,overall,2.0,-752.5336705955119,0.06322396917576642,0.8354910531102301,0.5152112819662127,0.14973153450284812,-0.10926379510912605,0.14918482120928972
Equal,overall,0.0,-709.9244478402593,0.07494767030849947,0.768824245789084,0.5722788234610298,0.14064276618803362,-0.08930065693430657,8.341602251439599e-11
Combo_Oracle,overall,0.0,-544.5197994559811,0.13706520216131496,0.22682032356940462,0.8754220606030071,0.07590276465134405,-2.0016429714044792e-16,1.0094537844115546e-46
LLM(Combined),overall,,,0.0,1.0,0.5180787677222343,0.1492880528291472,-0.11061452554744526,
