model,scope,k,aic,rmse_to_llm,r2_to_llm,r2_to_truth,rmse_vs_truth,bias_vs_truth,aic_weight
EmpiricalLinear,overall,3.0,289.47014145775626,2.5725573231409142,0.37473106224234487,-1.251020376333721,3.0452439616247218,2.2471099999999966,0.9999977792519702
Equal,overall,0.0,315.5054699531504,2.862470032539642,0.22586156496437038,-0.2592570286814826,2.2776635376384067,0.9981691666666666,2.220748029860369e-06
Bayes(stimulus),overall,0.0,414.0116621551435,3.9750561502295834,-0.4928743912903779,-3.245420695112907,4.182083925081236,0.9378452651178296,9.039646181189449e-28
Bayes(range),overall,0.0,440.8053818706015,4.346414589354147,-0.7848389398169779,0.6804967139697675,1.1472816361579354,-0.8485608625326077,1.3739442824484947e-33
LLM(Combined),overall,,,0.0,1.0,-2.7219401223011497,3.915769042431725,2.24711,
