range_category,w_img_bayes,w_txt_bayes
short,0.005611950380941843,0.9943880496190581
medium,0.09625492296128069,0.9037450770387193
long,0.11731688045852737,0.8826831195414726
