model,scope,k,aic,rmse_to_llm,r2_to_llm,r2_to_truth,rmse_vs_truth,bias_vs_truth,aic_weight
Combo_NonOracle,overall,0.0,-625.59885966155,0.12253911026847694,0.7698526857200911,0.8540097448295048,0.08061452182631575,-0.0248752286736419,0.8666584651044522
EmpiricalLinear,overall,2.0,-621.7625806663519,0.1224718058517515,0.7701054324032417,0.8539054414229748,0.08064331439167989,-0.024572829281480326,0.12729477683453982
Equal,overall,0.0,-615.6673947976716,0.12669179295709948,0.7539896206875579,0.826493766435761,0.08788381265156,-0.022158120805369122,0.006043072290647976
Combo_Oracle,overall,0.0,-600.8630182731341,0.13314468920891218,0.7282909134797343,0.8620553869243257,0.07836167690215597,-7.15311478953121e-17,3.6857703600731163e-06
LLM(Combined),overall,,,0.0,1.0,0.6507946653934178,0.12467856159262253,-0.01617489932885905,
