model,scope,k,aic,rmse_to_llm,r2_to_llm,r2_to_truth,rmse_vs_truth,bias_vs_truth,aic_weight
Equal,overall,0.0,-837.0976169368871,0.06140123132222355,0.91096875736807,0.9480012602791571,0.04801092110530896,-0.023828753150351063,0.8633663123074085
EmpiricalLinear,overall,2.0,-833.4105431700496,0.0613372178603991,0.9111542985077984,0.9422340046696287,0.05060340721114949,-0.024665815370377594,0.1366335031165873
Combo_NonOracle,overall,0.0,-806.3810403433021,0.06802113581769247,0.8907362672527649,0.9850882056971328,0.025710385076805765,-0.01588487960209102,1.8457600429492402e-07
Combo_Oracle,overall,0.0,-760.1461648844358,0.07935525967604738,0.8512901593136126,0.995144791592446,0.014670589576036239,1.136128228533077e-16,1.6842230180462966e-17
LLM(Combined),overall,,,0.0,1.0,0.855148689236669,0.08013178995047263,-0.03252259999999999,
