model,scope,k,aic,rmse_to_llm,r2_to_llm,r2_to_truth,rmse_vs_truth,bias_vs_truth,aic_weight
Combo_Oracle,overall,0.0,-644.2271090265373,0.087138697908854,0.726319897094721,0.714297647112716,0.11428980073435496,-1.4130111222501992e-16,0.9999999356988031
EmpiricalLinear,overall,2.0,-611.1065988723409,0.09730068612159666,0.6587655280189002,0.6973944120325757,0.11762212974773983,-0.026607027620599903,6.426471312071161e-08
Combo_NonOracle,overall,0.0,-596.1585337653407,0.10454096609926553,0.6060926261508142,0.6860590211446651,0.11980489725615107,-0.044387046103772226,3.647887846966147e-11
Equal,overall,0.0,-578.3365671056381,0.11184192206101892,0.5491518038882766,0.6606346282959226,0.12456164349551202,-0.052256060606060604,4.920968546426984e-15
LLM(Combined),overall,,,0.0,1.0,0.654617853696094,0.12566099928945432,-0.0067825757575757555,
