range_category,regression_angle,scalar_variability,short_vs_medium_t,medium_vs_long_t,response_autocorr,stimulus_autocorr
short,26.849990048964813,0.1802546511001554,,,0.23114613867700495,0.23502816576403177
medium,12.892688558819286,0.1512116911442746,,-22.499999999999673,-0.048112499111409475,0.23525030686203605
long,5.309074500175477,0.1223491600678745,,,-0.9294747017906018,0.23502816576403165
