range_category,regression_angle,scalar_variability,short_vs_medium_t,medium_vs_long_t,response_autocorr,stimulus_autocorr
short,33.139409065314524,0.14230187086754922,,,0.2993895122943363,0.31415197621408547
medium,38.71678733489504,0.12778904290148146,,,0.11290224750171225,0.3326370716374955
long,31.899915288275903,0.06670189589198862,,,0.5302630089739323,0.2597594351180435
