{
  "per_range": {
    "regression_effect": {
      "long": {
        "regression_angle": NaN,
        "slope": NaN,
        "intercept": NaN,
        "r_squared": NaN,
        "p_value": NaN,
        "regression_strength": NaN,
        "regression_strength_angular": NaN
      },
      "medium": {
        "regression_angle": NaN,
        "slope": NaN,
        "intercept": NaN,
        "r_squared": NaN,
        "p_value": NaN,
        "regression_strength": NaN,
        "regression_strength_angular": NaN
      },
      "short": {
        "regression_angle": NaN,
        "slope": NaN,
        "intercept": NaN,
        "r_squared": NaN,
        "p_value": NaN,
        "regression_strength": NaN,
        "regression_strength_angular": NaN
      }
    },
    "weber_law": {
      "long": {
        "mean_cv": 0.060907281472762816,
        "cv_magnitude_correlation": -0.7330381829278975,
        "bin_magnitudes": [
          0.5455462499999999,
          0.63481125,
          0.72407625,
          0.76870875,
          0.8133412499999999,
          0.85797375
        ],
        "coefficient_variations": [
          0.18299159391790623,
          0.016260162601626032,
          0.09428090415820638,
          0.03270736357318448,
          0.02337353286585139,
          0.015830131719802416
        ],
        "p_value": 0.09738991861190298
      },
      "medium": {
        "mean_cv": 0.055285508743118605,
        "cv_magnitude_correlation": -0.24637392967330943,
        "bin_magnitudes": [
          0.356935,
          0.468515,
          0.580095,
          0.635885,
          0.691675,
          0.747465
        ],
        "coefficient_variations": [
          0.09229517073538722,
          0.012416134821282216,
          0.06506954668791895,
          0.06085250489237072,
          0.053862233467858935,
          0.04721746185389361
        ],
        "p_value": 0.6379165682031778
      },
      "short": {
        "mean_cv": 0.10486908473470595,
        "cv_magnitude_correlation": -0.21185502219448155,
        "bin_magnitudes": [
          0.14554625,
          0.23481125,
          0.32407625,
          0.36870875000000003,
          0.41334125,
          0.45797374999999996
        ],
        "coefficient_variations": [
          0.10519750333802724,
          0.1358471221622649,
          0.08265564664839908,
          0.07995949744600966,
          0.1275624919367461,
          0.09799224687678865
        ],
        "p_value": 0.6869717635669207
      }
    },
    "sequential_effect": [
      {
        "range_category": "long",
        "n_runs": 5,
        "N_total": 49,
        "r_resp_mean": 0.374036410142005,
        "r_stim_mean": 0.25738531315421204,
        "r_resp_weighted": 0.3738800210321816,
        "r_stim_weighted": 0.2553266768589526
      },
      {
        "range_category": "medium",
        "n_runs": 5,
        "N_total": 49,
        "r_resp_mean": 0.35063208048770933,
        "r_stim_mean": 0.2573754106579895,
        "r_resp_weighted": 0.3505698283853404,
        "r_stim_weighted": 0.25531672302746317
      },
      {
        "range_category": "short",
        "n_runs": 5,
        "N_total": 49,
        "r_resp_mean": 0.3871746519095868,
        "r_stim_mean": 0.25738531315421204,
        "r_resp_weighted": 0.39795943314479726,
        "r_stim_weighted": 0.25532667685895255
      }
    ]
  },
  "overall": {
    "range_effect": {
      "range_analyses_by_category": {
        "short": {
          "slope": NaN,
          "regression_strength": NaN,
          "r_squared": NaN,
          "mean_stimulus_magnitude": 0.30805599999999994
        },
        "medium": {
          "slope": NaN,
          "regression_strength": NaN,
          "r_squared": NaN,
          "mean_stimulus_magnitude": 0.5600700000000001
        },
        "long": {
          "slope": NaN,
          "regression_strength": NaN,
          "r_squared": NaN,
          "mean_stimulus_magnitude": 0.7080560000000001
        }
      },
      "correlation_analysis": {
        "correlation_magnitude_regression": NaN,
        "p_value": NaN,
        "interpretation": "Regression strength decreases with stimulus magnitude (r=nan)"
      },
      "pairwise_comparison_on_overlap": {
        "short_vs_medium": {
          "categories": [
            "medium",
            "short"
          ],
          "error": "Insufficient data in common bins for t-test.",
          "t_statistic": NaN,
          "p_value": NaN,
          "is_significant": false,
          "n_overlapping_bins": 0
        },
        "short_vs_long": {
          "error": "No overlapping data found or insufficient data after binning for short vs long."
        },
        "medium_vs_long": {
          "categories": [
            "long",
            "medium"
          ],
          "t_statistic": 1.780487804878047,
          "p_value": 0.3257830653064529,
          "is_significant": false,
          "n_overlapping_bins": 2,
          "mean_long": 0.6054999999999999,
          "mean_medium": 0.496
        }
      }
    }
  }
}