range_category,regression_angle,scalar_variability,short_vs_medium_t,medium_vs_long_t,response_autocorr,stimulus_autocorr
short,49.70371406122806,0.05213915221717658,,,0.27727055712641224,0.24718809267831102
medium,39.22358328833699,0.09251472731516028,,,0.046246455325058125,0.217956842254054
long,32.71444958132563,0.06565652237658039,,,0.12196223030758413,0.21906490146470328
