range_category,w_img_bayes,w_txt_bayes
short,0.6924211635500936,0.30757883644990636
medium,0.34815542220147316,0.6518445777985269
long,0.18771081958230168,0.8122891804176984
