{
  "empirical_linear": {
    "a_txt": 0.890578201860768,
    "a_img": 0.10325068245755141,
    "intercept": -0.011041649690948245,
    "w_txt_norm": 0.8961081891593717,
    "w_img_norm": 0.10389181084062821
  }
}