model,scope,k,aic,rmse_to_llm,r2_to_llm,r2_to_truth,rmse_vs_truth,bias_vs_truth,aic_weight
EmpiricalLinear,overall,3.0,-780.6840001653958,0.07263706133872809,0.4929345048574274,0.4175888843040739,0.16067875454971442,0.013739333333333069,0.9999999999999998
Bayes(range),overall,0.0,-707.5593695334497,0.09455900650965839,0.14068314870953424,0.5828180950267199,0.13598980800662167,-0.009538077827216546,1.3218683756769177e-16
Equal,overall,0.0,-702.5680073973042,0.09614542807065185,0.1116076667075292,0.5895244038375478,0.13489234367120734,-0.012006999999999988,1.0897520538718698e-17
Bayes(stimulus),overall,0.0,-689.0985563008617,0.10056055579476159,0.0281419032129272,0.5985706538022123,0.13339765286759195,-0.005719391540102879,1.2956077986270218e-20
LLM(Combined),overall,,,0.0,1.0,0.3078895382363671,0.17515854791207497,0.013739333333333346,
