range_category,w_img_bayes,w_txt_bayes
short,0.43395310189879527,0.5660468981012048
medium,0.49884701956184785,0.5011529804381522
long,0.47662441113177656,0.5233755888682234
