model,scope,k,aic,rmse_to_llm,r2_to_llm,r2_to_truth,rmse_vs_truth,bias_vs_truth,aic_weight
EmpiricalLinear,overall,3.0,249.42920787382235,2.25112635440026,0.37063870647026176,-6.359432172394579,5.5062323174954875,4.319643333333334,1.0
Equal,overall,0.0,367.17042749211635,3.400428404382797,-0.43604336762869855,-1.295056855661553,3.0748865865806065,2.171376666666667,2.709062431236862e-26
Bayes(stimulus),overall,0.0,443.51142742881757,4.385797260813944,-1.3888968014972902,-0.16487332893945061,2.190643606718703,1.3986487981259226,7.171029446667028e-43
Bayes(range),overall,0.0,457.79334894771637,4.59963903528428,-1.627530627379012,0.27836430591885075,1.7242148484969206,1.1469373166669345,5.6793894785151255e-46
LLM(Combined),overall,,,0.0,1.0,-7.736338085409086,5.999251845049792,4.3196433333333335,
