range_category,w_img_bayes,w_txt_bayes
short,0.1495528441559868,0.8504471558440132
medium,0.10889802690744031,0.8911019730925597
long,0.29198411244034517,0.7080158875596548
