model,scope,k,aic,rmse_to_llm,r2_to_llm,r2_to_truth,rmse_vs_truth,bias_vs_truth,aic_weight
EmpiricalLinear,overall,3.0,137.38188369120115,1.5495113331745176,0.5407236676090352,0.6035438823098471,1.2779973093656702,-0.5941367456907033,0.9999998771882386
Equal,overall,0.0,169.20710954245436,1.757730869416748,0.40899750881100705,0.23537781386101175,1.7748261757345967,-1.3409975870175912,1.2281176146243058e-07
Bayes(stimulus),overall,0.0,235.35550638694625,2.1913512323247644,0.08143787033048466,-0.17421808338500377,2.19941285856245,-1.642143922459445,5.312489592472891e-22
Bayes(range),overall,0.0,239.9729429625862,2.2253402157296396,0.052722145221769434,-0.19685458330511696,2.220511727404983,-1.8504379302071265,5.2800067723466807e-23
LLM(Combined),overall,,,0.0,1.0,0.48004580770943683,1.4635747882837213,-0.5941367456907021,
