range_category,w_img_bayes,w_txt_bayes
short,0.15775439952365528,0.8422456004763448
medium,0.5676746048489368,0.43232539515106316
long,0.2901781631167962,0.7098218368832039
