range_category,regression_angle,scalar_variability,short_vs_medium_t,medium_vs_long_t,response_autocorr,stimulus_autocorr
short,24.530735818302464,0.11222387511380172,,,0.021220432670910644,0.23502816576403177
medium,19.79098130682389,0.10355378125322112,,1.998520323787973,-0.2855140421858143,0.23525030686203605
long,40.0297049312764,0.08132560881351031,,,0.27967174825566643,0.23502816576403165
