{
    "Basic Single-Stage": {
        "model_name": "bayes_basic_single",
        "params": {
            "w_p": 0.0,
            "delta": -0.04946666892876168
        },
        "steady_state_weight": null,
        "mode": "single",
        "model_type": "basic",
        "r_squared": 0.9438531961310432,
        "aic": -171.54709000128707,
        "bic": -168.74469523796276,
        "n_params": 2,
        "mse": 0.0028743822222222276,
        "rmse": 0.053613265356833355,
        "predictions": [
            0.20053333107123833,
            0.4305333310712383,
            0.34053333107123834,
            0.29053333107123835,
            0.11053333107123833,
            0.11053333107123833,
            0.07053333107123833,
            0.40053333107123834,
            0.29053333107123835,
            0.33053333107123833,
            0.4405333310712384,
            0.7305333310712383,
            0.6205333310712383,
            0.5505333310712383,
            0.33053333107123833,
            0.33053333107123833,
            0.28053333107123835,
            0.6805333310712383,
            0.5505333310712383,
            0.6005333310712383,
            0.6005333310712383,
            0.8305333310712384,
            0.7405333310712383,
            0.6905333310712383,
            0.5105333310712383,
            0.5105333310712383,
            0.47053333107123835,
            0.8005333310712383,
            0.6905333310712383,
            0.7305333310712383
        ],
        "converged": true,
        "confidence_intervals": {
            "w_p": [
                -10.570533337284301,
                10.570533337284301
            ],
            "delta": [
                -1.431858633464183,
                1.3329252956066595
            ]
        }
    },
    "Basic Two-Stage": {
        "model_name": "bayes_basic_sequential",
        "params": {
            "r_div_q": 0.01,
            "delta": -0.049465271750580346
        },
        "steady_state_weight": 0.9999000099990001,
        "mode": "sequential",
        "model_type": "basic",
        "r_squared": 0.9438472464491314,
        "aic": -171.5439122793169,
        "bic": -168.7415175159926,
        "n_params": 2,
        "mse": 0.002874686810528895,
        "rmse": 0.05361610588740005,
        "predictions": [
            0.20053472824941965,
            0.43051173284844896,
            0.3405437241507892,
            0.29053972814907986,
            0.11055272515020939,
            0.11053473004874989,
            0.0705387274497995,
            0.40050173524761024,
            0.29054572275132906,
            0.3305307301484501,
            0.4405347282494197,
            0.7305057340481957,
            0.6205457231511291,
            0.5505417279490399,
            0.33055672455034935,
            0.3305347304486099,
            0.28053972724988946,
            0.6804947367472203,
            0.5505477216517188,
            0.6005297305482502,
            0.6005347282494197,
            0.830511732848449,
            0.7405437241507893,
            0.6905397281490798,
            0.5105527251502094,
            0.5105347300487499,
            0.4705387274497995,
            0.8005017352476103,
            0.690545722751329,
            0.73053073014845
        ],
        "converged": true,
        "confidence_intervals": {
            "r_div_q": [
                -2251.2499255312687,
                2251.269925531269
            ],
            "delta": [
                -1.5719558806678524,
                1.4730253371666917
            ]
        }
    },
    "Weber Single-Stage": {
        "model_name": "bayes_weber_single",
        "params": {
            "w_p": 0.0,
            "delta": -0.0781401827014863
        },
        "steady_state_weight": null,
        "mode": "single",
        "model_type": "weber",
        "r_squared": 0.931385494827127,
        "aic": -165.53295988336595,
        "bic": -162.73056512004163,
        "n_params": 2,
        "mse": 0.0035126543323069797,
        "rmse": 0.059267649964436585,
        "predictions": [
            0.2312086177396088,
            0.44392061521205906,
            0.36068548576631765,
            0.31444374718535023,
            0.14797348829386744,
            0.14797348829386744,
            0.11098009742909347,
            0.4161755720634786,
            0.31444374718535023,
            0.35143713805012416,
            0.4531689629282526,
            0.7213710466978637,
            0.6196392218197353,
            0.5549007878063809,
            0.35143713805012416,
            0.35143713805012416,
            0.30519539946915675,
            0.6751293081168962,
            0.5549007878063809,
            0.6011425263873483,
            0.6011425263873483,
            0.8138545238597986,
            0.7306193944140572,
            0.6843776558330897,
            0.517907396941607,
            0.517907396941607,
            0.48091400607683304,
            0.7861094807112181,
            0.6843776558330897,
            0.7213710466978637
        ],
        "converged": true,
        "confidence_intervals": {
            "w_p": [
                -11.263254902039584,
                11.263254902039584
            ],
            "delta": [
                -2.994901750180924,
                2.8386213847779516
            ]
        }
    },
    "Weber Two-Stage": {
        "model_name": "bayes_weber_sequential",
        "params": {
            "r_div_q": 0.01,
            "delta": -0.07812897817203833
        },
        "steady_state_weight": 0.9999000099990001,
        "mode": "sequential",
        "model_type": "weber",
        "r_squared": 0.9313773733471563,
        "aic": -165.52941018718533,
        "bic": -162.72701542386102,
        "n_params": 2,
        "mse": 0.003513070103749648,
        "rmse": 0.0592711574355491,
        "predictions": [
            0.23121120834909267,
            0.4438966375428966,
            0.3606970126774158,
            0.3144515844836056,
            0.14798629865632454,
            0.14797514740263945,
            0.11098453307449903,
            0.4161252422381941,
            0.3144560786412574,
            0.3514371686327706,
            0.45317404051289306,
            0.7213456007825341,
            0.6196555795724416,
            0.5549131281993829,
            0.3514571256938629,
            0.3514410773757859,
            0.3052031239440306,
            0.675083283887326,
            0.5549178813365541,
            0.6011444523530118,
            0.6011492619554266,
            0.813838992122979,
            0.7306354596378983,
            0.6843897985754097,
            0.5179276324877604,
            0.5179132013369522,
            0.48092295783099615,
            0.7860796675781048,
            0.6843948034598392,
            0.7213753335364534
        ],
        "converged": true,
        "confidence_intervals": {
            "r_div_q": [
                -21.377463486359975,
                21.397463486359978
            ],
            "delta": [
                -2.7263173799944824,
                2.5700594236504055
            ]
        }
    },
    "Linear Regression": {
        "model_name": "linear",
        "params": {
            "slope": 1.042856607871775,
            "intercept": -0.07196638579934815
        },
        "steady_state_weight": null,
        "mode": "linear",
        "model_type": "linear",
        "log_likelihood": null,
        "r_squared": 0.9454499019693497,
        "aic": -172.41229207989105,
        "bic": -169.60989731656673,
        "n_params": 2,
        "mse": 0.0027926403854747904,
        "rmse": 0.052845438643981286,