model,scope,k,aic,rmse_to_llm,r2_to_llm,r2_to_truth,rmse_vs_truth,bias_vs_truth,aic_weight
Combo_NonOracle,overall,0.0,-226.38768247753947,0.4701866157666751,0.9373502299793399,0.5866866258673312,1.304884603470488,-0.857640483724759,0.7659957403827049
EmpiricalLinear,overall,2.0,-223.89469298316024,0.46783061767888573,0.9379765044481266,0.6014474287851901,1.2813718686232796,-0.842587033373484,0.22023207168838596
Equal,overall,0.0,-218.35063164201947,0.482953241352963,0.9339018770466423,0.6342395476749592,1.2275261437813316,-0.8041899999999998,0.013772187928909054
Combo_Oracle,overall,0.0,15.592238271183353,1.0533484894759246,0.6855706268823833,0.8074269924125219,0.8906971940966351,2.486899575160351e-16,2.182499728227019e-53
LLM(Combined),overall,,,0.0,1.0,0.5684785711351714,1.3333174441969924,-0.8676233333333333,
