model,scope,k,aic,rmse_to_llm,r2_to_llm,r2_to_truth,rmse_vs_truth,bias_vs_truth,aic_weight
Equal,overall,0.0,314.7143730596355,2.854931672361734,0.3183731370995019,-0.5538147724217917,2.5300668747461006,1.3975025,0.8463745222665942
EmpiricalLinear,overall,3.0,318.1272616231163,2.8304174381111564,0.3300286323010849,-0.5125683688103677,2.4962603848476412,1.3115766666666646,0.15362547773340565
Bayes(stimulus),overall,0.0,386.29663790755103,3.624279317919692,-0.098496257891864,-4.5176987267585424,4.767726887073031,1.9028779544716508,2.4191971872483356e-16
Bayes(range),overall,0.0,409.08367442772294,3.9102927686721087,-0.27871514787821394,0.676355855938719,1.1546922588482431,-0.8380903815265455,2.7260207611148714e-21
LLM(Combined),overall,,,0.0,1.0,-2.008079485981736,3.520278567623117,1.3115766666666668,
