{
  "empirical_linear": {
    "a_txt": 0.693111899958589,
    "a_img": 0.5692285646467293,
    "intercept": -1.4740791843380054,
    "w_txt_norm": 0.5490689076304756,
    "w_img_norm": 0.45093109236952456
  }
}