range_category,w_img_bayes,w_txt_bayes
short,0.011182662441439223,0.9888173375585608
medium,0.07080294077257848,0.9291970592274215
long,0.11155348147021052,0.8884465185297895
