{
    "Basic Single-Stage": {
        "model_name": "bayes_basic_single",
        "params": {
            "w_p": 0.0,
            "delta": 0.024999995636862605
        },
        "steady_state_weight": null,
        "mode": "single",
        "model_type": "basic",
        "r_squared": 0.954907106901576,
        "aic": -179.85841715765966,
        "bic": -177.05602239433534,
        "n_params": 2,
        "mse": 0.002178600000000019,
        "rmse": 0.04667547535912215,
        "predictions": [
            0.2749999956368626,
            0.5049999956368626,
            0.41499999563686263,
            0.36499999563686264,
            0.18499999563686262,
            0.18499999563686262,
            0.1449999956368626,
            0.4749999956368626,
            0.36499999563686264,
            0.4049999956368626,
            0.5149999956368626,
            0.8049999956368626,
            0.6949999956368627,
            0.6249999956368626,
            0.4049999956368626,
            0.4049999956368626,
            0.35499999563686263,
            0.7549999956368626,
            0.6249999956368626,
            0.6749999956368626,
            0.6749999956368626,
            0.9049999956368627,
            0.8149999956368627,
            0.7649999956368626,
            0.5849999956368627,
            0.5849999956368627,
            0.5449999956368626,
            0.8749999956368626,
            0.7649999956368626,
            0.8049999956368626
        ],
        "converged": true,
        "confidence_intervals": {
            "w_p": [
                -10.570582849407396,
                10.570582849407396
            ],
            "delta": [
                -1.3609292981394128,
                1.4109292894131378
            ]
        }
    },
    "Basic Two-Stage": {
        "model_name": "bayes_basic_sequential",
        "params": {
            "r_div_q": 0.01,
            "delta": 0.025001394838637905
        },
        "steady_state_weight": 0.9999000099990001,
        "mode": "sequential",
        "model_type": "basic",
        "r_squared": 0.9549058557025182,
        "aic": -179.85758513674926,
        "bic": -177.05519037342495,
        "n_params": 2,
        "mse": 0.0021786604499308177,
        "rmse": 0.04667612291022914,
        "predictions": [
            0.2750013948386379,
            0.5049783994376672,
            0.41501039074000745,
            0.3650063947382981,
            0.18501939173942766,
            0.18500139663796816,
            0.14500539403901774,
            0.4749684018368285,
            0.3650123893405473,
            0.4049973967376683,
            0.5150013948386379,
            0.804972400637414,
            0.6950123897403474,
            0.6250083945382582,
            0.4050233911395676,
            0.40500139703782817,
            0.3550063938391077,
            0.7549614033364386,
            0.6250143882409371,
            0.6749963971374685,
            0.675001394838638,
            0.9049783994376673,
            0.8150103907400076,
            0.7650063947382981,
            0.5850193917394277,
            0.5850013966379682,
            0.5450053940390178,
            0.8749684018368286,
            0.7650123893405473,
            0.8049973967376683
        ],
        "converged": true,
        "confidence_intervals": {
            "r_div_q": [
                -1161.062583250346,
                1161.082583250346
            ],
            "delta": [
                -1.3985279067577256,
                1.4485306964350013
            ]
        }
    },
    "Weber Single-Stage": {
        "model_name": "bayes_weber_single",
        "params": {
            "w_p": 0.0,
            "delta": 0.04262332978086176
        },
        "steady_state_weight": null,
        "mode": "single",
        "model_type": "weber",
        "r_squared": 0.9545348480879143,
        "aic": -179.611885234134,
        "bic": -176.8094904708097,
        "n_params": 2,
        "mse": 0.0021965851634197417,
        "rmse": 0.04686774118111243,
        "predictions": [
            0.2608862306904701,
            0.5009015228645339,
            0.40698249549207427,
            0.35480525806292995,
            0.16696720331801038,
            0.16696720331801038,
            0.1252254133746949,
            0.46959518040704745,
            0.35480525806292995,
            0.3965470480062454,
            0.5113369703503629,
            0.8139649474393998,
            0.6991750250952824,
            0.6261268926944803,
            0.3965470480062454,
            0.3965470480062454,
            0.34436981057710103,
            0.7617877100102555,
            0.6261268926944803,
            0.6783041301236247,
            0.6783041301236247,
            0.9183194222976886,
            0.8244003949252288,
            0.7722231574960844,
            0.584385102751165,
            0.584385102751165,
            0.5426433128078495,
            0.8870130798402018,
            0.7722231574960844,
            0.8139649474393998
        ],
        "converged": true,
        "confidence_intervals": {
            "w_p": [
                -9.928829070754016,
                9.928829070754016
            ],
            "delta": [
                -2.541126969587261,
                2.626373629148984
            ]
        }
    },
    "Weber Two-Stage": {
        "model_name": "bayes_weber_sequential",
        "params": {
            "r_div_q": 0.01,
            "delta": 0.04263515910187508
        },
        "steady_state_weight": 0.9999000099990001,
        "mode": "sequential",
        "model_type": "weber",
        "r_squared": 0.9545335128088929,
        "aic": -179.61100456942916,
        "bic": -176.80860980610484,
        "n_params": 2,
        "mse": 0.0021966496755562747,
        "rmse": 0.04686842941209226,
        "predictions": [
            0.26088931682752364,
            0.5008747804116619,
            0.4069957562629286,
            0.3548143230269661,
            0.16698176232285022,
            0.1669691797082569,
            0.12523049661440136,
            0.4695386837084677,
            0.35481939404904583,
            0.39654733027439487,
            0.5113430191671371,
            0.8139367438775761,
            0.6991939193479875,
            0.6261412082843671,
            0.3965698489987671,
            0.3965517407387512,
            0.34437874171590666,
            0.7617362541277297,
            0.6261465715282519,
            0.6783067271032767,
            0.6783121540602126,
            0.9183024706856843,
            0.8244190373402105,
            0.7722373413448386,
            0.5844083008262128,
            0.5843920173110237,
            0.542653752637622,
            0.8869799941298796,
            0.7722429886499433,
            0.8139702930904207
        ],
        "converged": true,
        "confidence_intervals": {
            "r_div_q": [
                -48.75335092763174,
                48.77335092763174
            ],
            "delta": [
                -2.032453052293922,
                2.117723370497672
            ]
        }
    },
    "Linear Regression": {
        "model_name": "linear",
        "params": {
            "slope": 1.0183125491517808,
            "intercept": 0.015385911695315413
        },
        "steady_state_weight": null,
        "mode": "linear",
        "model_type": "linear",
        "log_likelihood": null,
        "r_squared": 0.9552160204902699,
        "aic": -180.06454755235274,
        "bic": -177.26215278902842,
        "n_params": 2,
        "mse": 0.0021636752724412986,
        "rmse": 0.046515322985456076,
        "predictions": "[0.26996405 0.50417594 0.41252781 0.36161218 0.17831592 0.17831592\n 0.13758342 0.47362656 0.36161218 0.40234468 0.51435906 0.8096697\n 0.69765532 0.62637344 0.40234468 0.40234468 0.35142905 0.75875407\n 0.62637344 0.67728907 0.67728907 0.91150095 0.81985283 0.7689372\n 0.58564094 0.58564094 0.54490844 0.88095158 0.7689372  0.8096697 ]",