model,scope,k,aic,rmse_to_llm,r2_to_llm,r2_to_truth,rmse_vs_truth,bias_vs_truth,aic_weight
EmpiricalLinear,overall,3.0,311.43405529140193,2.7679681124984845,0.4254680583080035,-0.4570404616660768,2.4500118429163718,1.542310000000002,0.9999999821126418
Equal,overall,0.0,347.11239849768145,3.180509259049563,0.24144802773701024,0.5293702126864415,1.392425869133913,0.12753200000000006,1.788735817123166e-08
Bayes(stimulus),overall,0.0,402.1816881395717,3.821357122254846,-0.09503314789960293,0.21565001718774235,1.7975762574968022,-0.5505692389198173,1.969708215673582e-20
Bayes(range),overall,0.0,428.4661144602802,4.171269314812584,-0.304753512558809,0.6180955864924123,1.2543239543561189,-1.0058611948141234,3.8619908529115985e-26
LLM(Combined),overall,,,0.0,1.0,-2.163053473446767,3.6098208127735836,1.5423099999999998,
