range_category,w_img_bayes,w_txt_bayes
short,0.010798904314892244,0.9892010956851077
medium,0.13923741304542675,0.8607625869545732
long,0.06648810623670959,0.9335118937632905
