{
  "empirical_linear": {
    "a_txt": 0.3980561363787487,
    "a_img": 0.7524231774405312,
    "intercept": 0.1595941012735845,
    "w_txt_norm": 0.34599156334007436,
    "w_img_norm": 0.6540084366599256
  }
}