range_category,regression_angle,scalar_variability,short_vs_medium_t,medium_vs_long_t,response_autocorr,stimulus_autocorr
short,22.80637166476345,0.17020516575880662,,,0.2913534222984663,0.24718809267831113
medium,10.708194754869954,0.07399495122604174,,,0.04957935224480256,0.217956842254054
long,8.20541137564589,0.05058506915027393,,,-0.0005086722298646511,0.21906490146470325
