{
    "Basic Single-Stage": {
        "model_name": "bayes_basic_single",
        "params": {
            "w_p": 0.01804360495868633,
            "delta": -0.09938533944324458
        },
        "steady_state_weight": null,
        "mode": "single",
        "model_type": "basic",
        "r_squared": 0.9048908386094635,
        "aic": -24.20065091095091,
        "bic": -21.398256147626597,
        "n_params": 2,
        "mse": 0.3906183599859412,
        "rmse": 0.6249946879661787,
        "predictions": [
            2.413730376565175,
            4.674488584868791,
            3.7934773072377252,
            3.297883914660374,
            1.5307551861440256,
            1.1862848827635328,
            4.350246583226149,
            1.0566666386180796,
            4.725353926131931,
            4.246159205351771,
            4.385523635280877,
            6.6946922938600295,
            5.849915207205988,
            5.282148019593101,
            3.534658418977579,
            3.185474724900888,
            6.376833008785157,
            5.719904180502518,
            3.0306202014028725,
            6.766276915058543,
            6.413036058646364,
            8.716607565773783,
            7.828231615179906,
            7.32920137521991,
            5.585148621987033,
            5.156328264272492,
            8.33717961472982,
            7.715306629750154,
            5.037315149193484,
            8.771891710814609
        ],
        "converged": true,
        "confidence_intervals": {
            "w_p": [
                -1.9419309363770094,
                1.978018146294382
            ],
            "delta": [
                -1.4853572610037966,
                1.2865865821173073
            ]
        }
    },
    "Basic Two-Stage": {
        "model_name": "bayes_basic_sequential",
        "params": {
            "r_div_q": 0.06273966702930223,
            "delta": -0.09851426385424122
        },
        "steady_state_weight": 0.9960791676195334,
        "mode": "sequential",
        "model_type": "basic",
        "r_squared": 0.9047510888999293,
        "aic": -24.156602541902874,
        "bic": -21.354207778578562,
        "n_params": 2,
        "mse": 0.3911923194399904,
        "rmse": 0.625453690883658,
        "predictions": [
            2.4014857361457587,
            4.694794057839768,
            3.8100547039725923,
            3.3038704302285975,
            1.5093219676129621,
            1.1528832938405063,
            4.36100702810862,
            1.0325363117529234,
            4.741045072251408,
            4.269434869017552,
            4.373585736145759,
            6.7160015157121205,
            5.86820983611658,
            5.288956924497098,
            3.514044974957655,
            3.152901739919121,
            6.388798134495291,
            5.7350490161096435,
            3.004491956626939,
            6.78326955569479,
            6.401485736145759,
            8.738223777175154,
            7.846183330770983,
            7.336484211559553,
            5.565330240328984,
            5.123418424834133,
            8.348341161029275,
            7.73010975498051,
            5.011146498572327,
            8.788873674291736
        ],
        "converged": true,
        "confidence_intervals": {
            "r_div_q": [
                -322.1665990664873,
                322.2920784005459
            ],
            "delta": [
                -2.095062421299011,
                1.898033893590529
            ]
        }
    },
    "Weber Single-Stage": {
        "model_name": "bayes_weber_single",
        "params": {
            "w_p": 0.0,
            "delta": -0.030472748647163563
        },
        "steady_state_weight": null,
        "mode": "single",
        "model_type": "weber",
        "r_squared": 0.9092631776366826,
        "aic": -25.612508551532404,
        "bic": -22.810113788208092,
        "n_params": 2,
        "mse": 0.37266093217200197,
        "rmse": 0.6104596073222224,
        "predictions": [
            2.4249671328902385,
            4.658167892551212,
            3.78789567712845,
            3.2983433062815166,
            1.5527549437371533,
            1.212483551438552,
            4.337878229674935,
            1.0844452852372537,
            4.708413212166571,
            4.2350596219678325,
            4.337878229674935,
            6.618899341788364,
            5.7844196416900555,
            5.223573236253763,
            3.497384611012626,
            3.15245728176125,
            6.304914593535635,
            5.655993380742693,
            2.9994903531253048,
            6.689611384258627,
            6.304914593535635,
            8.580406780517645,
            7.702859663606174,
            7.209912338731175,
            5.487118667518102,
            5.063525403502141,
            8.205603855819303,
            7.591311174112619,
            4.945962995444584,
            8.63501704102623
        ],
        "converged": true,
        "confidence_intervals": {
            "w_p": [
                -1.2390341874545123,
                1.2390341874545123
            ],
            "delta": [
                -0.32966234987825355,
                0.26871685258392647
            ]
        }
    },
    "Weber Two-Stage": {
        "model_name": "bayes_weber_sequential",
        "params": {
            "r_div_q": 0.01,
            "delta": -0.03045300979343832
        },
        "steady_state_weight": 0.9999000099990001,
        "mode": "sequential",
        "model_type": "weber",
        "r_squared": 0.909254149310344,
        "aic": -25.609523703898574,
        "bic": -22.807128940574263,
        "n_params": 2,
        "mse": 0.3726980119861467,
        "rmse": 0.6104899769743536,
        "predictions": [
            2.4250149994539156,
            4.657955817947879,
            3.7880487466492685,
            3.298454057245906,
            1.552902562095219,
            1.212537480818318,
            4.337411045365432,
            1.0846169992084536,
            4.7078150645186545,
            4.235188019991786,
            4.337963855283601,
            6.618750371448193,
            5.784611734146782,
            5.223729615656004,
            3.4975939304492276,
            3.1525522481737487,
            6.304602123665097,
            5.656166406581289,
            2.999739784931793,
            6.689207008820551,
            6.305039046570562,
            8.580311794468445,
            7.703094778395532,
            7.210102337547298,
            5.487376784414905,
            5.063666039876551,
            8.20536978510222,
            7.591520042606616,
            4.946272495468745,
            8.634706435407924
        ],
        "converged": true,
        "confidence_intervals": {
            "r_div_q": [
                -5.04985190727276,
                5.06985190727276
            ],
            "delta": [
                -0.2855026382805133,
                0.22459661869363665
            ]
        }
    },
    "Linear Regression": {
        "model_name": "linear",
        "params": {
            "slope": 0.9056700804652023,
            "intercept": 0.39104503688696585
        },
        "steady_state_weight": null,
        "mode": "linear",
        "model_type": "linear",
        "log_likelihood": null,
        "r_squared": 0.914657559723383,
        "aic": -27.4512449343594,
        "bic": -24.64885017103509,
        "n_params": 2,
        "mse": 0.3505059194157429,
        "rmse": 0.5920354038533024,