model,scope,k,aic,rmse_to_llm,r2_to_llm,r2_to_truth,rmse_vs_truth,bias_vs_truth,aic_weight
EmpiricalLinear,overall,2.0,280.79849068473607,2.5159781027875128,0.2921087860564471,0.08497898717704178,1.9415470138955864,0.5355009676097635,0.9999578740094329
Combo_Oracle,overall,0.0,300.94809774033257,2.726886073603636,0.1684530097728445,0.5951887711526815,1.291393668830083,7.579122514774402e-16,4.212599056482866e-05
Equal,overall,0.0,348.23446568238796,3.1924273502215756,-0.13971129872485055,0.3347210509834989,1.6555193771874643,-1.0014812002058764,2.2721960101411344e-15
Combo_NonOracle,overall,0.0,423.195149900504,4.098620688492296,-0.878573812142817,-0.45880896878360655,2.451498263342651,-2.050586348806461,1.1993336945645713e-31
LLM(Combined),overall,,,0.0,1.0,-0.13730227273780216,2.1645635010689332,1.1801510979333336,
