model,scope,k,aic,rmse_to_llm,r2_to_llm,r2_to_truth,rmse_vs_truth,bias_vs_truth,aic_weight
EmpiricalLinear,overall,3.0,165.72828497331926,1.7091581789487205,0.395197797754135,0.784568744903042,0.9449261629373099,0.07378802009545694,0.9996775280632227
Bayes(range),overall,0.0,181.88789908054392,1.8410978981467925,0.2982173726197249,0.8220425921050517,0.8588188213863016,-0.48946016441687795,0.00030963091160282955
Equal,overall,0.0,188.40692291428653,1.8818173705356243,0.266831504697291,0.7443467006023881,1.0293645769517434,-0.605006160639416,1.1892037559784919e-05
Bayes(stimulus),overall,0.0,193.46338010449452,1.914020442536626,0.24152373932295867,0.7105929365017566,1.0952117167994357,-0.6199071073813327,9.489876144984973e-07
LLM(Combined),overall,,,0.0,1.0,0.1882233421449847,1.8342638105071556,0.07378802009545728,
