range_category,w_img_bayes,w_txt_bayes
short,0.24217781547646755,0.7578221845235324
medium,0.7221382334428657,0.27786176655713435
long,0.6354141767976818,0.36458582320231825
