{
  "empirical_linear": {
    "a_txt": 0.25177424461664066,
    "a_img": 0.5665502229112369,
    "intercept": 1.3473449946296423,
    "w_txt_norm": 0.307670434659298,
    "w_img_norm": 0.692329565340702
  }
}