{
  "per_range": {
    "regression_effect": {
      "long": {
        "regression_angle": 49.14252710262592,
        "slope": 1.1561644883499744,
        "intercept": -0.15662920296312965,
        "r_squared": 0.6497779771973389,
        "p_value": 1.6306143688782669e-12,
        "regression_strength": -0.15616448834997443,
        "regression_strength_angular": 0.09205615783613155
      },
      "medium": {
        "regression_angle": 51.54026175572513,
        "slope": 1.2589872078864184,
        "intercept": -0.15932096552094643,
        "r_squared": 0.712670129393185,
        "p_value": 1.3499419845341397e-14,
        "regression_strength": -0.2589872078864184,
        "regression_strength_angular": 0.14533915012722518
      },
      "short": {
        "regression_angle": 27.25108939293062,
        "slope": 0.515057900520917,
        "intercept": 0.12313332339712835,
        "r_squared": 0.45294113767233146,
        "p_value": 8.588357639592252e-08,
        "regression_strength": 0.48494209947908296,
        "regression_strength_angular": 0.3944202357126529
      }
    },
    "weber_law": {
      "long": {
        "mean_cv": 0.10921582788778444,
        "cv_magnitude_correlation": -0.8532899512023069,
        "bin_magnitudes": [
          0.5455462499999999,
          0.63481125,
          0.72407625,
          0.76870875,
          0.8133412499999999,
          0.85797375
        ],
        "coefficient_variations": [
          0.20520161550408322,
          0.10101525445522108,
          0.11478034184586872,
          0.07917884896521792,
          0.10531771450071599,
          0.04980119205559971
        ],
        "p_value": 0.030706875935006775
      },
      "medium": {
        "mean_cv": 0.09750793452398611,
        "cv_magnitude_correlation": -0.6111798053203721,
        "bin_magnitudes": [
          0.356935,
          0.468515,
          0.580095,
          0.635885,
          0.691675,
          0.747465
        ],
        "coefficient_variations": [
          0.1700511450909772,
          0.06980898471528257,
          0.09658325869564204,
          0.07993943185655746,
          0.12635493619732452,
          0.04230985058813282
        ],
        "p_value": 0.19738057480576052
      },
      "short": {
        "mean_cv": 0.15135728849363436,
        "cv_magnitude_correlation": -0.6008442336798117,
        "bin_magnitudes": [
          0.14554625,
          0.23481125,
          0.32407625,
          0.36870875000000003,
          0.41334125,
          0.45797374999999996
        ],
        "coefficient_variations": [
          0.20408314979840003,
          0.14044168141158112,
          0.15806989549466005,
          0.21304563034240803,
          0.09094130723196471,
          0.10156206668279245
        ],
        "p_value": 0.20719017742569187
      }
    },
    "sequential_effect": [
      {
        "range_category": "long",
        "n_runs": 5,
        "N_total": 50,
        "r_resp_mean": 0.2701699153466187,
        "r_stim_mean": 0.23521755130669839,
        "r_resp_weighted": 0.27368837221829956,
        "r_stim_weighted": 0.23521755130669839
      },
      {
        "range_category": "medium",
        "n_runs": 5,
        "N_total": 50,
        "r_resp_mean": 0.21995438258953537,
        "r_stim_mean": 0.23520721737985428,
        "r_resp_weighted": 0.22118840812488547,
        "r_stim_weighted": 0.23520721737985426
      },
      {
        "range_category": "short",
        "n_runs": 5,
        "N_total": 50,
        "r_resp_mean": 0.40291432256368803,
        "r_stim_mean": 0.23521755130669836,
        "r_resp_weighted": 0.4212545653757612,
        "r_stim_weighted": 0.23521755130669833
      }
    ]
  },
  "overall": {
    "range_effect": {
      "range_analyses_by_category": {
        "short": {
          "slope": 0.515057900520917,
          "regression_strength": 0.48494209947908296,
          "r_squared": 0.45294113767233146,
          "mean_stimulus_magnitude": 0.30805599999999994
        },
        "medium": {
          "slope": 1.2589872078864184,
          "regression_strength": -0.2589872078864184,
          "r_squared": 0.712670129393185,
          "mean_stimulus_magnitude": 0.5600700000000001
        },
        "long": {
          "slope": 1.1561644883499744,
          "regression_strength": -0.15616448834997443,
          "r_squared": 0.6497779771973389,
          "mean_stimulus_magnitude": 0.7080560000000001
        }
      },
      "correlation_analysis": {
        "correlation_magnitude_regression": -0.876408478285425,
        "p_value": 0.31986545150161516,
        "interpretation": "Regression strength decreases with stimulus magnitude (r=-0.876)"
      },
      "pairwise_comparison_on_overlap": {
        "short_vs_medium": {
          "categories": [
            "medium",
            "short"
          ],
          "error": "Insufficient data in common bins for t-test.",
          "t_statistic": NaN,
          "p_value": NaN,
          "is_significant": false,
          "n_overlapping_bins": 0
        },
        "short_vs_long": {
          "error": "No overlapping data found or insufficient data after binning for short vs long."
        },
        "medium_vs_long": {
          "categories": [
            "long",
            "medium"
          ],
          "t_statistic": -0.4222222222222222,
          "p_value": 0.7456605371527965,
          "is_significant": false,
          "n_overlapping_bins": 2,
          "mean_long": 0.71,
          "mean_medium": 0.729
        }
      }
    }
  }
}