range_category,regression_angle,scalar_variability,short_vs_medium_t,medium_vs_long_t,response_autocorr,stimulus_autocorr
short,21.868744090414598,0.14617091017907274,,,-0.17667729003879656,0.24718809267831113
medium,26.495391584743665,0.0899069440001475,,,-0.2625651149138012,0.217956842254054
long,32.867266327226595,0.1325167397971446,,,-0.014397472355608943,0.21906490146470325
