model,scope,k,aic,rmse_to_llm,r2_to_llm,r2_to_truth,rmse_vs_truth,bias_vs_truth,aic_weight
EmpiricalLinear,overall,3.0,-723.688508108899,0.08783501734059107,0.5142684822982002,0.21714465496220958,0.18629351021715335,-0.12279000000000025,0.9999999305260768
Bayes(stimulus),overall,0.0,-690.6930904735467,0.10002748291241896,0.3700594250421031,0.12343592637875178,0.1971282192908039,-0.12711750834951224,6.841259532100244e-08
Equal,overall,0.0,-682.3610169812515,0.10284454287904635,0.33407793372133143,0.5200964257287082,0.14585924379346,-0.08285666666666669,1.061327203444952e-09
Bayes(range),overall,0.0,-653.8168340192752,0.11311056958593764,0.19449678075410048,0.5759949111917577,0.13710159265140112,-0.07212874050348281,6.72293203170121e-16
LLM(Combined),overall,,,0.0,1.0,0.2355304557039506,0.18409290860866964,-0.12278999999999998,
