range_category,w_img_bayes,w_txt_bayes
short,0.4673090801620067,0.5326909198379933
medium,0.652602647899608,0.347397352100392
long,0.5278256404411634,0.4721743595588366
