{
    "Basic Single-Stage": {
        "model_name": "bayes_basic_single",
        "params": {
            "w_p": 0.8970159252492148,
            "delta": -2.1783259911461834
        },
        "steady_state_weight": null,
        "mode": "single",
        "model_type": "basic",
        "r_squared": -0.20787760722691284,
        "aic": 48.51651125309359,
        "bic": 51.3189060164179,
        "n_params": 2,
        "mse": 4.410038773871009,
        "rmse": 2.1000092318537575,
        "predictions": [
            0.8452622044217835,
            1.0823624397205163,
            0.989965127854112,
            0.9379890653273906,
            0.7526589244058774,
            0.7526589244058774,
            0.716532110983302,
            1.048357098237807,
            0.9379890653273906,
            0.989965127854112,
            2.841025484529857,
            3.0832028347138034,
            2.9946056352057027,
            2.935060243184798,
            2.751789783758301,
            2.751789783758301,
            2.7151686467769216,
            3.049866889716974,
            2.935060243184798,
            2.980970543708698,
            4.856492843805903,
            5.096991553571412,
            5.004913492336735,
            4.952576985548385,
            4.769666970383517,
            4.769666970383517,
            4.724693824939848,
            5.058290138280066,
            4.952576985548385,
            4.993070323740394
        ],
        "converged": true,
        "confidence_intervals": {
            "w_p": [
                -0.2531306898255715,
                2.0471625403240012
            ],
            "delta": [
                -3.5642552366836155,
                -0.7923967456087513
            ]
        }
    },
    "Basic Two-Stage": {
        "model_name": "bayes_basic_sequential",
        "params": {
            "r_div_q": 100.0,
            "delta": -2.2479720973419584
        },
        "steady_state_weight": 9.999000099990002e-05,
        "mode": "sequential",
        "model_type": "basic",
        "r_squared": -0.3751676830784816,
        "aic": 52.40783740016822,
        "bic": 55.21023216349253,
        "n_params": 2,
        "mse": 5.020825592481717,
        "rmse": 2.2407198826452444,
        "predictions": [
            0.25202790265804165,
            1.4032227257036118,
            1.4878712652813344,
            1.403981541295634,
            0.9935065428510779,
            0.7198105266160026,
            0.4740948939718912,
            0.6932310410163014,
            0.744368365845864,
            0.8359040546258365,
            2.224127902658042,
            3.399973685516037,
            3.5051418396474388,
            3.4131316761934256,
            3.0017861327142272,
            2.72750965552821,
            2.480692721529034,
            2.702496290256141,
            2.7509091030040205,
            2.83435777091837,
            4.252027902658042,
            5.419723368174403,
            5.510906067517631,
            5.429408466583615,
            5.025071735920437,
            4.755468586351331,
            4.500389680185181,
            4.71465548847107,
            4.767037351119581,
            4.848387238874474
        ],
        "converged": true,
        "confidence_intervals": {
            "r_div_q": [
                -11799.943604374057,
                11999.943604374057
            ],
            "delta": [
                -3.4061722284668754,
                -1.0897719662170413
            ]
        }
    },
    "Weber Single-Stage": {
        "model_name": "bayes_weber_single",
        "params": {
            "w_p": 0.8104744751779729,
            "delta": -0.570641501255603
        },
        "steady_state_weight": null,
        "mode": "single",
        "model_type": "weber",
        "r_squared": 0.05488013012115578,
        "aic": 41.15726447557055,
        "bic": 43.95965923889486,
        "n_params": 2,
        "mse": 3.450693387462244,
        "rmse": 1.8576042063535074,
        "predictions": [
            1.5517881499234387,
            1.7561624732415295,
            1.6886593479451701,
            1.6449441338083806,
            1.426066334241089,
            1.426066334241089,
            1.3607538032205595,
            1.7326114950480371,
            1.6449441338083806,
            1.6886593479451701,
            2.7344596153606036,
            2.962450136052171,
            2.8877452564523054,
            2.832463965225607,
            2.6250914561785037,
            2.6250914561785037,
            2.573937153768131,
            2.935288646950005,
            2.832463965225607,
            2.8754831991500653,
            3.89667533211638,
            4.130089691822038,
            4.047415451649727,
            3.997000774016291,
            3.7954146190979747,
            3.7954146190979747,
            3.738061328546048,
            4.096206893770081,
            3.997000774016291,
            4.036241139594456
        ],
        "converged": true,
        "confidence_intervals": {
            "w_p": [
                -1.3083794950334566,
                2.9293284453894026
            ],
            "delta": [
                -1.0435721951892312,
                -0.0977108073219749
            ]
        }
    },
    "Weber Two-Stage": {
        "model_name": "bayes_weber_sequential",
        "params": {
            "r_div_q": 0.01,
            "delta": -0.6352123146207255
        },
        "steady_state_weight": 0.9999000099990001,
        "mode": "sequential",
        "model_type": "weber",
        "r_squared": -0.010034201712905588,
        "aic": 43.150095110678166,
        "bic": 45.952489874002474,
        "n_params": 2,
        "mse": 3.6876997850105675,
        "rmse": 1.9203384558484913,
        "predictions": [
            1.3245569978444751,
            2.544202402458546,
            2.0690540451159514,
            1.8016345469776138,
            0.8482040565924462,
            0.8481401741338728,
            0.6622946428863032,
            2.36911896288897,
            1.8016589411945385,
            2.068982655638776,
            2.3694209109185453,
            3.615199916930031,
            3.159588488552866,
            2.853231377481348,
            1.9104059166512954,
            1.9103293001630273,
            1.721942114064293,
            3.4436102968174294,
            2.853255932902715,
            3.0893728078193323,
            3.443848946678855,
            4.681000910548917,
            4.207474703551301,
            3.9381998378788228,
            2.997237011286356,
            2.997155194344053,
            2.7658037036782406,
            4.481820769889777,
            3.9382247093127294,
            4.146478827815359
        ],
        "converged": true,
        "confidence_intervals": {
            "r_div_q": [
                -2.4307847492441708,
                2.4507847492441703
            ],
            "delta": [
                -1.112777564699738,
                -0.1576470645417129
            ]
        }
    },
    "Linear Regression": {
        "model_name": "linear",
        "params": {
            "slope": 0.2669731110839493,
            "intercept": 1.5508505925222318
        },
        "steady_state_weight": null,
        "mode": "linear",
        "model_type": "linear",
        "log_likelihood": null,
        "r_squared": 0.08073024095424852,
        "aic": 40.32530018449099,
        "bic": 43.1276949478153,
        "n_params": 2,
        "mse": 3.3563129714327364,
        "rmse": 1.8320242824353439,