model,scope,k,aic,rmse_to_llm,r2_to_llm,r2_to_truth,rmse_vs_truth,bias_vs_truth,aic_weight
EmpiricalLinear,overall,2.0,-35.4348935189015,0.9331549416349345,0.7948293565774301,0.8355480243757817,0.8261474116416548,-0.47666015976389503,0.611804568822567
Combo_NonOracle,overall,0.0,-34.52508552268278,0.9412275744108729,0.7912641793702014,0.8353088836183109,0.8267478718850682,-0.4469717644212217,0.3881954311774331
Equal,overall,0.0,41.37392490997896,1.0752850972631713,0.7275699854971238,0.7519700701223586,1.0145887540487057,-0.6056105263157893,1.2817098245866685e-17
Combo_Oracle,overall,0.0,95.96360096826533,1.1833592247861375,0.6700554940218774,0.8810481586759057,0.7026249760485755,2.8920335911639165e-15,1.7938749807670663e-29
LLM(Combined),overall,,,0.0,1.0,0.6517468421785002,1.2022243791300662,-0.7897617385430264,
