model,scope,k,aic,rmse_to_llm,r2_to_llm,r2_to_truth,rmse_vs_truth,bias_vs_truth,aic_weight
EmpiricalLinear,overall,2.0,-711.5647166171296,0.0920691160923121,0.6012804138389715,0.6698776467716725,0.12097466593436405,0.017570095173198293,0.7986892938032272
Equal,overall,0.0,-708.8084716469185,0.09416611216954326,0.5829108402144039,0.7335804884827082,0.10867758503014843,0.007154087548554473,0.2013107061340861
Combo_NonOracle,overall,0.0,-665.0285430160415,0.10896137579052936,0.4415493782806825,0.8071003441469746,0.09247464904721481,-0.013144610760163739,6.268680868514274e-11
Combo_Oracle,overall,0.0,-612.6624672660479,0.12974189511919196,0.2082280772843289,0.8464363956920018,0.08250896015967514,2.9309887850104134e-16,2.667026263281893e-22
LLM(Combined),overall,,,0.0,1.0,0.5743655195500953,0.13736477107808004,0.02524333333333333,
