model,scope,k,aic,rmse_to_llm,r2_to_llm,r2_to_truth,rmse_vs_truth,bias_vs_truth,aic_weight
EmpiricalLinear,overall,3.0,-775.5284523137244,0.07389612847233616,0.7628486349598343,-0.006392217898055108,0.21122270511487606,-0.1657366666666668,1.0
Bayes(stimulus),overall,0.0,-660.0862083070109,0.11077132242326293,0.4671107755709497,0.46790680574319177,0.15358571272411342,-0.08900854834921156,8.551360682925901e-26
Equal,overall,0.0,-654.7548194088635,0.11275746834097805,0.44782989439614074,0.4869392295703727,0.15081389966887446,-0.08768999999999999,5.9475600415870074e-27
Bayes(range),overall,0.0,-635.5321976697516,0.12021894476604982,0.3723347564120033,0.4921814211292965,0.1500414519831537,-0.08392288327438836,3.982901448374467e-31
LLM(Combined),overall,,,0.0,1.0,-0.06571389061660882,0.21735882544769144,-0.16573666666666667,
