range_category,w_img_bayes,w_txt_bayes
short,0.36605515989011883,0.6339448401098812
medium,0.38260677421594497,0.6173932257840551
long,0.4597551951776663,0.5402448048223337
