model,scope,k,aic,rmse_to_llm,r2_to_llm,r2_to_truth,rmse_vs_truth,bias_vs_truth,aic_weight
EmpiricalLinear,overall,2.0,-1650.5949190747986,0.06344015879516968,0.9329993533038295,0.9791136991115377,0.030391776266471868,0.01132064955792528,0.999999182764068
Equal,overall,0.0,-1622.5602181447657,0.06691935573150974,0.9254489140390969,0.9486150145556512,0.047669811792705054,0.027075731889305153,8.172250816832091e-07
Combo_Oracle,overall,0.0,-1600.1008069675242,0.06947177816955064,0.9196534373202562,0.9913490013551406,0.01955953114938126,5.713947833404139e-16,1.0847821159795911e-11
Combo_NonOracle,overall,0.0,-1583.4981995125822,0.07142097637974584,0.9150815540259594,0.9859594773606235,0.024918216532484334,-0.012949741246106922,2.6923537110735452e-15
LLM(Combined),overall,,,0.0,1.0,0.8931765752094911,0.06873193442632088,0.019000479292666666,
