{
    "Basic Single-Stage": {
        "model_name": "bayes_basic_single",
        "params": {
            "w_p": 0.014323614726223505,
            "delta": 1.2210700085217883
        },
        "steady_state_weight": null,
        "mode": "single",
        "model_type": "basic",
        "r_squared": 0.1646364835984423,
        "aic": 54.476933841194814,
        "bic": 57.27932860451912,
        "n_params": 2,
        "mse": 5.379332390434716,
        "rmse": 2.319338783023023,
        "predictions": [
            3.731481700830133,
            6.000804442645949,
            5.116455589778317,
            4.618984718130641,
            2.8451614951919533,
            2.4993862192379126,
            5.6753341002285485,
            2.369276936381774,
            6.05186247940313,
            5.570852403389528,
            5.703338199379788,
            8.0212547869896,
            7.173277392738569,
            6.603359306773273,
            4.84924961154006,
            4.498743088936704,
            7.702191341076478,
            7.042773839328323,
            4.34330192297903,
            8.093110595476059,
            7.7309305281354685,
            10.043228760349221,
            9.151487334592035,
            8.650566595595901,
            6.899906767711148,
            6.469461890262089,
            9.662363405079434,
            9.03813455028555,
            6.3499979123669075,
            10.098722340840135
        ],
        "converged": true,
        "confidence_intervals": {
            "w_p": [
                -1.930668656628168,
                1.959315886080615
            ],
            "delta": [
                -0.18959582223815685,
                2.6317358392817334
            ]
        }
    },
    "Basic Two-Stage": {
        "model_name": "bayes_basic_sequential",
        "params": {
            "r_div_q": 0.256562555733188,
            "delta": 1.2340042197298702
        },
        "steady_state_weight": 0.9382409068502964,
        "mode": "sequential",
        "model_type": "basic",
        "r_squared": 0.16684854917350633,
        "aic": 54.39738766380566,
        "bic": 57.19978242712997,
        "n_params": 2,
        "mse": 5.3650877702614945,
        "rmse": 2.316265910957007,
        "predictions": [
            3.7340042197298704,
            5.9023867011172415,
            5.18365261755341,
            4.666461051401581,
            2.9417087046045793,
            2.5107181004857204,
            5.5196057986322655,
            2.536880998649883,
            5.880837398450309,
            5.616489186249491,
            5.706104219729871,
            7.920919075843557,
            7.239631610541734,
            6.655415406709363,
            4.945583874989098,
            4.510944274453819,
            7.545890618285329,
            7.093071110775615,
            4.487786318440125,
            7.917991483245514,
            7.73400421972987,
            9.94345062683869,
            9.220042333278842,
            8.699282237807541,
            6.996450038760228,
            6.485852347787651,
            9.506289909088279,
            9.086239970538996,
            6.4936965746671955,
            9.923609591322073
        ],
        "converged": true,
        "confidence_intervals": {
            "r_div_q": [
                -1.4156726398064547,
                1.9287977512728305
            ],
            "delta": [
                -0.15989508914447215,
                2.6279035286042127
            ]
        }
    },
    "Weber Single-Stage": {
        "model_name": "bayes_weber_single",
        "params": {
            "w_p": 0.0,
            "delta": 0.13554067204967626
        },
        "steady_state_weight": null,
        "mode": "single",
        "model_type": "weber",
        "r_squared": 0.036462670891436844,
        "aic": 58.759260636614314,
        "bic": 61.56165539993862,
        "n_params": 2,
        "mse": 6.204709042350732,
        "rmse": 2.4909253385741477,
        "predictions": [
            2.862889571954958,
            5.499381702882865,
            4.471947945393174,
            3.8939878279109537,
            1.8331655029238265,
            1.4314448585553645,
            5.121251267391229,
            1.2802842968203674,
            5.558700771806146,
            4.9998647556949445,
            5.121251267391229,
            7.814199577815616,
            6.829022068265481,
            6.166893001635365,
            4.128973792062631,
            3.7217563999947147,
            7.443512654833657,
            6.677403444222197,
            3.5411653349522214,
            7.897681433501081,
            7.443512654833657,
            10.129933577364941,
            9.093911151594854,
            8.511942988915115,
            6.478031824539901,
            5.977942299466619,
            9.687445387558862,
            8.962218237962093,
            5.839149420055394,
            10.19440584725646
        ],
        "converged": true,
        "confidence_intervals": {
            "w_p": [
                -0.9625644393562212,
                0.9625644393562212
            ],
            "delta": [
                -0.11257296827758989,
                0.3836543123769424
            ]
        }
    },
    "Weber Two-Stage": {
        "model_name": "bayes_weber_sequential",
        "params": {
            "r_div_q": 0.01,
            "delta": 0.1355609082796462
        },
        "steady_state_weight": 0.9999000099990001,
        "mode": "sequential",
        "model_type": "weber",
        "r_squared": 0.03646110701213057,
        "aic": 58.759309328379686,
        "bic": 61.561704091703994,
        "n_params": 2,
        "mse": 6.204719112968424,
        "rmse": 2.490927360034496,
        "predictions": [
            2.8629475066531387,
            5.499134065088922,
            4.472130881909021,
            3.894120516118318,
            1.8333406913859562,
            1.4315092389839879,
            5.120702261675238,
            1.2804876573211113,
            5.557997369720644,
            5.000018827873172,
            5.1213549032784424,
            7.8140275915899675,
            6.829252247203981,
            6.167080688788192,
            4.129222966053053,
            3.7218703674614897,
            7.443147458402867,
            6.6776110378993785,
            3.541461572824645,
            7.897207960212037,
            7.443663285011849,
            10.129826476219531,
            9.094193248751257,
            8.512171533168528,
            6.478339776667033,
            5.978111306585956,
            9.687173864427162,
            8.962469283515963,
            5.839517716799853,
            10.194044219971609
        ],
        "converged": true,
        "confidence_intervals": {
            "r_div_q": [
                -447.17690052463837,
                447.19690052463835
            ],
            "delta": [
                -1.686376688810078,
                1.9574985053693705
            ]
        }
    },
    "Linear Regression": {
        "model_name": "linear",
        "params": {
            "slope": 0.6157004569931737,
            "intercept": 3.219080473048314
        },
        "steady_state_weight": null,
        "mode": "linear",
        "model_type": "linear",
        "log_likelihood": null,
        "r_squared": 0.2696092959460703,
        "aic": 50.44831332980464,
        "bic": 53.25070809312895,
        "n_params": 2,
        "mse": 4.70335883103261,
        "rmse": 2.168722857128732,