model,scope,k,aic,rmse_to_llm,r2_to_llm,r2_to_truth,rmse_vs_truth,bias_vs_truth,aic_weight
EmpiricalLinear,overall,2.0,-893.8087701665123,0.05015204936246327,0.9502439489015592,0.9776376942652111,0.03148487109720812,-0.013799670807047392,0.5536411754265457
Combo_NonOracle,overall,0.0,-893.0009615222338,0.05096226245942155,0.948623331767464,0.9854268814748607,0.02541674183710447,-0.012946992582248986,0.36967064367033386
Equal,overall,0.0,-889.8552318074378,0.05149945230551758,0.9475345070995642,0.9620869895594388,0.04099564884196332,-0.014902178622333315,0.07668818076609185
Combo_Oracle,overall,0.0,-849.5695829294234,0.05890091757583372,0.9313702119910815,0.9936120393359751,0.016827699412927017,2.55351295663786e-17,1.370285087871255e-10
LLM(Combined),overall,,,0.0,1.0,0.9219838589455462,0.058807925775368156,-0.029538292199999993,
