model,scope,k,aic,rmse_to_llm,r2_to_llm,r2_to_truth,rmse_vs_truth,bias_vs_truth,aic_weight
Bayes(stimulus),overall,0.0,-781.8375647481407,0.07382002697836515,0.8756441801171457,0.9632427145930624,0.04036596547462322,-0.0006428561468694742,0.9875397651115565
EmpiricalLinear,overall,3.0,-773.091917835925,0.0744987405176285,0.873346972029097,0.9503407524643462,0.04691845434068084,-0.016393999999999766,0.012458377750875394
Bayes(range),overall,0.0,-755.4696933821033,0.08060196006421694,0.8517451457932584,0.9544429919310179,0.04493877465439596,0.011370412686888915,1.857137567987325e-06
Equal,overall,0.0,-702.7104927152428,0.09609977454014482,0.7892524892935655,0.9142272968491636,0.06166208105472925,0.024172666666666672,6.4912631559417894e-18
LLM(Combined),overall,,,0.0,1.0,0.8942964004047262,0.06845237449010322,-0.016393999999999995,
