range_category,w_img_bayes,w_txt_bayes
short,0.16022042426971314,0.8397795757302868
medium,0.2599926675091796,0.7400073324908204
long,0.161439782956334,0.838560217043666
