model,scope,k,aic,rmse_to_llm,r2_to_llm,r2_to_truth,rmse_vs_truth,bias_vs_truth,aic_weight
Combo_NonOracle,overall,0.0,-859.751710283323,0.05693534037482093,0.9385894578034352,0.9194457979529461,0.05975868956469228,0.03728842746565518,0.6348318668304614
EmpiricalLinear,overall,2.0,-858.6434034826116,0.056389178369688035,0.9397619891360698,0.9265036868375057,0.05708075939882844,0.032133871567498244,0.3647480301472811
Equal,overall,0.0,-845.1104792947654,0.059782940710540494,0.9322929896995927,0.9033207203316238,0.06546718516427398,0.04514333333333334,0.0004201030220910573
Combo_Oracle,overall,0.0,-801.8115554794905,0.06906513839215447,0.9096357055734219,0.9500495122736847,0.04705728123647863,1.554312234475219e-16,1.6638492031948066e-13
LLM(Combined),overall,,,0.0,1.0,0.8989540887168366,0.06692930847792566,0.03654333333333333,
