{
  "per_range": {
    "regression_effect": {
      "long": {
        "regression_angle": 47.124058833094594,
        "slope": 1.0770347521261456,
        "intercept": -0.1738009184514303,
        "r_squared": 0.7266753269722667,
        "p_value": 4.0315236669281305e-15,
        "regression_strength": -0.07703475212614563,
        "regression_strength_angular": 0.047201307402102086
      },
      "medium": {
        "regression_angle": 46.12514314144516,
        "slope": 1.040066866384085,
        "intercept": -0.13431024985573453,
        "r_squared": 0.8158008978332592,
        "p_value": 2.939174021812825e-19,
        "regression_strength": -0.040066866384085076,
        "regression_strength_angular": 0.025003180921003496
      },
      "short": {
        "regression_angle": 36.25412863114059,
        "slope": 0.7333411407413204,
        "intercept": 0.027289861547791838,
        "r_squared": 0.7485653783045814,
        "p_value": 5.36133009503782e-16,
        "regression_strength": 0.2666588592586796,
        "regression_strength_angular": 0.1943526970857647
      }
    },
    "weber_law": {
      "long": {
        "mean_cv": 0.08553824284960376,
        "cv_magnitude_correlation": -0.7851443831918868,
        "bin_magnitudes": [
          0.5455462499999999,
          0.63481125,
          0.72407625,
          0.76870875,
          0.8133412499999999,
          0.85797375
        ],
        "coefficient_variations": [
          0.1207852589838094,
          0.0993068280752612,
          0.08333998266679035,
          0.07947016159698903,
          0.09900372508523583,
          0.031323500689536786
        ],
        "p_value": 0.06428522105906626
      },
      "medium": {
        "mean_cv": 0.09241986320996332,
        "cv_magnitude_correlation": -0.735404359943006,
        "bin_magnitudes": [
          0.356935,
          0.468515,
          0.580095,
          0.635885,
          0.691675,
          0.747465
        ],
        "coefficient_variations": [
          0.1683905802698877,
          0.07637565542900726,
          0.11130317886226404,
          0.04724555912615336,
          0.08694254926694593,
          0.0642616563055216
        ],
        "p_value": 0.09575399591029171
      },
      "short": {
        "mean_cv": 0.16731814718115987,
        "cv_magnitude_correlation": -0.724347585146129,
        "bin_magnitudes": [
          0.14554625,
          0.23481125,
          0.32407625,
          0.36870875000000003,
          0.41334125,
          0.45797374999999996
        ],
        "coefficient_variations": [
          0.330166954645067,
          0.1318986067241623,
          0.16459488274576903,
          0.10203171055293608,
          0.12404477910755422,
          0.15117194931147063
        ],
        "p_value": 0.10350375919470044
      }
    },
    "sequential_effect": [
      {
        "range_category": "long",
        "n_runs": 5,
        "N_total": 50,
        "r_resp_mean": 0.47087596541753945,
        "r_stim_mean": 0.23521755130669839,
        "r_resp_weighted": 0.4753631438929225,
        "r_stim_weighted": 0.23521755130669839
      },
      {
        "range_category": "medium",
        "n_runs": 5,
        "N_total": 50,
        "r_resp_mean": 0.2862576082468551,
        "r_stim_mean": 0.23520721737985428,
        "r_resp_weighted": 0.28712915656384963,
        "r_stim_weighted": 0.23520721737985426
      },
      {
        "range_category": "short",
        "n_runs": 5,
        "N_total": 50,
        "r_resp_mean": 0.18956230765425577,
        "r_stim_mean": 0.23521755130669836,
        "r_resp_weighted": 0.19032426718070816,
        "r_stim_weighted": 0.23521755130669833
      }
    ]
  },
  "overall": {
    "range_effect": {
      "range_analyses_by_category": {
        "short": {
          "slope": 0.7333411407413204,
          "regression_strength": 0.2666588592586796,
          "r_squared": 0.7485653783045814,
          "mean_stimulus_magnitude": 0.30805599999999994
        },
        "medium": {
          "slope": 1.040066866384085,
          "regression_strength": -0.040066866384085076,
          "r_squared": 0.8158008978332592,
          "mean_stimulus_magnitude": 0.5600700000000001
        },
        "long": {
          "slope": 1.0770347521261456,
          "regression_strength": -0.07703475212614563,
          "r_squared": 0.7266753269722667,
          "mean_stimulus_magnitude": 0.7080560000000001
        }
      },
      "correlation_analysis": {
        "correlation_magnitude_regression": -0.9620352775212606,
        "p_value": 0.1759822594168025,
        "interpretation": "Regression strength decreases with stimulus magnitude (r=-0.962)"
      },
      "pairwise_comparison_on_overlap": {
        "short_vs_medium": {
          "categories": [
            "medium",
            "short"
          ],
          "error": "Insufficient data in common bins for t-test.",
          "t_statistic": NaN,
          "p_value": NaN,
          "is_significant": false,
          "n_overlapping_bins": 0
        },
        "short_vs_long": {
          "error": "No overlapping data found or insufficient data after binning for short vs long."
        },
        "medium_vs_long": {
          "categories": [
            "long",
            "medium"
          ],
          "t_statistic": 0.4074074074074074,
          "p_value": 0.7537072686435283,
          "is_significant": false,
          "n_overlapping_bins": 2,
          "mean_long": 0.642,
          "mean_medium": 0.609
        }
      }
    }
  }
}