model,scope,k,aic,rmse_to_llm,r2_to_llm,r2_to_truth,rmse_vs_truth,bias_vs_truth,aic_weight
Combo_Oracle,overall,0.0,-543.6037144915113,0.1633251333709568,0.09050023322669454,0.4520561182542341,0.15585653127003649,1.7763568394002505e-17,0.9999856362532266
EmpiricalLinear,overall,2.0,-520.0276982878187,0.17433805944786823,-0.036289181115432445,0.47885711551266064,0.15199712436038423,0.005908113388916612,7.594984477509174e-06
Combo_NonOracle,overall,0.0,-519.7973586000137,0.17681383810514453,-0.06593089994154555,0.46057290809733964,0.1546405346689645,-0.013757592951043408,6.76876229611157e-06
Equal,overall,0.0,-460.53474573368294,0.21543073872554763,-0.5823840268980505,0.12325930257577278,0.1971480785247692,-0.07850149246483419,9.157910342592025e-19
LLM(Combined),overall,,,0.0,1.0,0.18034330514277364,0.19062197313009216,0.01858724866666666,
