model,scope,k,aic,rmse_to_llm,r2_to_llm,r2_to_truth,rmse_vs_truth,bias_vs_truth,aic_weight
Combo_Oracle,overall,0.0,-661.9904848262505,0.11007041854029022,0.7300040773475893,0.6862758829450264,0.11793179754752098,1.591319668629391e-16,0.9984155226050061
EmpiricalLinear,overall,2.0,-648.4018868229116,0.1136453145989941,0.7121812780477716,0.6316774902530478,0.12778241625085626,0.00026245373908631315,0.0011183680710399025
Equal,overall,0.0,-646.3294376457393,0.11596910508119536,0.700290450061408,0.5796027405420332,0.13651705265887726,-0.013290000000000005,0.00039678764316231134
Combo_NonOracle,overall,0.0,-642.8401506011428,0.11732581133586352,0.6932369110510485,0.6630394789336902,0.1222211810021288,0.017368609280126176,6.932168079164917e-05
LLM(Combined),overall,,,0.0,1.0,0.5672458813696992,0.13850886493891526,-0.038056666666666676,
