range_category,regression_angle,scalar_variability,short_vs_medium_t,medium_vs_long_t,response_autocorr,stimulus_autocorr
short,39.79828924756056,0.20060828867694275,,,0.25888388356792513,0.23017113323450586
medium,41.70093500177399,0.07771125862218048,,,0.0709974034868038,0.2016409337499561
long,38.6749447642356,0.13692364163409917,,,0.11035738194183643,0.198159724502539
