model,scope,k,aic,rmse_to_llm,r2_to_llm,r2_to_truth,rmse_vs_truth,bias_vs_truth,aic_weight
EmpiricalLinear,overall,3.0,-871.1005789159178,0.05373618885324831,0.9503157074400068,0.8780594989747594,0.07352430922624656,0.030676666666666474,0.9999990103027184
Bayes(range),overall,0.0,-843.4488474619943,0.06011498354113195,0.9378199807317997,0.8867707211496662,0.07084942599341577,0.029699643248105617,9.896972816781183e-07
Bayes(stimulus),overall,0.0,-785.7226187885734,0.07287020777043729,0.9086338336151196,0.8014674575203063,0.09381511549275688,0.047101059946198225,2.8867627354079896e-19
Equal,overall,0.0,-778.3477124937785,0.07468377780125124,0.904029458878251,0.8342089287898862,0.0857309298522612,0.052676666666666656,7.227207705567754e-21
LLM(Combined),overall,,,0.0,1.0,0.9030622142963647,0.06555465150035757,0.030676666666666658,
