range_category,w_img_bayes,w_txt_bayes
short,0.20535234607306302,0.7946476539269369
medium,0.4235948249629416,0.5764051750370585
long,0.32082417906925303,0.679175820930747
