range_category,regression_angle,scalar_variability,short_vs_medium_t,medium_vs_long_t,response_autocorr,stimulus_autocorr
short,43.35779143936863,0.0673266155540374,,,0.38008240530080883,0.24718809267831113
medium,38.87543040838658,0.09589017124055117,,,-0.019256232103473152,0.217956842254054
long,39.48959687974609,0.0628144988214182,,,0.3513859570865246,0.21906490146470325
