model,scope,k,aic,rmse_to_llm,r2_to_llm,r2_to_truth,rmse_vs_truth,bias_vs_truth,aic_weight
Combo_Oracle,overall,0.0,-679.1954821802088,0.10393548169698895,-0.12115570419025268,0.4560222310106975,0.15528668001228127,1.8947806286936006e-16,0.9999998435718771
EmpiricalLinear,overall,2.0,-647.8537314042379,0.1138531554063076,-0.34532870099006496,0.3146705105144171,0.17429837536366466,-0.04861919557561753,1.5639584989060191e-07
Equal,overall,0.0,-630.8812460469038,0.12209724191534112,-0.5472125229193814,0.33377356876328856,0.17185198719634676,-0.06765966666666666,3.2262413788364824e-11
Combo_NonOracle,overall,0.0,-614.8386933101557,0.12880414153371236,-0.7218603259583409,0.31884475973160864,0.1737667507000996,-0.0746224454663502,1.059499588634067e-14
LLM(Combined),overall,,,0.0,1.0,0.22804918898422788,0.18498582172696373,0.010272666666666689,
