{
  "per_range": {
    "regression_effect": {
      "long": {
        "regression_angle": 37.59713577622443,
        "slope": 0.7700240381328165,
        "intercept": 0.19338447980005924,
        "r_squared": 0.876919514313767,
        "p_value": 1.7819994552905173e-23,
        "regression_strength": 0.2299759618671835,
        "regression_strength_angular": 0.16450809386167942
      },
      "medium": {
        "regression_angle": 37.85119866557963,
        "slope": 0.7771117406847139,
        "intercept": 0.15816302739471227,
        "r_squared": 0.852624758978381,
        "p_value": 1.3626308183872938e-21,
        "regression_strength": 0.2228882593152861,
        "regression_strength_angular": 0.15886225187600822
      },
      "short": {
        "regression_angle": 42.427123098868265,
        "slope": 0.9139939526609226,
        "intercept": 0.006044162882802684,
        "r_squared": 0.8602425482625705,
        "p_value": 3.796174770288872e-22,
        "regression_strength": 0.08600604733907735,
        "regression_strength_angular": 0.057175042247371896
      }
    },
    "weber_law": {
      "long": {
        "mean_cv": 0.0380945225364089,
        "cv_magnitude_correlation": -0.5995785109467053,
        "bin_magnitudes": [
          0.54551875,
          0.63479375,
          0.72406875,
          0.7687062499999999,
          0.81334375,
          0.8579812499999999
        ],
        "coefficient_variations": [
          0.0719721390515078,
          0.02066178595109416,
          0.043290043290043295,
          0.03311092177967225,
          0.04646010773551139,
          0.013072137410624504
        ],
        "p_value": 0.20840478934144327
      },
      "medium": {
        "mean_cv": 0.06296966324271465,
        "cv_magnitude_correlation": -0.765817691132998,
        "bin_magnitudes": [
          0.3569,
          0.4685,
          0.5801000000000001,
          0.6358999999999999,
          0.6917,
          0.7475
        ],
        "coefficient_variations": [
          0.0992989873270528,
          0.11148624383509526,
          0.03452340085099004,
          0.03179796804757279,
          0.05369883806380711,
          0.04701254133176997
        ],
        "p_value": 0.07584059325388824
      },
      "short": {
        "mean_cv": 0.07084609733123946,
        "cv_magnitude_correlation": -0.8283622408435256,
        "bin_magnitudes": [
          0.14551875,
          0.23479374999999997,
          0.32406874999999996,
          0.36870624999999996,
          0.41334374999999995,
          0.45798125
        ],
        "coefficient_variations": [
          0.15529155254661162,
          0.05555448391303824,
          0.10311954146699737,
          0.07575566700146219,
          0.035355339059327355,
          0.0
        ],
        "p_value": 0.041661097521467884
      }
    },
    "sequential_effect": [
      {
        "range_category": "long",
        "n_runs": 5,
        "N_total": 50,
        "r_resp_mean": 0.31443937106953845,
        "r_stim_mean": 0.23502816576403168,
        "r_resp_weighted": 0.31598865997209585,
        "r_stim_weighted": 0.23502816576403165
      },
      {
        "range_category": "medium",
        "n_runs": 5,
        "N_total": 50,
        "r_resp_mean": 0.22093422273076402,
        "r_stim_mean": 0.23525030686203605,
        "r_resp_weighted": 0.22316901137688733,
        "r_stim_weighted": 0.23525030686203605
      },
      {
        "range_category": "short",
        "n_runs": 5,
        "N_total": 50,
        "r_resp_mean": 0.47912461668028267,
        "r_stim_mean": 0.2350281657640318,
        "r_resp_weighted": 0.4801342941903795,
        "r_stim_weighted": 0.23502816576403177
      }
    ]
  },
  "overall": {
    "range_effect": {
      "range_analyses_by_category": {
        "short": {
          "slope": 0.9139939526609226,
          "regression_strength": 0.08600604733907735,
          "r_squared": 0.8602425482625705,
          "mean_stimulus_magnitude": 0.30805000000000005
        },
        "medium": {
          "slope": 0.7771117406847139,
          "regression_strength": 0.2228882593152861,
          "r_squared": 0.852624758978381,
          "mean_stimulus_magnitude": 0.56007
        },
        "long": {
          "slope": 0.7700240381328165,
          "regression_strength": 0.2299759618671835,
          "r_squared": 0.876919514313767,
          "mean_stimulus_magnitude": 0.7080500000000001
        }
      },
      "correlation_analysis": {
        "correlation_magnitude_regression": 0.9457630618835169,
        "p_value": 0.2106325172709221,
        "interpretation": "Regression strength increases with stimulus magnitude (r=0.946)"
      },
      "pairwise_comparison_on_overlap": {
        "short_vs_medium": {
          "categories": [
            "medium",
            "short"
          ],
          "error": "Insufficient data in common bins for t-test.",
          "t_statistic": NaN,
          "p_value": NaN,
          "is_significant": false,
          "n_overlapping_bins": 0
        },
        "short_vs_long": {
          "error": "No overlapping data found or insufficient data after binning for short vs long."
        },
        "medium_vs_long": {
          "categories": [
            "long",
            "medium"
          ],
          "t_statistic": 1.1886792452830188,
          "p_value": 0.44525433391501074,
          "is_significant": false,
          "n_overlapping_bins": 2,
          "mean_long": 0.775,
          "mean_medium": 0.712
        }
      }
    }
  }
}