range_category,regression_angle,scalar_variability,short_vs_medium_t,medium_vs_long_t,response_autocorr,stimulus_autocorr
short,45.16184434987518,0.024092944424735512,,,0.23773211895093072,0.24718809267831113
medium,45.003581441446535,0.01105308405056367,,,0.21794142348646084,0.217956842254054
long,44.86732640361101,0.01712304721126925,,,0.20784635400773244,0.21906490146470325
