model,scope,k,aic,rmse_to_llm,r2_to_llm,r2_to_truth,rmse_vs_truth,bias_vs_truth,aic_weight
Combo_NonOracle,overall,0.0,-1003.8678159396582,0.0352170107370416,0.9997007339694828,0.9999999611948401,0.00039983160120930935,2.5042373065331525e-05,0.4738986799116046
Combo_Oracle,overall,0.0,-1003.8166870106013,0.03522301327534939,0.9997006319444179,0.9999999618816959,0.00039627727028065436,1.483257960899209e-15,0.46193725901273724
EmpiricalLinear,overall,2.0,-999.8687153681317,0.03521690515325907,0.9997007357639334,0.9999999611981067,0.0003998147717402391,2.4910883952743803e-05,0.06416406107565809
Equal,overall,0.0,-523.5057268805482,0.17464165509246862,0.9926405032000224,0.9932236225961829,0.1670825790733854,0.023814623375309735,2.3247871796680902e-105
LLM(Combined),overall,,,0.0,1.0,0.9996990417528134,0.0352115791078574,0.0008901944249505271,
