model,scope,k,aic,rmse_to_llm,r2_to_llm,r2_to_truth,rmse_vs_truth,bias_vs_truth,aic_weight
EmpiricalLinear,overall,3.0,-613.3430324184538,0.10603389261620486,0.65920411045327,0.5564130501581083,0.1411584887186965,-0.013465942028985428,0.9999999999995022
Equal,overall,0.0,-556.6854669400909,0.13305717851218396,0.4633618328133954,0.41466135979375507,0.1621515919382722,-0.08922971014492755,4.976980937450708e-13
Bayes(range),overall,0.0,-540.7945906783535,0.1409428639573095,0.3978688127763006,0.3540650800069951,0.17033817951186053,-0.09573457610305795,1.763218122046942e-16
Bayes(stimulus),overall,0.0,-492.0020365897749,0.16819755385574933,0.14247993937175973,0.21207614549007137,0.18813073147917186,-0.11184324410892692,4.4785511786474016e-27
LLM(Combined),overall,,,0.0,1.0,0.5054745484438253,0.14904312356214028,-0.013465942028985512,
