range_category,w_img_bayes,w_txt_bayes
short,0.446214392662377,0.553785607337623
medium,0.546883115647393,0.453116884352607
long,0.652904014869424,0.34709598513057605
