model,scope,k,aic,rmse_to_llm,r2_to_llm,r2_to_truth,rmse_vs_truth,bias_vs_truth,aic_weight
EmpiricalLinear,overall,2.0,-632.6455543040752,0.11977361642682083,0.5499244210649885,0.5412441162935373,0.1426092805821028,0.054812419708459764,0.842855826510429
Combo_Oracle,overall,0.0,-629.286289838831,0.12274810305394232,0.5272922726359641,0.602968873131688,0.13266893521661086,-2.7237471537470505e-16,0.15714417348957094
Equal,overall,0.0,-443.02051749433,0.2283821267723011,-0.6363920055143901,0.12035300976797558,0.197474569582838,-0.12120114170659062,5.613060648821464e-42
Combo_NonOracle,overall,0.0,-398.3696455335995,0.26503356027891867,-1.2037628846233464,-0.19432626380306117,0.23010097386253855,-0.1591916027543991,1.130800735822035e-51
LLM(Combined),overall,,,0.0,1.0,0.4705349759398729,0.15320593990541093,0.04720122345078381,
