{
    "Basic Single-Stage": {
        "model_name": "bayes_basic_single",
        "params": {
            "w_p": 0.05309732313006356,
            "delta": -0.0009491156859053416
        },
        "steady_state_weight": null,
        "mode": "single",
        "model_type": "basic",
        "r_squared": 0.7661625801614784,
        "aic": -284.0783488437319,
        "bic": -279.8896597192877,
        "n_params": 2,
        "mse": 0.008218007543020104,
        "rmse": 0.09065322687593699,
        "predictions": [
            0.2506369809273853,
            0.46886964086559946,
            0.38602512566624875,
            0.3355173368820064,
            0.16786821794218415,
            0.16785874891541544,
            0.13076857106242004,
            0.4368453923338583,
            0.3364547705321076,
            0.3769632670486035,
            0.11656503090937097,
            0.4761323843971919,
            0.4240716752228828,
            0.1892019352520638,
            0.17764025356748187,
            0.17823680225390995,
            0.22401007765380268,
            0.30752689375373105,
            0.272377866388319,
            0.2190767147073103,
            0.48852872410716575,
            0.7613219162866258,
            0.6577686395441296,
            0.5946386380772108,
            0.3850701376323566,
            0.3850606686055878,
            0.3387003135460358,
            0.7212963401353337,
            0.5958033283697609,
            0.646443683528765,
            0.3209458883547245,
            0.7704027129578084,
            0.7053220919765377,
            0.41173491701301396,
            0.3972851821639788,
            0.398033235278706,
            0.45524509501518756,
            0.5596505841668666,
            0.515704830933333,
            0.4490807585887643,
            0.6506369809273852,
            0.8688696408655995,
            0.7860251256662488,
            0.7355173368820063,
            0.5678682179421841,
            0.5678587489154154,
            0.5307685710624199,
            0.8368453923338582,
            0.7364547705321076,
            0.7769632670486035,
            0.5165650309093709,
            0.8761323843971919,
            0.8240716752228828,
            0.5892019352520638,
            0.5776402535674818,
            0.5782368022539099,
            0.6240100776538027,
            0.7075268937537309,
            0.6723778663883191,
            0.6190767147073103
        ],
        "converged": true,
        "confidence_intervals": {
            "w_p": [
                -10.549000539705602,
                10.65519518596573
            ],
            "delta": [
                -1.386878405049945,
                1.3849801736781342
            ]
        }
    },
    "Basic Two-Stage": {
        "model_name": "bayes_basic_sequential",
        "params": {
            "r_div_q": 0.28528758551083955,
            "delta": -0.001073495030331609
        },
        "steady_state_weight": 0.924736606381782,
        "mode": "sequential",
        "model_type": "basic",
        "r_squared": 0.7685609689967651,
        "aic": -284.6968499741667,
        "bic": -280.5081608497225,
        "n_params": 2,
        "mse": 0.00813371830670758,
        "rmse": 0.0901871293850047,
        "predictions": [
            0.2487465049696684,
            0.4630846610987187,
            0.3967458326132522,
            0.34249159541740115,
            0.17407925151164091,
            0.1622235541036074,
            0.12497488700266049,
            0.42285752217506234,
            0.34524869680992776,
            0.3795603491348125,
            0.12631783870169794,
            0.46152351286928955,
            0.4339898139414931,
            0.20146058926777072,
            0.17375297320257355,
            0.17238965875336124,
            0.21723344599370584,
            0.30238369878991456,
            0.2738643891601556,
            0.21952782512499622,
            0.4861965049696683,
            0.7541215251424377,
            0.6712004763656437,
            0.6033875030857893,
            0.3928654400387218,
            0.37804767583686516,
            0.3314892967702693,
            0.7038427634111094,
            0.6068270955591687,
            0.6497209831429743,
            0.33316814913065834,
            0.7521729390801578,
            0.7177510051487039,
            0.42708913594413966,
            0.3924569162075702,
            0.39075525910198905,
            0.4468055197268534,
            0.5532523176375922,
            0.5175945158194997,
            0.44967552542652794,
            0.6487465049696683,
            0.8630846610987187,
            0.7967458326132523,
            0.7424915954174011,
            0.5740792515116409,
            0.5622235541036074,
            0.5249748870026605,
            0.8228575221750624,
            0.7452486968099279,
            0.7795603491348125,
            0.5263178387016979,
            0.8615235128692895,
            0.8339898139414932,
            0.6014605892677708,
            0.5737529732025736,
            0.5723896587533612,
            0.6172334459937059,
            0.7023836987899145,
            0.6738643891601556,
            0.6195278251249962
        ],
        "converged": true,
        "confidence_intervals": {
            "r_div_q": [
                -20.079970991513772,
                20.650546162535452
            ],
            "delta": [
                -1.387072864856096,
                1.3849258747954325
            ]
        }
    },
    "Weber Single-Stage": {
        "model_name": "bayes_weber_single",
        "params": {
            "w_p": 0.0,
            "delta": -0.031754625956266894
        },
        "steady_state_weight": null,
        "mode": "single",
        "model_type": "weber",
        "r_squared": 0.7728986278063749,
        "aic": -285.8319080462777,
        "bic": -281.6432189218335,
        "n_params": 2,
        "mse": 0.007981275156928399,
        "rmse": 0.08933798272251506,
        "predictions": [
            0.24201165918142095,
            0.4652781482337507,
            0.38052271313509,
            0.3288498944339521,
            0.15733372362336936,
            0.15732403618079321,
            0.11937832361004753,
            0.43251521744124066,
            0.32980895124899,
            0.3712518305897228,
            0.10484715974583549,
            0.4727084166896512,
            0.419446857406026,
            0.17915953174741583,
            0.1673311643619472,
            0.16794147324424413,
            0.21477057065731148,
            0.30021381417887827,
            0.26425402733624154,
            0.20972341307514183,
            0.4720399831518974,
            0.7511255163279538,
            0.6451836443152719,
            0.5805974646601375,
            0.366194985564977,
            0.36618529812240075,
            0.31875557926961273,
            0.7101766965586044,
            0.5817890200970028,
            0.6335974629942068,
            0.3005916244393477,
            0.7604157737584732,
            0.6938339809326537,
            0.39347482385939103,
            0.3786917864881994,
            0.3794570944517145,
            0.4379886224967606,
            0.5448023643412951,
            0.49984294334542323,
            0.4316820973796926,
            0.6295093622270751,
            0.852775851279405,
            0.7680204161807443,
            0.7163475974796062,
            0.5448314266690235,
            0.5448217392264475,
            0.5068760266557018,
            0.8200129204868949,
            0.7173066542946444,
            0.758749533635377,
            0.4923448627914897,
            0.8602061197353054,
            0.8069445604516803,
            0.5666572347930701,
            0.5548288674076014,
            0.5554391762898984,
            0.6022682737029657,
            0.6877115172245323,
            0.6517517303818957,
            0.597221116120796
        ],
        "converged": true,