range_category,regression_angle,scalar_variability,short_vs_medium_t,medium_vs_long_t,response_autocorr,stimulus_autocorr
short,39.91882496445727,0.1056558996228824,,,0.44610659786619145,0.24718809267831113
medium,41.935069057009976,0.06798715933403524,,,0.22111099754491848,0.217956842254054
long,31.241071479302104,0.07212362949960469,,,0.3275809026045919,0.21906490146470325
