model,scope,k,aic,rmse_to_llm,r2_to_llm,r2_to_truth,rmse_vs_truth,bias_vs_truth,aic_weight
Combo_NonOracle,overall,0.0,-1516.016690352979,0.07992277012651006,0.7647334223111265,0.7940351604985469,0.09543811703321856,0.036023622325581164,0.5391040873143063
EmpiricalLinear,overall,2.0,-1515.6686115226423,0.07943779477315675,0.7675799781499497,0.7769919851731535,0.09930830152857034,0.037754516356929176,0.4529896370705338
Equal,overall,0.0,-1507.572186676217,0.08105556991474175,0.7580169723627581,0.8055623589420233,0.09272898159142606,0.03458197238321299,0.00790627561515999
Combo_Oracle,overall,0.0,-1377.9147082034597,0.10060789817405287,0.6271936242759044,0.8375788729348639,0.08475134091920843,7.697546304067752e-17,5.536154871345319e-31
LLM(Combined),overall,,,0.0,1.0,0.7188339808649089,0.11150818177145146,0.05950895344315244,
