model,scope,k,aic,rmse_to_llm,r2_to_llm,r2_to_truth,rmse_vs_truth,bias_vs_truth,aic_weight
Combo_Oracle,overall,0.0,-1345.4593693337788,0.10619988189578924,0.7037178067969885,0.866862960542434,0.07673169044134115,-4.144832625267251e-17,0.999996606533855
EmpiricalLinear,overall,2.0,-1320.2720587261354,0.11001703099816237,0.68203645931182,0.806899846711209,0.09240950153327582,0.03518312668496992,3.393466144946586e-06
Combo_NonOracle,overall,0.0,-1252.7713071746948,0.12394068449662345,0.5964612318366683,0.8120424846390427,0.09117067412833235,0.04589856263162183,7.465201922544761e-21
Equal,overall,0.0,-1228.099190495605,0.1291433844931026,0.561871190945684,0.7968462104187254,0.0947846001468593,0.04788083333333334,3.2776267388873206e-26
LLM(Combined),overall,,,0.0,1.0,0.7281868013924577,0.10963786982607789,-0.0026049999999999893,
