{
  "empirical_linear": {
    "w_txt_norm": 0.9878417102528049,
    "w_img_norm": 0.012158289747195142
  },
  "combo_oracle": {
    "w_txt_norm": 0.7104507185111903,
    "w_img_norm": 0.28954928148880976
  },
  "combo_non_oracle": {
    "w_txt_norm": 0.5761581879379458,
    "w_img_norm": 0.4238418120620542
  }
}