range_category,regression_angle,scalar_variability,short_vs_medium_t,medium_vs_long_t,response_autocorr,stimulus_autocorr
short,42.05987308752623,0.11161208648264039,,,0.2472646201942343,0.24718809267831113
medium,34.64254533403452,0.09483838520445906,,,-0.19828982200722398,0.217956842254054
long,32.088967986207194,0.09044889803017504,,,0.12699724460067613,0.21906490146470325
