{
  "per_range": {
    "regression_effect": {
      "long": {
        "regression_angle": 0.988006301123071,
        "slope": 0.017245672376980766,
        "intercept": 0.5021890981994445,
        "r_squared": 0.00033835692821399086,
        "p_value": 0.8991070328746849,
        "regression_strength": 0.9827543276230193,
        "regression_strength_angular": 0.9780443044194873
      },
      "medium": {
        "regression_angle": -0.6534386654621341,
        "slope": -0.011405150651241331,
        "intercept": 0.48158768272524066,
        "r_squared": 0.00031917108955975613,
        "p_value": 0.9019948505274641,
        "regression_strength": 1.0114051506512414,
        "regression_strength_angular": 1.014520859232492
      },
      "short": {
        "regression_angle": 14.437993137232176,
        "slope": 0.2574633006130173,
        "intercept": 0.4032868854663563,
        "r_squared": 0.12479780497257112,
        "p_value": 0.011852124858136217,
        "regression_strength": 0.7425366993869826,
        "regression_strength_angular": 0.6791557080615072
      }
    },
    "weber_law": {
      "long": {
        "mean_cv": 0.19295040151371165,
        "cv_magnitude_correlation": 0.10791835902093194,
        "bin_magnitudes": [
          0.5455462499999999,
          0.63481125,
          0.72407625,
          0.76870875,
          0.8133412499999999,
          0.85797375
        ],
        "coefficient_variations": [
          0.24422902665391238,
          0.16940718336772628,
          0.14256328975018245,
          0.04721746185389357,
          0.2663524429041065,
          0.2879330045524486
        ],
        "p_value": 0.8387508901575309
      },
      "medium": {
        "mean_cv": 0.21546963947661393,
        "cv_magnitude_correlation": 0.5474303769572153,
        "bin_magnitudes": [
          0.356935,
          0.468515,
          0.580095,
          0.635885,
          0.691675,
          0.747465
        ],
        "coefficient_variations": [
          0.12325166214790864,
          0.22340695807807925,
          0.20666880121365333,
          0.305219322984534,
          0.14633808788305963,
          0.2879330045524486
        ],
        "p_value": 0.26088140706908125
      },
      "short": {
        "mean_cv": 0.16674352609898613,
        "cv_magnitude_correlation": 0.1415676893501628,
        "bin_magnitudes": [
          0.14554625,
          0.23481125,
          0.32407625,
          0.36870875000000003,
          0.41334125,
          0.45797374999999996
        ],
        "coefficient_variations": [
          0.1805565917831851,
          0.12247448713915887,
          0.15307878543971987,
          0.22340695807807925,
          0.15701328701314296,
          0.16393104714063075
        ],
        "p_value": 0.7890670740745451
      }
    },
    "sequential_effect": [
      {
        "range_category": "long",
        "n_runs": 5,
        "N_total": 50,
        "r_resp_mean": -0.42439167371924125,
        "r_stim_mean": 0.23521755130669839,
        "r_resp_weighted": -0.4276203446516225,
        "r_stim_weighted": 0.23521755130669839
      },
      {
        "range_category": "medium",
        "n_runs": 5,
        "N_total": 50,
        "r_resp_mean": -0.21178532997941285,
        "r_stim_mean": 0.23520721737985428,
        "r_resp_weighted": -0.21647683098419357,
        "r_stim_weighted": 0.23520721737985426
      },
      {
        "range_category": "short",
        "n_runs": 5,
        "N_total": 50,
        "r_resp_mean": -0.29882560138507974,
        "r_stim_mean": 0.23521755130669836,
        "r_resp_weighted": -0.30738256682675386,
        "r_stim_weighted": 0.23521755130669833
      }
    ]
  },
  "overall": {
    "range_effect": {
      "range_analyses_by_category": {
        "short": {
          "slope": 0.2574633006130173,
          "regression_strength": 0.7425366993869826,
          "r_squared": 0.12479780497257112,
          "mean_stimulus_magnitude": 0.30805599999999994
        },
        "medium": {
          "slope": -0.011405150651241331,
          "regression_strength": 1.0114051506512414,
          "r_squared": 0.00031917108955975613,
          "mean_stimulus_magnitude": 0.5600700000000001
        },
        "long": {
          "slope": 0.017245672376980766,
          "regression_strength": 0.9827543276230193,
          "r_squared": 0.00033835692821399086,
          "mean_stimulus_magnitude": 0.7080560000000001
        }
      },
      "correlation_analysis": {
        "correlation_magnitude_regression": 0.8907827059875223,
        "p_value": 0.30031370310911176,
        "interpretation": "Regression strength increases with stimulus magnitude (r=0.891)"
      },
      "pairwise_comparison_on_overlap": {
        "short_vs_medium": {
          "categories": [
            "medium",
            "short"
          ],
          "error": "Insufficient data in common bins for t-test.",
          "t_statistic": NaN,
          "p_value": NaN,
          "is_significant": false,
          "n_overlapping_bins": 0
        },
        "short_vs_long": {
          "error": "No overlapping data found or insufficient data after binning for short vs long."
        },
        "medium_vs_long": {
          "categories": [
            "long",
            "medium"
          ],
          "t_statistic": 3.9000000000000052,
          "p_value": 0.1597932732343398,
          "is_significant": false,
          "n_overlapping_bins": 2,
          "mean_long": 0.552,
          "mean_medium": 0.47400000000000003
        }
      }
    }
  }
}