range_category,regression_angle,scalar_variability,short_vs_medium_t,medium_vs_long_t,response_autocorr,stimulus_autocorr
short,14.437993137232176,0.16674352609898613,,,-0.30738256682675386,0.23521755130669833
medium,-0.6534386654621341,0.21546963947661393,,3.9000000000000052,-0.21647683098419357,0.23520721737985426
long,0.988006301123071,0.19295040151371165,,,-0.4276203446516225,0.23521755130669839
