model,scope,k,aic,rmse_to_llm,r2_to_llm,r2_to_truth,rmse_vs_truth,bias_vs_truth,aic_weight
Bayes(stimulus),overall,0.0,-789.2161259312189,0.07076602533441596,0.9104271076157617,0.5999530734764901,0.13344638625052158,-0.10477436501655057,0.9962991005889733
Bayes(range),overall,0.0,-778.024154644288,0.07347432077802538,0.9034398012472982,0.6796552632275026,0.1194153469903746,-0.08766850393445219,0.003698997625181507
EmpiricalLinear,overall,3.0,-762.87473134403,0.07576517321206352,0.8973246405553107,0.594122566200805,0.1344153296129193,-0.10265140939597285,1.8985785976230212e-06
Equal,overall,0.0,-750.1078360394429,0.08069001917604725,0.8835427237661806,0.6125407949391886,0.13133011966621982,-0.09495006711409396,3.207247608124068e-09
LLM(Combined),overall,,,0.0,1.0,0.5797883924715248,0.13676827545330017,-0.10265140939597316,
