range_category,w_img_bayes,w_txt_bayes
short,0.42516358704872154,0.5748364129512784
medium,0.20647024217534413,0.7935297578246558
long,0.4781490390305472,0.5218509609694528
