model,scope,k,aic,rmse_to_llm,r2_to_llm,r2_to_truth,rmse_vs_truth,bias_vs_truth,aic_weight
Combo_Oracle,overall,0.0,-505.81898731835037,0.185247355339898,-0.03208705833688197,0.008457837792959166,0.20965854056466704,-1.1842378929335003e-16,0.9999063292093638
Equal,overall,0.0,-486.43877191747475,0.197609469336916,-0.1744318025791738,-0.40731359412645807,0.24977697795128093,-0.055426333333333355,6.188694064231724e-05
EmpiricalLinear,overall,2.0,-484.89034713593276,0.19600120134363877,-0.1553930898148932,-0.3621387522862882,0.24573535210890457,-0.038746615420044934,2.8534012351938352e-05
Combo_NonOracle,overall,0.0,-480.5453636302462,0.20152982799884173,-0.22149295835514993,-0.354147888043874,0.24501349973173794,-0.007667404021415022,3.2498376418312335e-06
LLM(Combined),overall,,,0.0,1.0,-1.025423770812092,0.299650437899452,-0.049345333333333324,
