model,scope,k,aic,rmse_to_llm,r2_to_llm,r2_to_truth,rmse_vs_truth,bias_vs_truth,aic_weight
Combo_NonOracle,overall,0.0,-781.0884048858987,0.07400460067863451,0.7917708937680414,0.8646954875812884,0.07744851690350868,0.006024558220509621,0.875015137505514
EmpiricalLinear,overall,2.0,-777.1887154958835,0.07397985999299682,0.7919100978084896,0.8667701166610436,0.07685246276411725,0.005505476971555634,0.1245113020380479
Combo_Oracle,overall,0.0,-766.0039353827348,0.07782080622462019,0.7697416185867421,0.8786393528308988,0.07334928879632753,-3.090120751873352e-17,0.00046394300638468995
Equal,overall,0.0,-758.2515702801189,0.07985799897317739,0.7575284194602837,0.8150652109632903,0.09054537536506212,0.013663333333333328,9.617450053203307e-06
LLM(Combined),overall,,,0.0,1.0,0.8324150262333962,0.08619349743455129,0.013409999999999997,
