model,scope,k,aic,rmse_to_llm,r2_to_llm,r2_to_truth,rmse_vs_truth,bias_vs_truth,aic_weight
Combo_Oracle,overall,0.0,-462.44514062195907,0.16192044251743876,0.36185142709394635,0.6190796227978337,0.13431037716593291,-4.5020854935587057e-17,0.9999614414993709
EmpiricalLinear,overall,2.0,-442.1185089456948,0.17267016197794596,0.2743068376733261,0.6319124222452057,0.13202860857753462,0.0007391014829209741,3.855771310683084e-05
Equal,overall,0.0,-420.04326137651793,0.19133802944767656,0.10891110353183409,0.5932826970837799,0.13878380500776666,-0.014842844916124616,6.202005751102407e-10
Combo_NonOracle,overall,0.0,-417.42301103268846,0.1933220783482533,0.09033528502599031,0.5828989967291869,0.14054425024953754,-0.015694580787367282,1.6732160886904892e-10
LLM(Combined),overall,,,0.0,1.0,0.5583879360083626,0.14461486293834797,0.06801259842519684,
