model,scope,k,aic,rmse_to_llm,r2_to_llm,r2_to_truth,rmse_vs_truth,bias_vs_truth,aic_weight
Equal,overall,0.0,-778.4432129176973,0.07466000714349462,0.8876262280082101,0.7164710113988714,0.1121094865447761,-0.09458066666666667,0.5752640932403165
EmpiricalLinear,overall,2.0,-777.8364896074156,0.07382029153523036,0.8901397920958096,0.7150170014206437,0.11239658216039007,-0.09625353519731589,0.42473590373869086
Combo_NonOracle,overall,0.0,-740.3137043502795,0.08477858123161187,0.8551023996026678,0.6917404141777403,0.11689661206055788,-0.09000781720881479,3.0209927489968855e-09
Combo_Oracle,overall,0.0,-698.6491230230974,0.09740960978310002,0.8087098922714949,0.9216791792802689,0.058922646392211675,-2.6201263381153693e-16,2.708948834122247e-18
LLM(Combined),overall,,,0.0,1.0,0.7995110783850985,0.09427332376305257,-0.06619399999999999,
