model,scope,k,aic,rmse_to_llm,r2_to_llm,r2_to_truth,rmse_vs_truth,bias_vs_truth,aic_weight
Bayes(range),overall,0.0,121.10467572422034,1.497328098973237,0.4230449214396552,0.5893139185760246,1.3007306375441736,-0.6927866144847578,0.5952678722599329
EmpiricalLinear,overall,3.0,123.08268935030091,1.4773879519332944,0.43830939828695814,0.5663477832268204,1.3366052510151727,-0.32043263766018365,0.2214074560799767
Bayes(stimulus),overall,0.0,123.46018125774143,1.5091309231086834,0.4139132710467449,0.5696492822317609,1.3315075808208037,-0.7026970789908974,0.18332467166009034
Equal,overall,0.0,543.3467506608614,6.117514187731638,-8.630703704077925,-7.303095511443537,5.848606390031447,0.751747666666667,1.2190200738805621e-92
LLM(Combined),overall,,,0.0,1.0,0.7532248821194116,1.0082844317608473,-0.32043263766019425,
