range_category,w_img_bayes,w_txt_bayes
short,0.06945683773154696,0.930543162268453
medium,0.6796527102755601,0.32034728972443993
long,0.006532699721929353,0.9934673002780706
