model,scope,k,aic,rmse_to_llm,r2_to_llm,r2_to_truth,rmse_vs_truth,bias_vs_truth,aic_weight
EmpiricalLinear,overall,3.0,268.053753443734,2.3953096470909254,0.44284894988098,-1.247465171729988,3.0428382207424707,2.1737100000000056,0.999993357394575
Equal,overall,0.0,291.8977527347784,2.6458503555292325,0.3202015320582461,-0.14837277019052597,2.1750729161771796,1.1050691666666668,6.642605425035264e-06
Bayes(stimulus),overall,0.0,382.05130098461603,3.5733528782365824,-0.23994219250992366,-0.8642533372051877,2.771308298105338,0.2613209021676963,1.7609385109485058e-25
Bayes(range),overall,0.0,437.168280631379,4.294038228140593,-0.7905293288248894,0.674961007825674,1.1571778417120164,-0.8480079172265798,1.893407667560478e-37
LLM(Combined),overall,,,0.0,1.0,-2.497431588229469,3.795832078345932,2.1737100000000003,
