range_category,w_img_bayes,w_txt_bayes
short,0.006375175801948585,0.9936248241980514
medium,0.07213310858106883,0.9278668914189312
long,0.09147988564762202,0.908520114352378
