model,scope,k,aic,rmse_to_llm,r2_to_llm,r2_to_truth,rmse_vs_truth,bias_vs_truth,aic_weight
Combo_NonOracle,overall,0.0,-622.1444956738184,0.1257053018581143,0.7020075590536965,0.848235517827053,0.08202168773624666,-0.028963182971434,0.8807187357514188
EmpiricalLinear,overall,2.0,-618.1459799366831,0.12570467992728124,0.7020105076998686,0.8481592516634341,0.08204229431584273,-0.02893024769867741,0.11928080875279695
Combo_Oracle,overall,0.0,-593.1947708421812,0.1384403263562982,0.6385707588000102,0.8761269140754757,0.07410237161657378,2.220446049250313e-16,4.5549578424638206e-07
Equal,overall,0.0,312.3119852967769,2.8321607918111122,-150.26340399668786,-180.31218243886764,2.835026494676412,0.2067481111111111,1.071989676853034e-203
LLM(Combined),overall,,,0.0,1.0,0.6318977966813383,0.12774027232370117,-0.07754733333333332,
