model,scope,k,aic,rmse_to_llm,r2_to_llm,r2_to_truth,rmse_vs_truth,bias_vs_truth,aic_weight
EmpiricalLinear,overall,3.0,-812.0038418194836,0.06543621203927767,0.9320293348366493,0.7958768328167481,0.09512392861096691,-0.033460666666667006,0.963886526123819
Equal,overall,0.0,-805.432697789312,0.06823650049643519,0.9260873608092022,0.7580628873643358,0.10356067580570016,-0.030067333333333324,0.03606783825228917
Bayes(range),overall,0.0,-792.0877613835804,0.07134039672340532,0.9192102511304626,0.7859654848910208,0.09740596107395344,-0.03681832221207454,4.563562389193684e-05
Bayes(stimulus),overall,0.0,-708.3675031517505,0.09430462824259038,0.8588271336384781,0.5961350845163663,0.1338017188731531,-0.038337223670868205,3.017733648690238e-23
LLM(Combined),overall,,,0.0,1.0,0.7413843740340695,0.10707079078815099,-0.033460666666666666,
