{
  "empirical_linear": {
    "a_txt": 0.36963468704693114,
    "a_img": 0.5198213606209057,
    "intercept": 0.0513009581815955,
    "w_txt_norm": 0.41557386451654044,
    "w_img_norm": 0.5844261354834596
  }
}