range_category,w_img_bayes,w_txt_bayes
short,0.444206457169768,0.5557935428302321
medium,0.28928872456999905,0.7107112754300009
long,0.34905727695713434,0.6509427230428657
