model,scope,k,aic,rmse_to_llm,r2_to_llm,r2_to_truth,rmse_vs_truth,bias_vs_truth,aic_weight
Combo_NonOracle,overall,0.0,6.239854859933484,1.0232058031816444,0.7427033303591699,0.7896225442070781,0.9468592463232075,-0.596828567531215,0.7981678934245268
EmpiricalLinear,overall,2.0,8.989620403707631,1.0185134809302472,0.7450577942626161,0.7823983738867923,0.9629791707666878,-0.5767952212383691,0.20183210656798656
Equal,overall,0.0,57.04609394700932,1.2333428985949957,0.6261685366398069,0.7361907209681691,1.0603051204516,-0.719152205882353,7.407294526398657e-12
Combo_Oracle,overall,0.0,66.11750699110738,1.2751694475509727,0.6003829835313572,0.8721320234210632,0.7381875590851474,1.5673736818237504e-15,7.940124263333555e-14
LLM(Combined),overall,,,0.0,1.0,0.5640708802536532,1.362993439574648,-0.7442044117647058,
