model,scope,k,aic,rmse_to_llm,r2_to_llm,r2_to_truth,rmse_vs_truth,bias_vs_truth,aic_weight
Combo_Oracle,overall,0.0,-126.75211482734777,0.5998370540646871,0.882349888123913,0.8645043789047323,0.7374110636211696,3.051322635421398e-15,0.9999975338393999
EmpiricalLinear,overall,2.0,-100.92642309499969,0.6550194063917311,0.8597076149980358,0.7899666072784658,0.9181025486782227,-0.3168663584037063,2.4661598534819013e-06
Combo_NonOracle,overall,0.0,-70.90510275734665,0.7513319814161419,0.815417928658152,0.7864742740021458,0.9257039624983571,-0.5218816539892996,7.464046606953982e-13
Equal,overall,0.0,11.46214817780962,1.047303053542947,0.6413502737241907,0.6907545411782201,1.114034613090352,-0.7720837603589156,9.708520617193535e-31
LLM(Combined),overall,,,0.0,1.0,0.8490652331322994,0.7782903815829384,-0.052306451612903086,
