range_category,regression_angle,scalar_variability,short_vs_medium_t,medium_vs_long_t,response_autocorr,stimulus_autocorr
short,55.40493801184795,0.13662003872727624,,,0.32028845361803476,0.23502816576403177
medium,37.15984940158379,0.1065046776265599,,-8.777777777777827,0.1478561273185372,0.23525030686203605
long,29.234837565696477,0.0658195873546464,,,0.1529731500136645,0.23502816576403165
