{
  "per_range": {
    "regression_effect": {
      "long": {
        "regression_angle": 35.96633043946028,
        "slope": 0.7256450698790394,
        "intercept": 0.048202654401726774,
        "r_squared": 0.3523281905119146,
        "p_value": 5.5379120319265686e-06,
        "regression_strength": 0.27435493012096057,
        "regression_strength_angular": 0.20074821245643826
      },
      "medium": {
        "regression_angle": 23.582214033035836,
        "slope": 0.43651963271519817,
        "intercept": 0.276518449305199,
        "r_squared": 0.29629466258432374,
        "p_value": 4.384219022868859e-05,
        "regression_strength": 0.5634803672848019,
        "regression_strength_angular": 0.4759507992658703
      },
      "short": {
        "regression_angle": 44.62434356332653,
        "slope": 0.9869723450339523,
        "intercept": 0.11115724727822085,
        "r_squared": 0.6972201703211036,
        "p_value": 4.7942697211517637e-14,
        "regression_strength": 0.013027654966047741,
        "regression_strength_angular": 0.008347920814965921
      }
    },
    "weber_law": {
      "long": {
        "mean_cv": 0.12795756711263256,
        "cv_magnitude_correlation": 0.4392415559504578,
        "bin_magnitudes": [
          0.5455462499999999,
          0.63481125,
          0.72407625,
          0.76870875,
          0.8133412499999999,
          0.85797375
        ],
        "coefficient_variations": [
          0.07121392323834291,
          0.0,
          0.15543541742611425,
          0.26465657643118534,
          0.22056452839283636,
          0.05587495718731654
        ],
        "p_value": 0.38350979336085206
      },
      "medium": {
        "mean_cv": 0.10591271884943126,
        "cv_magnitude_correlation": -0.05816909274494275,
        "bin_magnitudes": [
          0.356935,
          0.468515,
          0.580095,
          0.635885,
          0.691675,
          0.747465
        ],
        "coefficient_variations": [
          0.1935009173403874,
          0.0,
          0.09125810518992028,
          0.16370277403626873,
          0.014430750636460165,
          0.17258376589355096
        ],
        "p_value": 0.9128447726145293
      },
      "short": {
        "mean_cv": 0.17665744100348843,
        "cv_magnitude_correlation": -0.6922299250537248,
        "bin_magnitudes": [
          0.14554625,
          0.23481125,
          0.32407625,
          0.36870875000000003,
          0.41334125,
          0.45797374999999996
        ],
        "coefficient_variations": [
          0.24078428263501817,
          0.30132240842189595,
          0.18547236990991406,
          0.15476369671456472,
          0.00916421302254013,
          0.16843767531699744
        ],
        "p_value": 0.12750726554630104
      }
    },
    "sequential_effect": [
      {
        "range_category": "long",
        "n_runs": 5,
        "N_total": 50,
        "r_resp_mean": -0.1692214954435697,
        "r_stim_mean": 0.23521755130669839,
        "r_resp_weighted": -0.1730842115926702,
        "r_stim_weighted": 0.23521755130669839
      },
      {
        "range_category": "medium",
        "n_runs": 5,
        "N_total": 50,
        "r_resp_mean": -0.16299342723991725,
        "r_stim_mean": 0.23520721737985428,
        "r_resp_weighted": -0.16422357478284133,
        "r_stim_weighted": 0.23520721737985426
      },
      {
        "range_category": "short",
        "n_runs": 5,
        "N_total": 50,
        "r_resp_mean": 0.3817666639479623,
        "r_stim_mean": 0.23521755130669836,
        "r_resp_weighted": 0.38423925635670264,
        "r_stim_weighted": 0.23521755130669833
      }
    ]
  },
  "overall": {
    "range_effect": {
      "range_analyses_by_category": {
        "short": {
          "slope": 0.9869723450339523,
          "regression_strength": 0.013027654966047741,
          "r_squared": 0.6972201703211036,
          "mean_stimulus_magnitude": 0.30805599999999994
        },
        "medium": {
          "slope": 0.43651963271519817,
          "regression_strength": 0.5634803672848019,
          "r_squared": 0.29629466258432374,
          "mean_stimulus_magnitude": 0.5600700000000001
        },
        "long": {
          "slope": 0.7256450698790394,
          "regression_strength": 0.27435493012096057,
          "r_squared": 0.3523281905119146,
          "mean_stimulus_magnitude": 0.7080560000000001
        }
      },
      "correlation_analysis": {
        "correlation_magnitude_regression": 0.5999900133319039,
        "p_value": 0.5903424177024936,
        "interpretation": "Regression strength increases with stimulus magnitude (r=0.600)"
      },
      "pairwise_comparison_on_overlap": {
        "short_vs_medium": {
          "categories": [
            "medium",
            "short"
          ],
          "error": "Insufficient data in common bins for t-test.",
          "t_statistic": NaN,
          "p_value": NaN,
          "is_significant": false,
          "n_overlapping_bins": 0
        },
        "short_vs_long": {
          "error": "No overlapping data found or insufficient data after binning for short vs long."
        },
        "medium_vs_long": {
          "categories": [
            "long",
            "medium"
          ],
          "t_statistic": -0.7853107344632769,
          "p_value": 0.576189692601103,
          "is_significant": false,
          "n_overlapping_bins": 2,
          "mean_long": 0.48200000000000004,
          "mean_medium": 0.621
        }
      }
    }
  }
}