model,scope,k,aic,rmse_to_llm,r2_to_llm,r2_to_truth,rmse_vs_truth,bias_vs_truth,aic_weight
Combo_Oracle,overall,0.0,-134.78344043288953,0.6380885993799164,0.8798056134314353,0.913468269697548,0.5970628801254383,9.592326932761353e-16,0.6191090135437849
EmpiricalLinear,overall,2.0,-133.81190411263177,0.6316795758062081,0.8822079758304584,0.8959121353710319,0.65483581921445,-0.1345246779117654,0.3808909864562141
Combo_NonOracle,overall,0.0,-66.68606164527765,0.8006856369735252,0.8107454668056391,0.8234484108862972,0.8528412402034992,-0.5558653377848601,1.0106696102758518e-15
Equal,overall,0.0,16.545879527521357,1.0567022056449298,0.6703694594030309,0.6981324396081334,1.1151687736242737,-0.8599566666666666,8.531449460840741e-34
LLM(Combined),overall,,,0.0,1.0,0.8878240067558925,0.6798018456980842,-0.0830564677126005,
