{
  "empirical_linear": {
    "w_txt_norm": 0.10931064802084167,
    "w_img_norm": 0.8906893519791583
  },
  "combo_oracle": {
    "w_txt_norm": 0.25271053859790416,
    "w_img_norm": 0.7472894614020958
  },
  "combo_non_oracle": {
    "w_txt_norm": 0.33622828043849284,
    "w_img_norm": 0.6637717195615072
  }
}