model,scope,k,aic,rmse_to_llm,r2_to_llm,r2_to_truth,rmse_vs_truth,bias_vs_truth,aic_weight
Combo_Oracle,overall,0.0,-103.15473877711766,0.6552323831331787,0.8568336946734276,0.8301045452662461,0.8256663090056041,6.479334373222225e-16,0.9965201381440827
EmpiricalLinear,overall,2.0,-91.84018527331604,0.6751721088314601,0.8479875712752415,0.7557374161227243,0.9900158715008054,-0.3914681384517119,0.003479861855917385
Equal,overall,0.0,-5.352935222655205,0.9783006343387195,0.6808500495845307,0.6254657117810127,1.2259125051348083,-0.8744155737704917,5.768916827222909e-22
Combo_NonOracle,overall,0.0,35.18146446248104,1.1550993178575069,0.5550729954085994,0.5297301890157708,1.3736852457274622,-1.0308103455463273,9.10251120782669e-31
LLM(Combined),overall,,,0.0,1.0,0.8729533040995201,0.7139953297477786,-0.1813008196721311,
