model,scope,k,aic,rmse_to_llm,r2_to_llm,r2_to_truth,rmse_vs_truth,bias_vs_truth,aic_weight
EmpiricalLinear,overall,3.0,-715.2312057985854,0.09034640798616132,0.6073045471514192,0.41321979857380575,0.16128526470017318,0.037809999999999636,1.0
Bayes(range),overall,0.0,-625.5862645118906,0.12427138099022042,0.25702133897358015,0.43126882425184077,0.1587853691491455,-0.022053641692272703,3.418600362349336e-20
Equal,overall,0.0,-620.7899288871839,0.1262741726033739,0.23288026674672158,0.41513876472764755,0.1610213205344766,-0.026489999999999996,3.1069716231631976e-21
Bayes(stimulus),overall,0.0,-604.4695653969742,0.13333392922678397,0.14470595816303877,0.2886483759434503,0.177582076127521,-0.01563503580844144,8.880049435465787e-25
LLM(Combined),overall,,,0.0,1.0,0.3756094474337477,0.16637387314920174,0.037809999999999996,
