range_category,w_img_bayes,w_txt_bayes
short,0.4650723276857131,0.5349276723142868
medium,0.4918619350626016,0.5081380649373983
long,0.35867780590838955,0.6413221940916105
