model,scope,k,aic,rmse_to_llm,r2_to_llm,r2_to_truth,rmse_vs_truth,bias_vs_truth,aic_weight
Combo_NonOracle,overall,0.0,-1499.6266079471177,0.0821360976597207,0.7016672913766655,0.3992244346685092,0.16299768966568742,-0.10594934115121281,0.752594621505166
EmpiricalLinear,overall,2.0,-1497.387111167643,0.08189544944321854,0.7034128834809767,0.39174053865352954,0.16400978332421842,-0.10601075130353751,0.24561821082754443
Equal,overall,0.0,-1487.54081859976,0.08380733900215413,0.6894032956389088,0.40830706017134233,0.1617608841344882,-0.10583677876548349,0.0017871676672896104
Combo_Oracle,overall,0.0,-1159.761670551228,0.14472265133605405,0.07379790094004413,0.7345984523804884,0.10833705953214239,-9.473903143468003e-17,1.1907693802279556e-74
LLM(Combined),overall,,,0.0,1.0,0.19447298077125974,0.18874061875141415,-0.11236499999999999,
