correct,response,range_category,trial,stimulus_id
2.5,,short,0,0
4.8023,7.0710678118654755,short,1,1
3.9051,5.0990195135927845,short,2,2
3.4004,4.821789211492801,short,3,3
1.6008,2.5495097567963922,short,4,4
4.4721,,medium,0,0
6.8237,10.0,medium,1,1
5.9634,9.01,medium,2,2
5.3852,8.06,medium,3,3
3.6056,5.0,medium,4,4
6.5,,long,0,0
8.8459,13.0,long,1,1
7.9412,10.3,long,2,2
7.433,8.02,long,3,3
5.6569,4.0,long,4,4
