model,scope,k,aic,rmse_to_llm,r2_to_llm,r2_to_truth,rmse_vs_truth,bias_vs_truth,aic_weight
EmpiricalLinear,overall,3.0,-773.5033493284136,0.0743966401191462,0.8912613035239524,0.6987721203541595,0.11555565712375002,-0.09172733333333326,0.999870466236472
Bayes(range),overall,0.0,-755.6004700483006,0.08056683153600026,0.8724765521141393,0.8235283957074389,0.08844658032309746,-0.05789667315428363,0.0001295337384467209
Equal,overall,0.0,-724.6814702589747,0.08931329688237917,0.8432853057705111,0.8367595049980556,0.08506630731376554,-0.04743066666666666,2.502691983783652e-11
Bayes(stimulus),overall,0.0,-712.4221645219092,0.09303862509365829,0.8299392675612256,0.8372183237103374,0.08494667560864236,-0.054572907720247685,5.449202983987647e-14
LLM(Combined),overall,,,0.0,1.0,0.6462344143019163,0.12522799303670085,-0.09172733333333333,
