range_category,w_img_bayes,w_txt_bayes
short,0.2647080117625951,0.7352919882374049
medium,0.4821875507974672,0.5178124492025328
long,0.43522751496048134,0.5647724850395186
