model,scope,k,aic,rmse_to_llm,r2_to_llm,r2_to_truth,rmse_vs_truth,bias_vs_truth,aic_weight
EmpiricalLinear,overall,3.0,57.72816571028669,1.1881853401910385,0.6803727805963993,0.6853678217614168,1.1385023884652687,-0.5270645175528317,1.0
Equal,overall,0.0,147.95077676350863,1.6374976540387884,0.39293282566955745,0.10660955844010755,1.9184612360799775,-1.5493462747352043,2.5609962252233773e-20
Bayes(range),overall,0.0,203.569286721728,1.9710458477705077,0.12043319657103124,-0.19014758159545053,2.214281271611636,-1.813758901816373,2.1429051820568423e-32
Bayes(stimulus),overall,0.0,242.65155681999923,2.245298608312329,-0.14136247898269927,-0.4135774141387285,2.4131936636640003,-1.9295006266785697,6.988690907159889e-41
LLM(Combined),overall,,,0.0,1.0,0.6534998818974752,1.1947693449251553,-0.5270645175528322,
