range_category,w_img_bayes,w_txt_bayes
short,0.25880942712974453,0.7411905728702555
medium,0.6682896613997887,0.33171033860021126
long,0.2966943557359373,0.7033056442640627
