model,scope,k,aic,rmse_to_llm,r2_to_llm,r2_to_truth,rmse_vs_truth,bias_vs_truth,aic_weight
Combo_Oracle,overall,0.0,-166.19080694726583,0.5746642300473574,0.9208470335631332,0.95413078421447,0.43470339815348374,7.164639252247677e-16,0.4132524441518554
EmpiricalLinear,overall,2.0,-165.63011363931366,0.5681136955145187,0.9226412608129845,0.9557462724542318,0.42697977736818726,0.03436576616238488,0.3122212269152642
Combo_NonOracle,overall,0.0,-164.4077365629793,0.5780899563795732,0.9199005169543281,0.9548530174824217,0.4312675106034248,0.07225155505749788,0.16944416440352644
Equal,overall,0.0,-163.4521747719246,0.5799342275925206,0.9193886214897758,0.9504015416596094,0.4520291753120957,-0.006906666666666599,0.10508216452935377
LLM(Combined),overall,,,0.0,1.0,0.9212967113958044,0.5694148871136641,0.012910000000000062,
