model,scope,k,aic,rmse_to_llm,r2_to_llm,r2_to_truth,rmse_vs_truth,bias_vs_truth,aic_weight
Equal,overall,0.0,-622.2565237888243,0.09639410411571175,0.7357329439502525,0.8408143914699096,0.08398612085482103,-0.01909849624060151,0.7867002294127047
EmpiricalLinear,overall,2.0,-618.71874799547,0.09622674697720444,0.7366497756547752,0.8340384590232764,0.08575498018138752,-0.020831045819615295,0.1341501072395987
Combo_NonOracle,overall,0.0,-617.5874087436042,0.09810105326915831,0.7262907816531801,0.8005968843806377,0.093998644611524,-0.02665475978930969,0.0761945357145911
Combo_Oracle,overall,0.0,-611.0879129272813,0.10052759812428412,0.7125828382835792,0.8451003022230602,0.08284778596659956,-2.120275550787893e-16,0.002955127633105565
LLM(Combined),overall,,,0.0,1.0,0.6779498808632092,0.11945858155346949,-0.020000751879699255,
