range_category,regression_angle,scalar_variability,short_vs_medium_t,medium_vs_long_t,response_autocorr,stimulus_autocorr
short,43.439909139985254,0.08162671940719415,,,0.06903874708204552,0.24718809267831113
medium,42.816145539473126,0.1012285063583596,,,-0.09331297901371745,0.217956842254054
long,36.650447026858025,0.08328474216389382,,,0.0749900516099243,0.21906490146470325
