model,scope,k,aic,rmse_to_llm,r2_to_llm,r2_to_truth,rmse_vs_truth,bias_vs_truth,aic_weight
EmpiricalLinear,overall,3.0,-256.6889520361357,0.4165995459195504,0.956185989614111,0.9495339287763894,0.4559656491942015,-0.1770233333333324,0.9896228405809064
Equal,overall,0.0,-247.36746955610903,0.43842863349314526,0.9514741398606812,0.9568548658169673,0.42159775497504726,-0.05768999999999997,0.00936128588020954
Bayes(range),overall,0.0,-242.92362384295672,0.4449713358047908,0.9500150233799272,0.9578843330804112,0.4165376080045052,-0.049800606351309507,0.0010147677868003544
Bayes(stimulus),overall,0.0,-229.27984511972076,0.4656755414228,0.9452552749737659,0.9367756363787126,0.5103576287441178,-0.027712973497915835,1.1057520837211105e-06
LLM(Combined),overall,,,0.0,1.0,0.9267153720561725,0.549463465876789,-0.17702333333333325,
