{
  "empirical_linear": {
    "a_txt": 0.5245852950971832,
    "a_img": 0.4432884504676083,
    "intercept": 0.02376054618373441,
    "w_txt_norm": 0.5419976494879171,
    "w_img_norm": 0.45800235051208305
  }
}