range_category,w_img_bayes,w_txt_bayes
short,0.3872269512421794,0.6127730487578207
medium,0.6228988953240214,0.37710110467597857
long,0.44724774819010554,0.5527522518098944
