model,scope,k,aic,rmse_to_llm,r2_to_llm,r2_to_truth,rmse_vs_truth,bias_vs_truth,aic_weight
Combo_Oracle,overall,0.0,-527.8962924543719,0.17210434860313772,0.07258181235648198,0.12350837203046972,0.19712007306519774,-2.3684757858670008e-17,0.7435839050867472
EmpiricalLinear,overall,2.0,-525.7288529614142,0.17105624760189023,0.0838432145785093,-0.19320051919959114,0.22999250434030036,-0.054839499005851874,0.2515802098526983
Equal,overall,0.0,-517.139492490266,0.1783872895455138,0.003632083988230672,-0.186131741369586,0.22931022969510878,-0.09144281481481481,0.003431788757805123
Combo_NonOracle,overall,0.0,-515.3521170222217,0.17945327881454556,-0.008311490668940325,-0.1900752350568271,0.22969110352560165,-0.094073433502659,0.001404096302749403
LLM(Combined),overall,,,0.0,1.0,-0.15033108167984888,0.22582311440594383,-0.016189999999999993,
