model,scope,k,aic,rmse_to_llm,r2_to_llm,r2_to_truth,rmse_vs_truth,bias_vs_truth,aic_weight
Combo_NonOracle,overall,0.0,-688.6221256846721,0.10072038309742544,0.778848246857998,0.8250618384188138,0.08806146543579099,-0.05223308972783071,0.5300136270602344
Equal,overall,0.0,-688.0498921929392,0.10091268503017843,0.7780029659568956,0.8149458245994446,0.09057181555723245,-0.052534,0.3981329408643122
EmpiricalLinear,overall,2.0,-684.6255770065999,0.10071922437586804,0.7788533352387593,0.8258418894386158,0.0878649126037385,-0.05220786161771517,0.07185343207545346
Combo_Oracle,overall,0.0,-612.2715946702236,0.1299110471278556,0.632084728265701,0.8987545355199468,0.06699330719858672,4.5889218351173137e-17,1.3963036741957195e-17
LLM(Combined),overall,,,0.0,1.0,0.5949046856469511,0.13400538138448023,-0.07692733333333335,
