model,scope,k,aic,rmse_to_llm,r2_to_llm,r2_to_truth,rmse_vs_truth,bias_vs_truth,aic_weight
EmpiricalLinear,overall,3.0,-882.6272626024256,0.0476799621419424,0.905979114343457,0.47592547229107873,0.1533454068464352,-0.11385520547945173,1.0
Bayes(range),overall,0.0,-808.1275835671622,0.0628150730352487,0.8368149863420876,0.5932978785389091,0.1350866603863403,-0.08788555566633106,6.646610751163801e-17
Bayes(stimulus),overall,0.0,-755.1235634401019,0.07531773849693064,0.7653896989941668,0.5556392251918999,0.1412024083008808,-0.08635677794321256,2.0555285620196654e-28
Equal,overall,0.0,-673.1922440396612,0.09971363106004154,0.5887919607365315,0.46695331529636863,0.15465247318308178,-0.08351273972602738,3.324784953389401e-46
LLM(Combined),overall,,,0.0,1.0,0.47969274457855327,0.1527932565346578,-0.11385520547945205,
