{
  "empirical_linear": {
    "a_txt": 0.9299348179580923,
    "a_img": 0.020261931993997118,
    "intercept": -0.0048691497405701275,
    "w_txt_norm": 0.9786760668303499,
    "w_img_norm": 0.02132393316965014
  }
}