range_category,w_img_bayes,w_txt_bayes
short,0.16094562498982548,0.8390543750101745
medium,0.2740876282472521,0.7259123717527479
long,0.08904290991339056,0.9109570900866094
