model,scope,k,aic,rmse_to_llm,r2_to_llm,r2_to_truth,rmse_vs_truth,bias_vs_truth,aic_weight
Bayes(stimulus),overall,0.0,47.0212753976631,1.169688629382837,0.6317795966654076,0.8611300345950612,0.7563739119957031,0.1496437182718178,0.9999998920695682
EmpiricalLinear,overall,3.0,80.30544310896082,1.281056092949348,0.558324198402623,0.8101951947073812,0.8842722151798863,0.33646250287045554,5.921541362968715e-08
Bayes(range),overall,0.0,81.72527025892401,1.3131352094714408,0.5359271024229171,0.8819229752823526,0.6974532113052233,0.20347971024759212,2.911543070418844e-08
Equal,overall,0.0,82.51678982602247,1.3166043579990485,0.5334718115576349,0.874055599293482,0.7203139235119238,0.17151745221460296,1.9599587396899354e-08
LLM(Combined),overall,,,0.0,1.0,0.6071343062964962,1.2721971865763904,0.33646250287045737,
