range_category,w_img_bayes,w_txt_bayes
short,0.28492460420794635,0.7150753957920537
medium,0.6105679210017311,0.3894320789982689
long,0.508801379875557,0.49119862012444304
