model,scope,k,aic,rmse_to_llm,r2_to_llm,r2_to_truth,rmse_vs_truth,bias_vs_truth,aic_weight
EmpiricalLinear,overall,3.0,-957.7482755085076,0.040256079139372326,0.9670382784213877,0.898306799463177,0.06714127545834052,-0.03546066666666673,0.9999586321231931
Bayes(range),overall,0.0,-937.5623463907162,0.04392780353000221,0.9607512421371162,0.9184567078711978,0.060122599499827775,-0.015142353109022259,4.136787569936547e-05
Bayes(stimulus),overall,0.0,-902.6904982555862,0.04934255785964278,0.9504789028117897,0.9283031800173772,0.05637591140031256,-0.015573608006611775,1.1074843819216635e-12
Equal,overall,0.0,-875.6056517141558,0.05400462943118858,0.9406789375096783,0.8940907559239428,0.06851892857695115,-0.008360666666666662,1.455251019860973e-18
LLM(Combined),overall,,,0.0,1.0,0.9214399679593952,0.05901256001903323,-0.03546066666666666,
