range_category,w_img_bayes,w_txt_bayes
short,0.39233347565106,0.60766652434894
medium,0.2848495690571306,0.7151504309428693
long,0.2194252291123023,0.7805747708876977
