range_category,regression_angle,scalar_variability,short_vs_medium_t,medium_vs_long_t,response_autocorr,stimulus_autocorr
short,43.89144300596541,0.08350269870900962,,,0.09766898821176118,0.24718809267831113
medium,38.07757394875953,0.08480686394186544,,,0.14337502532540625,0.217956842254054
long,34.10287387958916,0.10067563532977665,,,0.04055037855818056,0.21906490146470325
