range_category,regression_angle,scalar_variability,short_vs_medium_t,medium_vs_long_t,response_autocorr,stimulus_autocorr
short,9.236090175303467,0.6826236665374511,,,-0.46545875711503293,0.24718809267831113
medium,38.26682230171219,0.3807800562950542,,,-0.13266377057174014,0.217956842254054
long,18.101215048520945,0.3019729627236673,,,-0.10249902236661403,0.21906490146470325
