model,scope,k,aic,rmse_to_llm,r2_to_llm,r2_to_truth,rmse_vs_truth,bias_vs_truth,aic_weight
Combo_Oracle,overall,0.0,-582.2358313600781,0.1435910278378434,0.17823340125497378,0.492614624664627,0.14997744058411216,-1.1842378929335004e-17,0.9991727687360286
Combo_NonOracle,overall,0.0,-567.621997313772,0.1507589124487155,0.09414253350484758,0.47419126618687324,0.15267603161508744,0.04667468954703331,0.0006703272065804283
EmpiricalLinear,overall,2.0,-564.7177330065537,0.15020927708028975,0.10073562562319616,0.4943922810448279,0.14971448239015908,0.042800162903301776,0.00015690394574798273
Equal,overall,0.0,-536.4060561575475,0.1672910469759066,-0.1154221769880528,0.4663559971427017,0.15380936597814523,0.020615174201832467,1.1164296211492927e-10
LLM(Combined),overall,,,0.0,1.0,0.37255248950195763,0.16678065135580525,0.06307666666666666,
