{
  "empirical_linear": {
    "w_txt_norm": 0.7636560255446307,
    "w_img_norm": 0.23634397445536925
  },
  "combo_oracle": {
    "w_txt_norm": 0.707911826489238,
    "w_img_norm": 0.29208817351076194
  },
  "combo_non_oracle": {
    "w_txt_norm": 0.8097025802442676,
    "w_img_norm": 0.19029741975573247
  }
}