range_category,regression_angle,scalar_variability,short_vs_medium_t,medium_vs_long_t,response_autocorr,stimulus_autocorr
short,51.59941250262888,0.1893972161213043,,,0.2141668406949097,0.24718809267831113
medium,44.481425464972816,0.1856723798155957,,,0.11695498790205049,0.217956842254054
long,9.76436206130422,0.142161413169806,,,-0.23207890319544672,0.21906490146470325
