range_category,regression_angle,scalar_variability,short_vs_medium_t,medium_vs_long_t,response_autocorr,stimulus_autocorr
short,44.67417342657733,0.056704400205972644,,,0.23450339985432644,0.24718809267831113
medium,40.51739131304352,0.07095163317247387,,,0.13517575167389623,0.217956842254054
long,41.118575394077624,0.033942693082184845,,,0.37966128025912277,0.21906490146470325
