model,scope,k,aic,rmse_to_llm,r2_to_llm,r2_to_truth,rmse_vs_truth,bias_vs_truth,aic_weight
EmpiricalLinear,overall,3.0,-50.15476117657966,0.8292923458193935,0.8410712791584019,0.8965173196929759,0.6529293813854633,-0.05582333333333106,0.9557732735682983
Bayes(range),overall,0.0,-43.62714029856849,0.8646557734726275,0.8272279185503807,0.8855596170103808,0.68662882104123,-0.2846217952494386,0.036551063554074996
Equal,overall,0.0,-40.50582834206157,0.8736989374683555,0.8235950818225665,0.8772390139420171,0.7111522061649908,-0.2604566666666666,0.007675660175498581
Bayes(stimulus),overall,0.0,-10.786777801544021,0.9646828099708639,0.784941727215241,0.8436568102663174,0.8025495613295218,-0.3419298106351809,2.7021279543297018e-09
LLM(Combined),overall,,,0.0,1.0,0.8526316634334423,0.7791740286996223,-0.05582333333333329,
