{
  "empirical_linear": {
    "a_txt": 0.34473204597029516,
    "a_img": 0.6362752414390008,
    "intercept": 0.35261410989231223,
    "w_txt_norm": 0.35140620298620273,
    "w_img_norm": 0.6485937970137973
  }
}