range_category,w_img_bayes,w_txt_bayes
short,0.3033366124304362,0.6966633875695638
medium,0.7160358927276761,0.2839641072723239
long,0.6602781738981196,0.3397218261018804
