{
  "per_range": {
    "regression_effect": {
      "long": {
        "regression_angle": -18.985797580159872,
        "slope": -0.3440503690533215,
        "intercept": 0.7656069281104185,
        "r_squared": 0.028622794934737777,
        "p_value": 0.24018100587843044,
        "regression_strength": 1.3440503690533214,
        "regression_strength_angular": 1.4219066128924416
      },
      "medium": {
        "regression_angle": 34.565809444851205,
        "slope": 0.6889734299501952,
        "intercept": 0.15712665108779417,
        "r_squared": 0.2089389839585614,
        "p_value": 0.0008467001716863966,
        "regression_strength": 0.31102657004980483,
        "regression_strength_angular": 0.23187090122552878
      },
      "short": {
        "regression_angle": 25.769809580631936,
        "slope": 0.48276899285776975,
        "intercept": 0.10148011513620689,
        "r_squared": 0.21330788667256761,
        "p_value": 0.000734778138382393,
        "regression_strength": 0.5172310071422302,
        "regression_strength_angular": 0.42733756487484587
      }
    },
    "weber_law": {
      "long": {
        "mean_cv": 0.3470202865397774,
        "cv_magnitude_correlation": 0.360755245353112,
        "bin_magnitudes": [
          0.5455462499999999,
          0.63481125,
          0.72407625,
          0.76870875,
          0.8133412499999999,
          0.85797375
        ],
        "coefficient_variations": [
          0.3865203080893453,
          0.05807968772726733,
          0.38603725779952874,
          0.4074501503251655,
          0.09428090415820638,
          0.7497534111391512
        ],
        "p_value": 0.4823422598959647
      },
      "medium": {
        "mean_cv": 0.2070041735183021,
        "cv_magnitude_correlation": -0.6837709414902918,
        "bin_magnitudes": [
          0.356935,
          0.468515,
          0.580095,
          0.635885,
          0.691675,
          0.747465
        ],
        "coefficient_variations": [
          0.5018550087498254,
          0.06674829783581461,
          0.33463932588857975,
          0.24845199749997662,
          0.05733507634614851,
          0.03299533478946779
        ],
        "p_value": 0.13418964399333974
      },
      "short": {
        "mean_cv": 0.2712330714096782,
        "cv_magnitude_correlation": -0.4533144231579288,
        "bin_magnitudes": [
          0.14554625,
          0.23481125,
          0.32407625,
          0.36870875000000003,
          0.41334125,
          0.45797374999999996
        ],
        "coefficient_variations": [
          0.5635804528442466,
          0.0,
          0.6156922454196059,
          0.28270670587303054,
          0.0860026145192227,
          0.07941640980196306
        ],
        "p_value": 0.3666050546480482
      }
    },
    "sequential_effect": [
      {
        "range_category": "long",
        "n_runs": 5,
        "N_total": 50,
        "r_resp_mean": -0.6091465354732322,
        "r_stim_mean": 0.23521755130669839,
        "r_resp_weighted": -0.6208716420125,
        "r_stim_weighted": 0.23521755130669839
      },
      {
        "range_category": "medium",
        "n_runs": 5,
        "N_total": 50,
        "r_resp_mean": -0.17570636682627594,
        "r_stim_mean": 0.23520721737985428,
        "r_resp_weighted": -0.17732107006134037,
        "r_stim_weighted": 0.23520721737985426
      },
      {
        "range_category": "short",
        "n_runs": 5,
        "N_total": 50,
        "r_resp_mean": -0.3954070275477706,
        "r_stim_mean": 0.23521755130669836,
        "r_resp_weighted": -0.4115332186075451,
        "r_stim_weighted": 0.23521755130669833
      }
    ]
  },
  "overall": {
    "range_effect": {
      "range_analyses_by_category": {
        "short": {
          "slope": 0.48276899285776975,
          "regression_strength": 0.5172310071422302,
          "r_squared": 0.21330788667256761,
          "mean_stimulus_magnitude": 0.30805599999999994
        },
        "medium": {
          "slope": 0.6889734299501952,
          "regression_strength": 0.31102657004980483,
          "r_squared": 0.2089389839585614,
          "mean_stimulus_magnitude": 0.5600700000000001
        },
        "long": {
          "slope": -0.3440503690533215,
          "regression_strength": 1.3440503690533214,
          "r_squared": 0.028622794934737777,
          "mean_stimulus_magnitude": 0.7080560000000001
        }
      },
      "correlation_analysis": {
        "correlation_magnitude_regression": 0.6506448678613324,
        "p_value": 0.5489973354704876,
        "interpretation": "Regression strength increases with stimulus magnitude (r=0.651)"
      },
      "pairwise_comparison_on_overlap": {
        "short_vs_medium": {
          "categories": [
            "medium",
            "short"
          ],
          "error": "Insufficient data in common bins for t-test.",
          "t_statistic": NaN,
          "p_value": NaN,
          "is_significant": false,
          "n_overlapping_bins": 0
        },
        "short_vs_long": {
          "error": "No overlapping data found or insufficient data after binning for short vs long."
        },
        "medium_vs_long": {
          "categories": [
            "long",
            "medium"
          ],
          "t_statistic": -0.06122448979591842,
          "p_value": 0.961071870613506,
          "is_significant": false,
          "n_overlapping_bins": 2,
          "mean_long": 0.7050000000000001,
          "mean_medium": 0.72
        }
      }
    }
  }
}