{
    "Basic Single-Stage": {
        "model_name": "bayes_basic_single",
        "params": {
            "w_p": 0.07613347740609254,
            "delta": -0.08705333247581976
        },
        "steady_state_weight": null,
        "mode": "single",
        "model_type": "basic",
        "r_squared": 0.8655242893184163,
        "aic": -162.60246696987628,
        "bic": -159.80007220655196,
        "n_params": 2,
        "mse": 0.00387320202791664,
        "rmse": 0.06223505465504662,
        "predictions": [
            0.16728627573632754,
            0.3797755759329262,
            0.29662758889947455,
            0.2504342627697792,
            0.08413828870287585,
            0.08413828870287585,
            0.047183627799119554,
            0.35205958025510903,
            0.2504342627697792,
            0.28738892367353547,
            0.4083521444200129,
            0.676273435972246,
            0.5746481184869161,
            0.5099774619053425,
            0.306726826934683,
            0.306726826934683,
            0.26053350080498766,
            0.6300801098425506,
            0.5099774619053425,
            0.5561707880350379,
            0.5672862757363275,
            0.7797755759329263,
            0.6966275888994746,
            0.6504342627697792,
            0.48413828870287595,
            0.48413828870287595,
            0.4471836277991195,
            0.7520595802551091,
            0.6504342627697792,
            0.6873889236735355
        ],
        "converged": true,
        "confidence_intervals": {
            "w_p": [
                -10.49438522245006,
                10.646652177262244
            ],
            "delta": [
                -1.4686087995666062,
                1.2945021346149665
            ]
        }
    },
    "Basic Two-Stage": {
        "model_name": "bayes_basic_sequential",
        "params": {
            "r_div_q": 0.16625124076255257,
            "delta": -0.08667991727829726
        },
        "steady_state_weight": 0.9731039185181102,
        "mode": "sequential",
        "model_type": "basic",
        "r_squared": 0.8625823464036214,
        "aic": -161.95339489688038,
        "bic": -159.15100013355607,
        "n_params": 2,
        "mse": 0.00395793658113703,
        "rmse": 0.06291213381484553,
        "predictions": [
            0.16332008272170273,
            0.387296004495443,
            0.30552105880743846,
            0.25468825054513444,
            0.07807367374811346,
            0.07344467254315575,
            0.034371733032794824,
            0.35469847099126695,
            0.2559771719040749,
            0.2923413391643681,
            0.4033200827217028,
            0.6857245058277232,
            0.5860040626241466,
            0.515225102321684,
            0.29913612928899724,
            0.29347251910071714,
            0.24463455909528592,
            0.6328706860595726,
            0.5164534587823919,
            0.5620917262484046,
            0.5633200827217028,
            0.7872960044954431,
            0.7055210588074385,
            0.6546882505451344,
            0.4780736737481135,
            0.4734446725431558,
            0.43437173303279486,
            0.7546984709912669,
            0.6559771719040748,
            0.6923413391643681
        ],
        "converged": true,
        "confidence_intervals": {
            "r_div_q": [
                -30.547424635165488,
                30.87992711669059
            ],
            "delta": [
                -1.474524499266418,
                1.3011646647098234
            ]
        }
    },
    "Weber Single-Stage": {
        "model_name": "bayes_weber_single",
        "params": {
            "w_p": 0.0,
            "delta": -0.19054835248499147
        },
        "steady_state_weight": null,
        "mode": "single",
        "model_type": "weber",
        "r_squared": 0.9335085656692953,
        "aic": -183.72386445028096,
        "bic": -180.92146968695664,
        "n_params": 2,
        "mse": 0.0019151024150269873,
        "rmse": 0.043761883129351135,
        "predictions": [
            0.20662627479427112,
            0.3967226072196709,
            0.32233708583581877,
            0.2810117961781233,
            0.13224075341041908,
            0.13224075341041908,
            0.09918052168426256,
            0.3719274334250535,
            0.2810117961781233,
            0.31407202790427974,
            0.40498766515121004,
            0.6446743451658444,
            0.5537587079189142,
            0.4959033023981403,
            0.31407202790427974,
            0.31407202790427974,
            0.2727467382465841,
            0.6033490555081489,
            0.4959033023981403,
            0.537228592055836,
            0.537228592055836,
            0.7273249244812358,
            0.6529394030973836,
            0.611614113439688,
            0.46284307067198394,
            0.46284307067198394,
            0.4297828389458274,
            0.7025297506866183,
            0.611614113439688,
            0.6446743451658444
        ],
        "converged": true,
        "confidence_intervals": {
            "w_p": [
                -12.434550685232152,
                12.434550685232152
            ],
            "delta": [
                -3.4244343423745103,
                3.043337637404527
            ]
        }
    },
    "Weber Two-Stage": {
        "model_name": "bayes_weber_sequential",
        "params": {
            "r_div_q": 0.01,
            "delta": -0.19053749312652027
        },
        "steady_state_weight": 0.9999000099990001,
        "mode": "sequential",
        "model_type": "weber",
        "r_squared": 0.9334948459058934,
        "aic": -183.71767815447927,
        "bic": -180.91528339115496,
        "n_params": 2,
        "mse": 0.0019154975749793824,
        "rmse": 0.04376639778390932,
        "predictions": [
            0.2066285186461014,
            0.39670104194038297,
            0.32234727593364093,
            0.2810187032103428,
            0.13225215611762411,
            0.13224219047524863,
            0.09918445149328702,
            0.37188232633312895,
            0.28102271954511565,
            0.31407194682647654,
            0.40499206309218105,
            0.6446513821599121,
            0.5537731353589113,
            0.4959141595777294,
            0.31408978203490495,
            0.314075439988423,
            0.27275354730376306,
            0.6033077163571207,
            0.49591840735708653,
            0.5372301278150688,
            0.5372344260562341,
            0.7273107930408713,
            0.6529535348761559,
            0.6116247540429863,
            0.46286099499637917,
            0.4628480981784892,
            0.42979069059256414,
            0.7025028648194169,
            0.611629226803607,
            0.6446779537007241
        ],
        "converged": true,
        "confidence_intervals": {
            "r_div_q": [
                -19.34887023523859,
                19.368870235238592
            ],
            "delta": [
                -3.4442581473604212,
                3.0631831611073803
            ]
        }
    },
    "Linear Regression": {
        "model_name": "linear",
        "params": {
            "slope": 0.7789506796989102,
            "intercept": 0.028997559824738908
        },
        "steady_state_weight": null,
        "mode": "linear",
        "model_type": "linear",
        "log_likelihood": null,
        "r_squared": 0.9375672402478895,
        "aic": -185.61233659995324,
        "bic": -182.80994183662892,
        "n_params": 2,
        "mse": 0.0017982034856308283,
        "rmse": 0.04240522946089112,