{
  "per_range": {
    "regression_effect": {
      "long": {
        "regression_angle": 43.87632654775211,
        "slope": 0.9615260085790974,
        "intercept": 0.08339150962557018,
        "r_squared": 0.9054460131426738,
        "p_value": 3.1335749952222604e-26,
        "regression_strength": 0.038473991420902576,
        "regression_strength_angular": 0.02497052116106428
      },
      "medium": {
        "regression_angle": 40.74319945695897,
        "slope": 0.8614483330719681,
        "intercept": 0.15572863209638282,
        "r_squared": 0.8499551541348365,
        "p_value": 2.0996406672315107e-21,
        "regression_strength": 0.1385516669280319,
        "regression_strength_angular": 0.09459556762313402
      },
      "short": {
        "regression_angle": 47.27935244660499,
        "slope": 1.0829063485020887,
        "intercept": -0.01678930065606843,
        "r_squared": 0.8475541123946939,
        "p_value": 3.0775275676965356e-21,
        "regression_strength": -0.08290634850208867,
        "regression_strength_angular": 0.05065227659122197
      }
    },
    "weber_law": {
      "long": {
        "mean_cv": 0.04389371859208822,
        "cv_magnitude_correlation": -0.7906072976309514,
        "bin_magnitudes": [
          0.54551875,
          0.63479375,
          0.72406875,
          0.7687062499999999,
          0.81334375,
          0.8579812499999999
        ],
        "coefficient_variations": [
          0.0791590893085279,
          0.04256447356997673,
          0.04004114912419368,
          0.05592079459892766,
          0.04069669809678353,
          0.004980106854119803
        ],
        "p_value": 0.06117751238311572
      },
      "medium": {
        "mean_cv": 0.059066332261348296,
        "cv_magnitude_correlation": -0.7741662477473817,
        "bin_magnitudes": [
          0.3569,
          0.4685,
          0.5801000000000001,
          0.6358999999999999,
          0.6917,
          0.7475
        ],
        "coefficient_variations": [
          0.11131261973356706,
          0.06023335433073392,
          0.03845951840867843,
          0.04170654172201389,
          0.05502437333491087,
          0.04766158603818562
        ],
        "p_value": 0.0707424650225724
      },
      "short": {
        "mean_cv": 0.08319747536513611,
        "cv_magnitude_correlation": -0.7136507108526418,
        "bin_magnitudes": [
          0.14551875,
          0.23479374999999997,
          0.32406874999999996,
          0.36870624999999996,
          0.41334374999999995,
          0.45798125
        ],
        "coefficient_variations": [
          0.13595930654322372,
          0.09212846639876111,
          0.05612788690839188,
          0.08074202360863415,
          0.04714045207910317,
          0.08708671665270265
        ],
        "p_value": 0.1112541370495952
      }
    },
    "sequential_effect": [
      {
        "range_category": "long",
        "n_runs": 5,
        "N_total": 50,
        "r_resp_mean": 0.2702541164472802,
        "r_stim_mean": 0.23502816576403168,
        "r_resp_weighted": 0.2709299309717325,
        "r_stim_weighted": 0.23502816576403165
      },
      {
        "range_category": "medium",
        "n_runs": 5,
        "N_total": 50,
        "r_resp_mean": 0.18156194837784453,
        "r_stim_mean": 0.23525030686203605,
        "r_resp_weighted": 0.18206645101340652,
        "r_stim_weighted": 0.23525030686203605
      },
      {
        "range_category": "short",
        "n_runs": 5,
        "N_total": 50,
        "r_resp_mean": 0.4840685455751673,
        "r_stim_mean": 0.2350281657640318,
        "r_resp_weighted": 0.4874546776882757,
        "r_stim_weighted": 0.23502816576403177
      }
    ]
  },
  "overall": {
    "range_effect": {
      "range_analyses_by_category": {
        "short": {
          "slope": 1.0829063485020887,
          "regression_strength": -0.08290634850208867,
          "r_squared": 0.8475541123946939,
          "mean_stimulus_magnitude": 0.30805000000000005
        },
        "medium": {
          "slope": 0.8614483330719681,
          "regression_strength": 0.1385516669280319,
          "r_squared": 0.8499551541348365,
          "mean_stimulus_magnitude": 0.56007
        },
        "long": {
          "slope": 0.9615260085790974,
          "regression_strength": 0.038473991420902576,
          "r_squared": 0.9054460131426738,
          "mean_stimulus_magnitude": 0.7080500000000001
        }
      },
      "correlation_analysis": {
        "correlation_magnitude_regression": 0.6654777926795049,
        "p_value": 0.5364556578959978,
        "interpretation": "Regression strength increases with stimulus magnitude (r=0.665)"
      },
      "pairwise_comparison_on_overlap": {
        "short_vs_medium": {
          "categories": [
            "medium",
            "short"
          ],
          "error": "Insufficient data in common bins for t-test.",
          "t_statistic": NaN,
          "p_value": NaN,
          "is_significant": false,
          "n_overlapping_bins": 0
        },
        "short_vs_long": {
          "error": "No overlapping data found or insufficient data after binning for short vs long."
        },
        "medium_vs_long": {
          "categories": [
            "long",
            "medium"
          ],
          "t_statistic": 0.3417721518987337,
          "p_value": 0.7903444504993178,
          "is_significant": false,
          "n_overlapping_bins": 2,
          "mean_long": 0.8029999999999999,
          "mean_medium": 0.776
        }
      }
    }
  }
}