model,scope,k,aic,rmse_to_llm,r2_to_llm,r2_to_truth,rmse_vs_truth,bias_vs_truth,aic_weight
EmpiricalLinear,overall,3.0,-752.1828281488625,0.07853289648815834,0.7764301615541047,0.45722829935061404,0.1556217727184377,-0.05296107382550374,0.9999999999999665
Bayes(stimulus),overall,0.0,-690.1323652322786,0.09867926651695903,0.647010483642187,0.5142593426412614,0.14721904230378843,-0.07222703887660264,3.356705018689848e-14
Bayes(range),overall,0.0,-656.1301929193705,0.11060619587302396,0.5565252544749723,0.46026832154184627,0.15518534802662712,-0.07053653690267843,1.388146408470656e-21
Equal,overall,0.0,-624.8388852250835,0.12285201443063289,0.452890134619209,0.40720138985583043,0.16263549972811003,-0.06504161073825504,2.2264561298415415e-28
LLM(Combined),overall,,,0.0,1.0,0.573662754286735,0.13792354072908775,-0.05296107382550335,
