range_category,w_img_bayes,w_txt_bayes
short,0.1418040217246835,0.8581959782753165
medium,0.6331052051772171,0.36689479482278287
long,0.3685623244496177,0.6314376755503823
