model,scope,k,aic,rmse_to_llm,r2_to_llm,r2_to_truth,rmse_vs_truth,bias_vs_truth,aic_weight
Combo_NonOracle,overall,0.0,-1397.3368532864893,0.09740334212439591,0.7676152714039475,0.5347860532272065,0.14343385846935483,0.0895172165821235,0.8807970758969402
EmpiricalLinear,overall,2.0,-1393.3368533261287,0.09740334211796088,0.7676152714346528,0.5347881126326244,0.1434335409930687,0.08951668050420865,0.11920292410305983
Combo_Oracle,overall,0.0,-1276.2040976380517,0.11919352701009751,0.652011245953428,0.7053659259227598,0.11414760503913725,2.0724163126336256e-17,4.377560795304402e-27
Equal,overall,0.0,-1197.6646011513583,0.13586307952003246,0.5478705715674619,0.5068906289229116,0.14767158840932582,0.04397066666666667,3.8600881143460415e-44
LLM(Combined),overall,,,0.0,1.0,0.5836858118770631,0.1356862763878499,0.07097266666666666,
