{
  "empirical_linear": {
    "w_txt_norm": 0.8522016566722497,
    "w_img_norm": 0.14779834332775033
  },
  "combo_oracle": {
    "w_txt_norm": 0.9783025765196335,
    "w_img_norm": 0.021697423480366542
  },
  "combo_non_oracle": {
    "w_txt_norm": 0.8522058020960488,
    "w_img_norm": 0.14779419790395118
  }
}