model,scope,k,aic,rmse_to_llm,r2_to_llm,r2_to_truth,rmse_vs_truth,bias_vs_truth,aic_weight
EmpiricalLinear,overall,2.0,-1658.4797468940399,0.06261192158928117,0.9241755881241651,0.9807900773547734,0.029145701436139277,-0.009718824811392362,0.9880047369377598
Combo_NonOracle,overall,0.0,-1649.6573944315187,0.06396437502481622,0.9208645079917054,0.9889176500688281,0.02213745203849745,-0.010059417417768201,0.01199525627178089
Equal,overall,0.0,-1620.888357726473,0.0671060821312419,0.9128998800392494,0.9454643178115923,0.049107980959013565,-0.009090301136002713,6.7903566528810075e-09
Combo_Oracle,overall,0.0,-1598.688423640502,0.0696355054340051,0.9062100186721618,0.9927388654524345,0.017919007277226486,-2.4794980883295162e-17,1.0262145063154433e-13
LLM(Combined),overall,,,0.0,1.0,0.8936883767352887,0.06856493654719564,-0.03630757122331084,
