range_category,regression_angle,scalar_variability,short_vs_medium_t,medium_vs_long_t,response_autocorr,stimulus_autocorr
short,35.50901388842707,0.1617712020858168,,,0.4672809589789069,0.24718809267831113
medium,43.21137463026707,0.13546260600115492,,,0.30232236866680684,0.217956842254054
long,45.14907590250136,0.0861770710468929,,,-0.09239771830087073,0.21906490146470325
