range_category,w_img_bayes,w_txt_bayes
short,0.4854101707465373,0.5145898292534627
medium,0.38693574642331796,0.613064253576682
long,0.3669594646988746,0.6330405353011255
