model,scope,k,aic,rmse_to_llm,r2_to_llm,r2_to_truth,rmse_vs_truth,bias_vs_truth,aic_weight
EmpiricalLinear,overall,2.0,-827.3986195144131,0.0625787990324242,0.9110975278521124,0.9288108694218823,0.05617595622356711,0.007575890647740827,0.9314361515490346
Combo_Oracle,overall,0.0,-822.1795535942739,0.06453171232197093,0.9054621399417501,0.9296459435061256,0.05584550220177518,2.338869838543663e-16,0.06852472876076773
Combo_NonOracle,overall,0.0,-807.2429055201118,0.06782599942646887,0.8955636240235744,0.9276516235926531,0.056631494647525434,-0.0024273914145522615,3.9119690196773896e-05
Equal,overall,0.0,-758.0979788929166,0.07989889444374892,0.8550757940896542,0.8460300436137868,0.0826155165409824,0.026572666666666675,8.331250310154564e-16
LLM(Combined),overall,,,0.0,1.0,0.9345041524596052,0.05388284427038598,-0.004660666666666669,
