{
    "Basic Single-Stage": {
        "model_name": "bayes_basic_single",
        "params": {
            "w_p": 0.4434641910387797,
            "delta": -0.0322540047151306
        },
        "steady_state_weight": null,
        "mode": "single",
        "model_type": "basic",
        "r_squared": 0.8044859285143964,
        "aic": -147.93139288728827,
        "bic": -145.12899812396395,
        "n_params": 2,
        "mse": 0.006316828239244844,
        "rmse": 0.07947847657853567,
        "predictions": [
            0.24339157591420377,
            0.37165638380549615,
            0.32296506587947904,
            0.2932794458294875,
            0.1947447808529035,
            0.1947392154948139,
            0.1729397078578029,
            0.35283434274642766,
            0.2938304162803591,
            0.3176390181877201,
            0.48730018839249245,
            0.6476325895961305,
            0.5867698335281314,
            0.5496655911446869,
            0.4264930859053896,
            0.4264875205473,
            0.3992395273405586,
            0.6241078209513397,
            0.5503501301897091,
            0.5801136652529552,
            0.6433915759142036,
            0.7716563838054962,
            0.722965065879479,
            0.6932794458294874,
            0.5947447808529034,
            0.5947392154948138,
            0.5729397078578028,
            0.7528343427464276,
            0.6938304162803591,
            0.71763901818772
        ],
        "converged": true,
        "confidence_intervals": {
            "w_p": [
                -10.16709272844785,
                11.05402111052541
            ],
            "delta": [
                -1.418183292230897,
                1.353675282800636
            ]
        }
    },
    "Basic Two-Stage": {
        "model_name": "bayes_basic_sequential",
        "params": {
            "r_div_q": 1.6195733776099166,
            "delta": -0.02617235326129218
        },
        "steady_state_weight": 0.2760129871210237,
        "mode": "sequential",
        "model_type": "basic",
        "r_squared": 0.8620145806316305,
        "aic": -158.38394315713546,
        "bic": -155.58154839381115,
        "n_params": 2,
        "mse": 0.004458145580249656,
        "rmse": 0.06676934611219175,
        "predictions": [
            0.2236476467387078,
            0.35733104931646675,
            0.3618875975456747,
            0.339257885140496,
            0.24616414182688556,
            0.19598274364739648,
            0.15088862492654248,
            0.2736470742698193,
            0.2921585301607081,
            0.3217257927995814,
            0.4610976467387078,
            0.6282033500780864,
            0.633900775271311,
            0.6056168057104495,
            0.48924785614344335,
            0.42652129531833505,
            0.3701548879701233,
            0.5236036247084885,
            0.5467410339707914,
            0.5837013501228343,
            0.6236476467387078,
            0.7573310493164668,
            0.7618875975456747,
            0.739257885140496,
            0.6461641418268855,
            0.5959827436473965,
            0.5508886249265424,
            0.6736470742698192,
            0.692158530160708,
            0.7217257927995814
        ],
        "converged": true,
        "confidence_intervals": {
            "r_div_q": [
                -43.47330189924373,
                46.712448654463564
            ],
            "delta": [
                -1.461275503479926,
                1.408930796957342
            ]
        }
    },
    "Weber Single-Stage": {
        "model_name": "bayes_weber_single",
        "params": {
            "w_p": 0.40504284286071723,
            "delta": -0.04993708159223712
        },
        "steady_state_weight": null,
        "mode": "single",
        "model_type": "weber",
        "r_squared": 0.8083574832231846,
        "aic": -148.53131522844143,
        "bic": -145.7289204651171,
        "n_params": 2,
        "mse": 0.006191742888976052,
        "rmse": 0.07868762856368243,
        "predictions": [
            0.24911280128864965,
            0.36752794922371507,
            0.32608551209154213,
            0.29896571902562263,
            0.1928104262917136,
            0.19280336297897335,
            0.16360532923075857,
            0.3519034440156454,
            0.2994841579648933,
            0.3213352215880661,
            0.482604505811985,
            0.6362302475123361,
            0.581205585376543,
            0.5458531871536473,
            0.41494219888189543,
            0.41493566799394155,
            0.3820662842294597,
            0.6153602283989031,
            0.5465194112522974,
            0.5749730822620721,
            0.6361430712129651,
            0.76206078734706,
            0.7160471048546656,
            0.686981051955127,
            0.5837503663380746,
            0.583744190991148,
            0.5592024622968672,
            0.7445037588738853,
            0.6875281098739651,
            0.7108919456706073
        ],
        "converged": true,
        "confidence_intervals": {
            "w_p": [
                -11.051639149223943,
                11.86172483494538
            ],
            "delta": [
                -2.824856684826315,
                2.72498252164184
            ]
        }
    },
    "Weber Two-Stage": {
        "model_name": "bayes_weber_sequential",
        "params": {
            "r_div_q": 1.5325248024539209,
            "delta": -0.03531748097827363
        },
        "steady_state_weight": 0.2986293863671266,
        "mode": "sequential",
        "model_type": "weber",
        "r_squared": 0.8692279399797874,
        "aic": -159.9943385091643,
        "bic": -157.19194374583998,
        "n_params": 2,
        "mse": 0.00422509047744283,
        "rmse": 0.06500069597660343,
        "predictions": [
            0.24115093738724608,
            0.35411109234274285,
            0.36651032229011804,
            0.3472653949319987,
            0.23787601889956833,
            0.19520432457323972,
            0.15438380398798834,
            0.251029580560232,
            0.28517985166789583,
            0.3225696567345894,
            0.47036116203850276,
            0.6180192721397656,
            0.6304151131107586,
            0.6048702382583793,
            0.47559890715489805,
            0.4194476225127546,
            0.3676852013474365,
            0.5013258984939792,
            0.5370275469338386,
            0.5797863060592409,
            0.6272704988128205,
            0.749791561740013,
            0.757552714953576,
            0.7361548248695596,
            0.6368714820171331,
            0.5904394051638848,
            0.548342440324527,
            0.6623337166070504,
            0.686657699572044,
            0.7186823486971103
        ],
        "converged": true,
        "confidence_intervals": {
            "r_div_q": [
                -200.5096624014409,
                203.57471200634876
            ],
            "delta": [
                -2.8245890752351905,
                2.753954113278643
            ]
        }
    },
    "Linear Regression": {
        "model_name": "linear",
        "params": {
            "slope": 0.755327083576909,
            "intercept": 0.09629568225119364
        },
        "steady_state_weight": null,
        "mode": "linear",
        "model_type": "linear",
        "log_likelihood": null,
        "r_squared": 0.7827738786695323,
        "aic": -144.77267277575055,
        "bic": -141.97027801242623,
        "n_params": 2,
        "mse": 0.007018318871350206,
        "rmse": 0.0837754073183187,