model,scope,k,aic,rmse_to_llm,r2_to_llm,r2_to_truth,rmse_vs_truth,bias_vs_truth,aic_weight
Combo_NonOracle,overall,0.0,-270.23400364908923,0.40625265410960376,0.96045431698154,0.9504483805540305,0.45181568533151373,-0.08172692359155112,0.5199632551825187
Equal,overall,0.0,-269.75433292210016,0.4069027320298222,0.9603276551928165,0.9502521716767547,0.4527093258004153,-0.07572333333333328,0.40908492802656
EmpiricalLinear,overall,2.0,-266.2352994390216,0.4062508993863959,0.9604546585993841,0.9504453789609915,0.45182936950868413,-0.08143090661985612,0.07041498114880544
Combo_Oracle,overall,0.0,-256.482360760864,0.4253081973892717,0.9566574793200149,0.9516959750506251,0.44609159189768527,7.667940356744414e-16,0.0005368356421159716
LLM(Combined),overall,,,0.0,1.0,0.9249274131793487,0.5561258313847085,-0.10702333333333329,
