range_category,regression_angle,scalar_variability,short_vs_medium_t,medium_vs_long_t,response_autocorr,stimulus_autocorr
short,38.051987585286064,0.27461825696624975,,,0.02191363390139635,0.23521755130669839
medium,54.330215763412994,0.17645552848391774,,,-0.02654950821163633,0.23220398294154582
long,49.976401318222955,0.0925981894380593,,,0.30593790440635205,0.23521755130669827
