model,scope,k,aic,rmse_to_llm,r2_to_llm,r2_to_truth,rmse_vs_truth,bias_vs_truth,aic_weight
Equal,overall,0.0,-590.4790396250833,0.13969923825662572,-0.39039637190704113,0.17576144356013668,0.19114814699405083,-0.03995399999999998,0.740558846751683
Combo_Oracle,overall,0.0,-587.329462317246,0.14117360929295958,-0.41989943430174015,0.24161471224726982,0.18335323584611063,-2.0132044179869504e-16,0.15333367753008134
EmpiricalLinear,overall,2.0,-586.5263481590715,0.13967721010633205,-0.3899579236250206,0.17978589730777994,0.19068092292295838,-0.040325598328328736,0.10262272161832398
Combo_NonOracle,overall,0.0,-579.7610243904118,0.1447804607088266,-0.4933804387080676,0.20671648971240708,0.1875244250601762,-0.04603285450437427,0.0034847540999116185
LLM(Combined),overall,,,0.0,1.0,-0.36543066037429384,0.24602455473890858,-0.03528355559999998,
