model,scope,k,aic,rmse_to_llm,r2_to_llm,r2_to_truth,rmse_vs_truth,bias_vs_truth,aic_weight
EmpiricalLinear,overall,2.0,-689.9813110843982,0.0678911193522097,0.8244914483080037,0.5374415568355213,0.1441316519034038,-0.08760229812186113,0.8770821140292215
Combo_NonOracle,overall,0.0,-685.9204699268062,0.07004576445061984,0.8131745216784756,0.5723890089705274,0.13857997784933412,-0.07930446444647037,0.11514359939454635
Equal,overall,0.0,-680.5297532375783,0.07152471519496552,0.8052019440271032,0.5804275515222646,0.13727123436082936,-0.07676899224806201,0.007774286576232197
Combo_Oracle,overall,0.0,-545.6935778975457,0.12062226571420587,0.44597762114158945,0.7072972894180563,0.11465405785411698,-1.3253825255215046e-16,4.0865525691075516e-32
LLM(Combined),overall,,,0.0,1.0,0.4566426883556115,0.1562135908587734,-0.10176511627906977,
