{
  "empirical_linear": {
    "w_txt_norm": 0.3349868393293087,
    "w_img_norm": 0.6650131606706913
  },
  "combo_oracle": {
    "w_txt_norm": 0.4435719477740576,
    "w_img_norm": 0.5564280522259424
  },
  "combo_non_oracle": {
    "w_txt_norm": 0.46137962999236304,
    "w_img_norm": 0.538620370007637
  }
}