model,scope,k,aic,rmse_to_llm,r2_to_llm,r2_to_truth,rmse_vs_truth,bias_vs_truth,aic_weight
EmpiricalLinear,overall,2.0,365.10572741762934,3.332376649755406,-1.143306731542836,-3.352213819234078,4.234357181747527,3.186372299445345,0.996579942680266
Equal,overall,0.0,376.45507151524487,3.507313074135242,-1.3742433535420262,-1.685160975275854,3.32596397560166,2.6279766666666666,0.003420057319732411
Combo_NonOracle,overall,0.0,432.99960675539126,4.234782726416696,-2.4612935134090437,-0.33340973127752727,2.3437656647537666,1.8523867305790043,1.801123806348268e-15
Combo_Oracle,overall,0.0,532.877351326149,5.907707402230095,-5.736186728170826,0.5222803639528969,1.4028748321262616,3.4106051316484808e-15,3.6928944982758572e-37
LLM(Combined),overall,,,0.0,1.0,-7.878742968396228,6.047948988458814,5.46831,
