model,scope,k,aic,rmse_to_llm,r2_to_llm,r2_to_truth,rmse_vs_truth,bias_vs_truth,aic_weight
EmpiricalLinear,overall,3.0,-776.9754126907637,0.07354057072512316,0.8694282182044285,0.8740478925639361,0.07472163194377965,-0.022040666666666764,0.9999999961257031
Equal,overall,0.0,-738.1319311721163,0.08539738744433366,0.8239303472308295,0.853330602362239,0.08063310491530477,-0.05352075438596491,3.6748968849288967e-09
Bayes(range),overall,0.0,-732.3039977135281,0.087072573858927,0.8169549017788381,0.8556254895973178,0.07999979818960033,-0.05322547482104559,1.99400152722256e-10
Bayes(stimulus),overall,0.0,-699.466865255348,0.09714445149331374,0.7721592825221281,0.8478773104187758,0.08211842795980083,-0.06179096283930022,1.4764976924017742e-17
LLM(Combined),overall,,,0.0,1.0,0.818399708925827,0.08972261015671207,-0.022040666666666656,
