range_category,w_img_bayes,w_txt_bayes
short,0.510102662199879,0.489897337800121
medium,0.5537505978129071,0.44624940218709286
long,0.5805930988780625,0.41940690112193746
