{
    "Basic Single-Stage": {
        "model_name": "bayes_basic_single",
        "params": {
            "w_p": 0.6418191645652906,
            "delta": 1.521256678098567
        },
        "steady_state_weight": null,
        "mode": "single",
        "model_type": "basic",
        "r_squared": 0.5147402098292142,
        "aic": 76.8817506146289,
        "bic": 79.68414537795321,
        "n_params": 2,
        "mse": 11.351973427339296,
        "rmse": 3.3692689752139553,
        "predictions": [
            4.487788610629431,
            5.312428348050762,
            4.991068502498742,
            4.810294634854843,
            4.16571240340654,
            4.0400625663360445,
            5.194157036190221,
            3.992782696058663,
            5.330982115326281,
            5.156189867634143,
            6.448977684831822,
            7.291275737440084,
            6.983132764715603,
            6.776032605667254,
            6.138613990927645,
            6.011244885847063,
            7.175332601009869,
            6.9357096221040475,
            5.954759768099009,
            7.317387120343275,
            8.46241108086252,
            9.298870785853197,
            8.978621300891023,
            8.796593800323103,
            8.160428818507517,
            8.00401124767318,
            9.164266427896834,
            8.937430504816032,
            7.960599730418492,
            9.32283308374378
        ],
        "converged": true,
        "confidence_intervals": {
            "w_p": [
                -1.31608258425271,
                2.5997209133832913
            ],
            "delta": [
                0.1318227016365956,
                2.9106906545605384
            ]
        }
    },
    "Basic Two-Stage": {
        "model_name": "bayes_basic_sequential",
        "params": {
            "r_div_q": 1.843331386522406,
            "delta": 1.5928156847883375
        },
        "steady_state_weight": 0.2273827701700746,
        "mode": "sequential",
        "model_type": "basic",
        "r_squared": 0.5156248770876329,
        "aic": 76.82700831437016,
        "bic": 79.62940307769448,
        "n_params": 2,
        "mse": 11.33127787536275,
        "rmse": 3.3661963512788065,
        "predictions": [
            4.092815684788338,
            5.391619966890055,
            5.440719335149588,
            5.248027124442457,
            4.384650940344206,
            3.7420774197254865,
            4.70737291728432,
            3.878482322310729,
            4.9444350843558995,
            5.365417056348241,
            6.064915684788337,
            7.391531742552486,
            7.467601387559327,
            7.256788914138406,
            6.391747769066971,
            5.746216582120942,
            6.721386305493459,
            7.013006849424865,
            6.046884055298261,
            7.060468525615471,
            8.092815684788338,
            9.410236368449086,
            9.4674116371807,
            9.27726324344779,
            8.425176733178045,
            7.753294314524528,
            8.708692290735819,
            9.00359011341621,
            8.044156096781192,
            9.061196444320393
        ],
        "converged": true,
        "confidence_intervals": {
            "r_div_q": [
                -4.173655394354768,
                7.86031816739958
            ],
            "delta": [
                0.20178075551275798,
                2.983850614063917
            ]
        }
    },
    "Weber Single-Stage": {
        "model_name": "bayes_weber_single",
        "params": {
            "w_p": 0.8008958305370103,
            "delta": 0.39621141496613577
        },
        "steady_state_weight": null,
        "mode": "single",
        "model_type": "weber",
        "r_squared": 0.679605951208069,
        "aic": 64.42776927497529,
        "bic": 67.2301640382996,
        "n_params": 2,
        "mse": 7.495170219818916,
        "rmse": 2.737730852333537,
        "predictions": [
            4.111744093017816,
            4.682458671363397,
            4.493564589738361,
            4.371438773885512,
            3.7625210264509246,
            3.581704634509346,
            4.616513519356657,
            3.502995276616909,
            4.69247173376887,
            4.594517169470588,
            7.238175265296625,
            7.873473759545349,
            7.665025734638556,
            7.510950073056522,
            6.9343553825594855,
            6.7924688671219915,
            7.797654325250611,
            7.630836926086389,
            6.725532267040694,
            7.890150234649065,
            10.302738838728766,
            10.952035871104739,
            10.721840269833217,
            10.581583491870223,
            10.021662450306945,
            9.862630352013637,
            10.857665221594411,
            10.690744980937179,
            9.816608469396394,
            10.968497285405421
        ],
        "converged": true,
        "confidence_intervals": {
            "w_p": [
                0.21095268008603885,
                1.3908389809879818
            ],
            "delta": [
                0.21617031581427676,
                0.5762525141179948
            ]
        }
    },
    "Weber Two-Stage": {
        "model_name": "bayes_weber_sequential",
        "params": {
            "r_div_q": 2.233904384654917,
            "delta": 0.38939196817791877
        },
        "steady_state_weight": 0.16693574483535,
        "mode": "sequential",
        "model_type": "weber",
        "r_squared": 0.6676190954690806,
        "aic": 65.52966833134391,
        "bic": 68.33206309466821,
        "n_params": 2,
        "mse": 7.775585928234516,
        "rmse": 2.7884737632322305,
        "predictions": [
            3.6902080148978245,
            5.268823698929575,
            5.475053489646268,
            5.294593843335883,
            3.9298160227476826,
            2.9866161264927626,
            3.9747020073856545,
            2.898327533122926,
            4.010487091171137,
            4.754260786576493,
            6.601191329816498,
            8.312500258000384,
            8.518405850164768,
            8.294161749474418,
            7.040109327055338,
            6.1250313052436685,
            7.200276233296175,
            7.677066648394069,
            6.3704249534127895,
            7.536726741326448,
            9.594540077001517,
            11.343514933456314,
            11.503644329668008,
            11.295544408159625,
            10.10240281743945,
            9.156420186443677,
            10.239473065049836,
            10.692970307371139,
            9.427021093200535,
            10.61951827271973
        ],
        "converged": true,
        "confidence_intervals": {
            "r_div_q": [
                -10.502096712454533,
                14.969905481764366
            ],
            "delta": [
                0.1672605904821195,
                0.611523345873718
            ]
        }
    },
    "Linear Regression": {
        "model_name": "linear",
        "params": {
            "slope": 1.7270515175273737,
            "intercept": -2.258497563068648
        },
        "steady_state_weight": null,
        "mode": "linear",
        "model_type": "linear",
        "log_likelihood": null,
        "r_squared": 0.5836039313566247,
        "aic": 72.29032599266921,
        "bic": 75.09272075599353,
        "n_params": 2,
        "mse": 9.741003071415664,
        "rmse": 3.1210580051347434,