model,scope,k,aic,rmse_to_llm,r2_to_llm,r2_to_truth,rmse_vs_truth,bias_vs_truth,aic_weight
EmpiricalLinear,overall,3.0,-562.8495233756189,0.1501433044520647,0.12234141691478462,-0.31671420988848187,0.24160322472823786,-0.08001199999999994,0.999998930522763
Bayes(range),overall,0.0,-535.079587869398,0.16803237223794693,-0.09925786604055387,-0.7558478393113803,0.2789975593587376,-0.0834128085797807,9.328990674654427e-07
Equal,overall,0.0,-531.2367660394955,0.17019861163217315,-0.12778338163689984,-0.5842475118250778,0.2650137955995555,-0.07587293599259257,1.3657666419360104e-07
Bayes(stimulus),overall,0.0,-508.4054982429021,0.18365707296759057,-0.3131942776321315,-0.8677271528861719,0.28774890633815875,-0.059776605436041366,1.5053229803983604e-12
LLM(Combined),overall,,,0.0,1.0,-0.8440678406847337,0.28592057755024675,-0.08001200000000001,
