range_category,w_img_bayes,w_txt_bayes
short,0.2644701871910721,0.7355298128089278
medium,0.7500432943241181,0.2499567056758819
long,0.6791678543375415,0.32083214566245855
