range_category,regression_angle,scalar_variability,short_vs_medium_t,medium_vs_long_t,response_autocorr,stimulus_autocorr
short,31.277307218526733,0.1338905901213712,,,0.07080915311585585,0.24718809267831113
medium,19.176427964465017,0.08490664541564416,,,0.2767119709657824,0.217956842254054
long,-2.445761950368923,0.03762394114958721,,,-0.18463671107748025,0.21906490146470325
