range_category,regression_angle,scalar_variability,short_vs_medium_t,medium_vs_long_t,response_autocorr,stimulus_autocorr
short,21.16656538933537,0.266530285458275,,,0.053410532775014126,0.24718809267831113
medium,22.69070534694419,0.09559114956727034,,,0.08970644678676348,0.217956842254054
long,26.261070750619258,0.032004424150687195,,,0.06224482972192286,0.21906490146470325
