range_category,regression_angle,scalar_variability,short_vs_medium_t,medium_vs_long_t,response_autocorr,stimulus_autocorr
short,-2.0982384505150886,0.1487399172184027,,,0.262052342991166,0.24718809267831113
medium,30.063769522072178,0.1807427207947197,,,0.27569758511040837,0.217956842254054
long,-10.116320457551971,0.10649112694694207,,,0.15238776189303913,0.21906490146470325
