model,scope,k,aic,rmse_to_llm,r2_to_llm,r2_to_truth,rmse_vs_truth,bias_vs_truth,aic_weight
Equal,overall,0.0,-737.1377740047674,0.08568085161419287,0.8742536610170634,0.8162505827342192,0.09025195421706945,-0.04561066666666667,0.827410501768388
EmpiricalLinear,overall,2.0,-734.0030038941658,0.08543409550724905,0.8749769030495704,0.8244117385073999,0.08822493938120773,-0.04617506585352325,0.17258949113557603
Combo_NonOracle,overall,0.0,-699.989223627466,0.0969754512753166,0.8389163657264483,0.827821203216678,0.08736419176619,-0.050160354178290054,7.0960359821025936e-09
Combo_Oracle,overall,0.0,-651.0336130121975,0.11416482477767388,0.7767495054217559,0.8901350988735878,0.06978677254175042,-1.8318679906315082e-16,1.6612692822636767e-19
LLM(Combined),overall,,,0.0,1.0,0.6273744211913698,0.1285227356281111,-0.06749399999999998,
