model,scope,k,aic,rmse_to_llm,r2_to_llm,r2_to_truth,rmse_vs_truth,bias_vs_truth,aic_weight
Equal,overall,0.0,-590.9271758044675,0.13949071309851896,-0.0906778231216876,0.1186131102132908,0.1976637008284151,-0.03564288888888888,0.7932265173935636
EmpiricalLinear,overall,2.0,-588.231935586965,0.13888535755038542,-0.08123181485704456,0.14839124593869246,0.1942959230174069,-0.037766249733503975,0.20612622384206178
Combo_NonOracle,overall,0.0,-576.7015130278323,0.1462645403255353,-0.19917894593386665,0.19271557186060662,0.18917202677878875,-0.04526940327140189,0.0006461506737311473
Combo_Oracle,overall,0.0,-563.9647243785718,0.15260804917787715,-0.3054516008785275,0.22727302011630457,0.1850787966683208,1.1842378929335004e-17,1.1080906433157837e-06
LLM(Combined),overall,,,0.0,1.0,-0.05812445332038574,0.21657683598410193,-0.03585222224444443,
