{
  "per_range": {
    "regression_effect": {
      "long": {
        "regression_angle": 42.41315096441415,
        "slope": 0.9135464758749989,
        "intercept": -0.03263658224329302,
        "r_squared": 0.7259091140696698,
        "p_value": 4.313842538214045e-15,
        "regression_strength": 0.08645352412500107,
        "regression_strength_angular": 0.057485534124129996
      },
      "medium": {
        "regression_angle": 38.03175675720215,
        "slope": 0.7821785975540044,
        "intercept": 0.08102523286792868,
        "r_squared": 0.7124699878647708,
        "p_value": 1.3728735124003935e-14,
        "regression_strength": 0.21782140244599557,
        "regression_strength_angular": 0.15484984983995215
      },
      "short": {
        "regression_angle": 31.67904129857503,
        "slope": 0.6171073715676383,
        "intercept": 0.11670007418858905,
        "r_squared": 0.5451614321697303,
        "p_value": 9.384079791323826e-10,
        "regression_strength": 0.3828926284323617,
        "regression_strength_angular": 0.29602130447611047
      }
    },
    "weber_law": {
      "long": {
        "mean_cv": 0.0862887004882714,
        "cv_magnitude_correlation": -0.5855185543522742,
        "bin_magnitudes": [
          0.54551875,
          0.63479375,
          0.72406875,
          0.7687062499999999,
          0.81334375,
          0.8579812499999999
        ],
        "coefficient_variations": [
          0.14385604335804536,
          0.11641432866433304,
          0.07905273886398438,
          0.0,
          0.10186253758129134,
          0.07654655446197432
        ],
        "p_value": 0.22208941039465424
      },
      "medium": {
        "mean_cv": 0.093780453507328,
        "cv_magnitude_correlation": 0.1769596621336451,
        "bin_magnitudes": [
          0.3569,
          0.4685,
          0.5801000000000001,
          0.6358999999999999,
          0.6917,
          0.7475
        ],
        "coefficient_variations": [
          0.10587415467308253,
          0.05826835718140063,
          0.11527095611475079,
          0.061262136369857244,
          0.12341081728166925,
          0.09859629942320754
        ],
        "p_value": 0.7373312281139836
      },
      "short": {
        "mean_cv": 0.1960487439335137,
        "cv_magnitude_correlation": -0.39134861452427705,
        "bin_magnitudes": [
          0.14551875,
          0.23479374999999997,
          0.32406874999999996,
          0.36870624999999996,
          0.41334374999999995,
          0.45798125
        ],
        "coefficient_variations": [
          0.16277097367123355,
          0.39944838644029096,
          0.1273598222151722,
          0.17668469596940845,
          0.17643771762079027,
          0.13359086768418688
        ],
        "p_value": 0.44294532981896606
      }
    },
    "sequential_effect": [
      {
        "range_category": "long",
        "n_runs": 5,
        "N_total": 50,
        "r_resp_mean": 0.20237992012871003,
        "r_stim_mean": 0.2350281657640318,
        "r_resp_weighted": 0.2038205448824083,
        "r_stim_weighted": 0.23502816576403177
      },
      {
        "range_category": "medium",
        "n_runs": 5,
        "N_total": 50,
        "r_resp_mean": 0.4440878888586739,
        "r_stim_mean": 0.23525030686203613,
        "r_resp_weighted": 0.4559575175321318,
        "r_stim_weighted": 0.23525030686203616
      },
      {
        "range_category": "short",
        "n_runs": 5,
        "N_total": 50,
        "r_resp_mean": 0.39203132905965177,
        "r_stim_mean": 0.23502816576403185,
        "r_resp_weighted": 0.4059541240248772,
        "r_stim_weighted": 0.23502816576403182
      }
    ]
  },
  "overall": {
    "range_effect": {
      "range_analyses_by_category": {
        "short": {
          "slope": 0.6171073715676383,
          "regression_strength": 0.3828926284323617,
          "r_squared": 0.5451614321697303,
          "mean_stimulus_magnitude": 0.30805
        },
        "medium": {
          "slope": 0.7821785975540044,
          "regression_strength": 0.21782140244599557,
          "r_squared": 0.7124699878647708,
          "mean_stimulus_magnitude": 0.5600700000000001
        },
        "long": {
          "slope": 0.9135464758749989,
          "regression_strength": 0.08645352412500107,
          "r_squared": 0.7259091140696698,
          "mean_stimulus_magnitude": 0.70805
        }
      },
      "correlation_analysis": {
        "correlation_magnitude_regression": -0.9965152488786939,
        "p_value": 0.053162721115739726,
        "interpretation": "Regression strength decreases with stimulus magnitude (r=-0.997)"
      },
      "pairwise_comparison_on_overlap": {
        "short_vs_medium": {
          "categories": [
            "medium",
            "short"
          ],
          "error": "Insufficient data in common bins for t-test.",
          "t_statistic": NaN,
          "p_value": NaN,
          "is_significant": false,
          "n_overlapping_bins": 0
        },
        "short_vs_long": {
          "error": "No overlapping data found or insufficient data after binning for short vs long."
        },
        "medium_vs_long": {
          "categories": [
            "long",
            "medium"
          ],
          "t_statistic": -0.2318840579710142,
          "p_value": 0.8549416975133712,
          "is_significant": false,
          "n_overlapping_bins": 2,
          "mean_long": 0.655,
          "mean_medium": 0.6869999999999999
        }
      }
    }
  }
}