{
  "per_range": {
    "regression_effect": {
      "long": {
        "regression_angle": 33.34312098690976,
        "slope": 0.6579550976819928,
        "intercept": 0.2873320318753844,
        "r_squared": 0.4561411452552836,
        "p_value": 1.2866435489883639e-14,
        "regression_strength": 0.3420449023180072,
        "regression_strength_angular": 0.2590417558464498
      },
      "medium": {
        "regression_angle": 34.05740769892332,
        "slope": 0.6759673070256024,
        "intercept": 0.3024513098429751,
        "r_squared": 0.5064915615611055,
        "p_value": 1.0476887735728681e-16,
        "regression_strength": 0.32403269297439763,
        "regression_strength_angular": 0.243168717801704
      },
      "short": {
        "regression_angle": 48.74117029784572,
        "slope": 1.1399270362205673,
        "intercept": 0.10150545458668181,
        "r_squared": 0.5640796966888055,
        "p_value": 2.2761535963241656e-19,
        "regression_strength": -0.13992703622056735,
        "regression_strength_angular": 0.08313711772990488
      }
    },
    "weber_law": {
      "long": {
        "mean_cv": 0.10463093354324579,
        "cv_magnitude_correlation": -0.2748299318595285,
        "bin_magnitudes": [
          0.5319375,
          0.5794125,
          0.6268875,
          0.6743625,
          0.7218374999999999,
          0.7693125000000001,
          0.8167875,
          0.8642624999999999
        ],
        "coefficient_variations": [
          0.061490401428191746,
          0.1350092805731005,
          0.14544593369116376,
          0.10038469971062636,
          0.15886699248187044,
          0.08579341582218201,
          0.09004529848564649,
          0.060011446153185086
        ],
        "p_value": 0.5100538061480892
      },
      "medium": {
        "mean_cv": 0.13311778521487702,
        "cv_magnitude_correlation": -0.7586804447480087,
        "bin_magnitudes": [
          0.33996875000000004,
          0.39930625,
          0.45864375,
          0.5179812500000001,
          0.57731875,
          0.63665625,
          0.6959937500000001,
          0.75533125
        ],
        "coefficient_variations": [
          0.3013025657847421,
          0.1790719730927936,
          0.11430195019251708,
          0.07709260274928734,
          0.12231938153201012,
          0.09949678553690862,
          0.07820564627288526,
          0.09315137655787198
        ],
        "p_value": 0.029081341727552126
      },
      "short": {
        "mean_cv": 0.18460665711572222,
        "cv_magnitude_correlation": -0.5060328977541556,
        "bin_magnitudes": [
          0.1319375,
          0.1794125,
          0.2268875,
          0.27436249999999995,
          0.3218375,
          0.3693125,
          0.4167875,
          0.4642625
        ],
        "coefficient_variations": [
          0.17057142453815144,
          0.19899351296835874,
          0.44122651353112574,
          0.20340821166402426,
          0.1368252174589265,
          0.11126633308849784,
          0.09341830028395151,
          0.12114374339274171
        ],
        "p_value": 0.2007196771929806
      }
    },
    "sequential_effect": [
      {
        "range_category": "long",
        "n_runs": 5,
        "N_total": 100,
        "r_resp_mean": 0.09092871211152509,
        "r_stim_mean": 0.09922295496014667,
        "r_resp_weighted": 0.09147082610166517,
        "r_stim_weighted": 0.09922295496014666
      },
      {
        "range_category": "medium",
        "n_runs": 5,
        "N_total": 100,
        "r_resp_mean": 0.0351817139386873,
        "r_stim_mean": 0.09939484214038317,
        "r_resp_weighted": 0.03544973110634159,
        "r_stim_weighted": 0.09939484214038317
      },
      {
        "range_category": "short",
        "n_runs": 5,
        "N_total": 100,
        "r_resp_mean": 0.08518950521159235,
        "r_stim_mean": 0.09922295496014684,
        "r_resp_weighted": 0.08549523124610475,
        "r_stim_weighted": 0.09922295496014685
      }
    ]
  },
  "overall": {
    "range_effect": {
      "range_analyses_by_category": {
        "short": {
          "slope": 1.1399270362205673,
          "regression_strength": -0.13992703622056735,
          "r_squared": 0.5640796966888055,
          "mean_stimulus_magnitude": 0.28307999999999994
        },
        "medium": {
          "slope": 0.6759673070256024,
          "regression_strength": 0.32403269297439763,
          "r_squared": 0.5064915615611055,
          "mean_stimulus_magnitude": 0.528855
        },
        "long": {
          "slope": 0.6579550976819928,
          "regression_strength": 0.3420449023180072,
          "r_squared": 0.4561411452552836,
          "mean_stimulus_magnitude": 0.6830799999999999
        }
      },
      "correlation_analysis": {
        "correlation_magnitude_regression": 0.9361609295473776,
        "p_value": 0.2287053572686527,
        "interpretation": "Regression strength increases with stimulus magnitude (r=0.936)"
      },
      "pairwise_comparison_on_overlap": {
        "short_vs_medium": {
          "categories": [
            "medium",
            "short"
          ],
          "t_statistic": -0.6441835792033846,
          "p_value": 0.5653205967238796,
          "is_significant": false,
          "n_overlapping_bins": 4,
          "mean_medium": 0.52725,
          "mean_short": 0.5705215
        },
        "short_vs_long": {
          "error": "No overlapping data found or insufficient data after binning for short vs long."
        },
        "medium_vs_long": {
          "categories": [
            "long",
            "medium"
          ],
          "t_statistic": -1.1488679976057177,
          "p_value": 0.4559669879599946,
          "is_significant": false,
          "n_overlapping_bins": 2,
          "mean_long": 0.6981550000000001,
          "mean_medium": 0.8613
        }
      }
    }
  }
}