{
  "per_range": {
    "regression_effect": {
      "long": {
        "regression_angle": 33.24689313238288,
        "slope": 0.6555511981904792,
        "intercept": 2.156175194369788,
        "r_squared": 0.6631587488044963,
        "p_value": 6.340825711505655e-13,
        "regression_strength": 0.34444880180952075,
        "regression_strength_angular": 0.2611801526137138
      },
      "medium": {
        "regression_angle": 35.46949700100252,
        "slope": 0.7124901280804622,
        "intercept": 1.298860987692208,
        "r_squared": 0.8381634174874143,
        "p_value": 1.2988893205946865e-20,
        "regression_strength": 0.2875098719195378,
        "regression_strength_angular": 0.21178895553327726
      },
      "short": {
        "regression_angle": 37.73968410579612,
        "slope": 0.773994781418577,
        "intercept": 0.454014039844695,
        "r_squared": 0.7455360988907787,
        "p_value": 7.160343363135741e-16,
        "regression_strength": 0.22600521858142297,
        "regression_strength_angular": 0.1613403532045306
      }
    },
    "weber_law": {
      "long": {
        "mean_cv": 0.06317299297520028,
        "cv_magnitude_correlation": -0.23102759475113038,
        "bin_magnitudes": [
          5.43633125,
          5.8685937500000005,
          6.300856250000001,
          7.16538125,
          7.59764375,
          8.02990625,
          8.46216875
        ],
        "coefficient_variations": [
          0.08725583599168882,
          0.047619047619047644,
          0.06194250189808871,
          0.09016995579106665,
          0.0337729906896549,
          0.04927783261324138,
          0.07217278622361396
        ],
        "p_value": 0.6181777515537454
      },
      "medium": {
        "mean_cv": 0.0826584941618744,
        "cv_magnitude_correlation": -0.9247218282916203,
        "bin_magnitudes": [
          3.39370625,
          4.31933125,
          5.24495625,
          5.70776875,
          6.63339375
        ],
        "coefficient_variations": [
          0.1325391942020839,
          0.0905669990886786,
          0.09311053935191148,
          0.07861094159843127,
          0.018464796568266766
        ],
        "p_value": 0.024511606966387347
      },
      "short": {
        "mean_cv": 0.16632962344485847,
        "cv_magnitude_correlation": -0.9274054675585935,
        "bin_magnitudes": [
          1.47201875,
          2.36009375,
          3.2481687499999996,
          3.69220625,
          4.13624375,
          4.5802812500000005
        ],
        "coefficient_variations": [
          0.305734705738307,
          0.2766705566085862,
          0.09694603886715658,
          0.13989429024942454,
          0.12161870135174649,
          0.05711344785393005
        ],
        "p_value": 0.007713663846607948
      }
    },
    "sequential_effect": [
      {
        "range_category": "long",
        "n_runs": 5,
        "N_total": 50,
        "r_resp_mean": 0.15566589834852093,
        "r_stim_mean": 0.2190649014647032,
        "r_resp_weighted": 0.1595951469457351,
        "r_stim_weighted": 0.21906490146470325
      },
      {
        "range_category": "medium",
        "n_runs": 5,
        "N_total": 50,
        "r_resp_mean": 0.007078534290710453,
        "r_stim_mean": 0.217956842254054,
        "r_resp_weighted": 0.007595931169192431,
        "r_stim_weighted": 0.217956842254054
      },
      {
        "range_category": "short",
        "n_runs": 5,
        "N_total": 50,
        "r_resp_mean": 0.08547323338464244,
        "r_stim_mean": 0.24718809267831113,
        "r_resp_weighted": 0.08851863274309446,
        "r_stim_weighted": 0.24718809267831113
      }
    ]
  },
  "overall": {
    "range_effect": {
      "range_analyses_by_category": {
        "short": {
          "slope": 0.773994781418577,
          "regression_strength": 0.22600521858142297,
          "r_squared": 0.7455360988907787,
          "mean_stimulus_magnitude": 3.0697699999999997
        },
        "medium": {
          "slope": 0.7124901280804622,
          "regression_strength": 0.2875098719195378,
          "r_squared": 0.8381634174874143,
          "mean_stimulus_magnitude": 5.0383
        },
        "long": {
          "slope": 0.6555511981904792,
          "regression_strength": 0.34444880180952075,
          "r_squared": 0.6631587488044963,
          "mean_stimulus_magnitude": 7.0569999999999995
        }
      },
      "correlation_analysis": {
        "correlation_magnitude_regression": 0.9995644253154055,
        "p_value": 0.018790667225061383,
        "interpretation": "Regression strength increases with stimulus magnitude (r=1.000)"
      },
      "pairwise_comparison_on_overlap": {
        "short_vs_medium": {
          "error": "No overlapping data found or insufficient data after binning for short vs medium."
        },
        "short_vs_long": {
          "error": "No overlapping data found or insufficient data after binning for short vs long."
        },
        "medium_vs_long": {
          "error": "No overlapping data found or insufficient data after binning for medium vs long."
        }
      }
    }
  }
}