model,scope,k,aic,rmse_to_llm,r2_to_llm,r2_to_truth,rmse_vs_truth,bias_vs_truth,aic_weight
Combo_NonOracle,overall,0.0,-568.0545137139234,0.08098303849909179,0.7368227192116592,0.5595210605405455,0.1395981267406699,-0.06675899542172005,0.6293771109491889
Equal,overall,0.0,-566.2447651375207,0.08163413279485573,0.7325738774892567,0.5610826950291345,0.13935044768782215,-0.0659279646017699,0.254641412322017
EmpiricalLinear,overall,2.0,-564.6719134688744,0.08076210630732748,0.7382567237122661,0.5563368902191936,0.14010178735380038,-0.06759781418925107,0.11598147672879425
Combo_Oracle,overall,0.0,-488.0116529502845,0.11540084562492203,0.46558548819750467,0.7042373575244415,0.1143901620502228,-3.085044510905302e-16,2.617125637467806e-18
LLM(Combined),overall,,,0.0,1.0,0.5818487005837405,0.13601404035411685,-0.08460053097345131,
