range_category,w_img_bayes,w_txt_bayes
short,0.11814045756963047,0.8818595424303696
medium,0.20549897993152777,0.7945010200684722
long,0.4660154604817478,0.5339845395182522
