model,scope,k,aic,rmse_to_llm,r2_to_llm,r2_to_truth,rmse_vs_truth,bias_vs_truth,aic_weight
Equal,overall,0.0,-690.4972644996183,0.10009279749146124,0.5439620452852043,0.7551232397258792,0.10419113063500175,0.034722133333333335,0.7391628805217619
EmpiricalLinear,overall,2.0,-688.2786436261438,0.09950021452355201,0.5493458566024705,0.780594381567671,0.09862359690724255,0.03098142791713322,0.2437657849584287
Combo_NonOracle,overall,0.0,-682.8612993224241,0.10267318143828533,0.5201457199443231,0.8192301040950467,0.08951998883233166,0.02226975707769074,0.016240948118739388
Combo_Oracle,overall,0.0,-676.9144996068432,0.10472874364502299,0.5007395986475287,0.8266001006353914,0.08767613282488394,-3.21224528458212e-16,0.0008303864010700751
LLM(Combined),overall,,,0.0,1.0,0.6672078643653451,0.12146285714845781,0.025743333333333337,
