model,scope,k,aic,rmse_to_llm,r2_to_llm,r2_to_truth,rmse_vs_truth,bias_vs_truth,aic_weight
EmpiricalLinear,overall,3.0,-671.3085845288631,0.10459126056888396,0.07712102086168304,0.06678483155893822,0.20339230765618957,-0.023300666666666803,0.9999999999857143
Bayes(range),overall,0.0,-620.6603629272837,0.12632872049639282,-0.34635055689335803,-0.0647839773768426,0.21725730244873878,-0.07241088721253096,1.0043345894040696e-11
Equal,overall,0.0,-618.9362307545125,0.12705683547428975,-0.36191507858169936,-0.07097189432944062,0.21788767567476816,-0.056730666655555546,4.241191435623976e-12
Bayes(stimulus),overall,0.0,-602.6095959379289,0.13416315391234027,-0.5185198649485248,-0.2026628241888746,0.23089555507749474,-0.07545031086080174,1.2083817882187124e-15
LLM(Combined),overall,,,0.0,1.0,-0.08630559357096712,0.21944194153959418,-0.02330066666666666,
