range_category,w_img_bayes,w_txt_bayes
short,0.3591468048117428,0.6408531951882572
medium,0.2773256695470612,0.7226743304529388
long,0.21065984548287703,0.789340154517123
