model,scope,k,aic,rmse_to_llm,r2_to_llm,r2_to_truth,rmse_vs_truth,bias_vs_truth,aic_weight
Combo_Oracle,overall,0.0,-579.2133977384171,0.10961970183571794,0.6400925628016143,0.7158501995707607,0.11382246258737724,-6.779987936642177e-18,0.999963035109032
Combo_NonOracle,overall,0.0,-558.5130512020288,0.11863197760378275,0.5784810259368273,0.7121903495521021,0.11455313412918877,0.009393830040513251,3.198606451989696e-05
EmpiricalLinear,overall,2.0,-554.7928389742001,0.11850535905259728,0.5793803389255094,0.713125215430356,0.11436693654711923,0.00886377176501369,4.978826448137336e-06
Equal,overall,0.0,-482.78222492693106,0.1583923259861339,0.24858153833507135,0.4655880426529577,0.156096218858705,0.019029770992366416,1.1487375784840402e-21
LLM(Combined),overall,,,0.0,1.0,0.6728476511363607,0.12213195841865293,0.012390839694656484,
