model,scope,k,aic,rmse_to_llm,r2_to_llm,r2_to_truth,rmse_vs_truth,bias_vs_truth,aic_weight
EmpiricalLinear,overall,3.0,-839.720038443153,0.059661593238265746,0.9226513446541844,0.8508085960906023,0.0813234003856798,-0.03479399999999962,0.9999999987891695
Equal,overall,0.0,-798.053774583069,0.06993568473962344,0.8937177506205412,0.8536010660980207,0.08055872541196267,-0.035994,8.959541006195502e-10
Bayes(stimulus),overall,0.0,-795.9605779282684,0.07042535485073073,0.8922242230410904,0.851097990415457,0.08124448848525145,-0.038824390359129,3.1459649746797636e-10
Bayes(range),overall,0.0,-781.9111660321255,0.07380191837058261,0.8816417933593302,0.8279881195491768,0.08732183449958457,-0.04712813892685489,2.798741920768127e-13
LLM(Combined),overall,,,0.0,1.0,0.8688512571438112,0.07624751519448573,-0.03479399999999999,
