range_category,w_img_bayes,w_txt_bayes
short,0.21979403124348093,0.780205968756519
medium,0.5177351382672306,0.4822648617327694
long,0.3278144508425231,0.6721855491574769
