range_category,regression_angle,scalar_variability,short_vs_medium_t,medium_vs_long_t,response_autocorr,stimulus_autocorr
short,55.723675157212384,0.07108553074202241,,,0.6606912758634983,0.24718809267831113
medium,47.77671625880991,0.12989006221087002,,,-0.22909147013115325,0.217956842254054
long,-6.570192765167881,0.07719456161434439,,,0.1951302091417731,0.21906490146470325
