model,scope,k,aic,rmse_to_llm,r2_to_llm,r2_to_truth,rmse_vs_truth,bias_vs_truth,aic_weight
Bayes(stimulus),overall,0.0,-667.8132736478578,0.10795462861584469,0.68436068193877,0.31435631688270516,0.174338324880776,-0.08462462714166376,0.9991898423876773
EmpiricalLinear,overall,3.0,-653.5309807444653,0.11097652322443784,0.6664424383268508,0.3762093456561243,0.1662888236693906,-0.0714606666666667,0.000791202247004972
Bayes(range),overall,0.0,-646.0680475472138,0.11607019303313414,0.6351200712364196,0.3399106645749138,0.17105862914958386,-0.08024581685993638,1.89553653176742e-05
Equal,overall,0.0,-544.8254409851654,0.1626613570683994,0.2833991094446523,0.04951168527995009,0.20526600040760118,-0.06660899999999997,1.964171825293249e-27
LLM(Combined),overall,,,0.0,1.0,0.272689020245249,0.1795575624695323,-0.07146066666666667,
