range_category,w_img_bayes,w_txt_bayes
short,0.05908999210740377,0.9409100078925963
medium,0.19238086475309393,0.8076191352469061
long,0.18027562535227246,0.8197243746477275
