model,scope,k,aic,rmse_to_llm,r2_to_llm,r2_to_truth,rmse_vs_truth,bias_vs_truth,aic_weight
EmpiricalLinear,overall,3.0,414.75359211319227,3.905992739753155,0.16594062578024116,-5.053600972619745,4.993893461057134,4.283890000000005,0.9999999999999329
Equal,overall,0.0,475.4171965317592,4.877944823524555,-0.30079204250823666,-0.6036873057604151,2.5703497564760847,1.5397963333333333,6.715303945626473e-14
Bayes(stimulus),overall,0.0,582.09491790587,6.96095301920724,-1.6489362692188418,-1.8787648857773669,3.4437806058353737,-0.23716634277671408,4.595077144416624e-37
Bayes(range),overall,0.0,586.9689610233067,7.0749700012267045,-1.7364234905862417,0.3183548665646837,1.67575894697045,-1.2662222457257477,4.01705512703217e-38
LLM(Combined),overall,,,0.0,1.0,-7.718619237457391,5.993164982127557,4.2838899999999995,
