range_category,w_img_bayes,w_txt_bayes
short,0.033618019385432796,0.9663819806145673
medium,0.0986428070819669,0.9013571929180331
long,0.1495650430336844,0.8504349569663157
