llm_model,response_systematic_sqdiff
GPT-5 Mini,0.002534663390937682
anthropic_claude-3.7-sonnet,0.00534243333333333
gemma-3-4b-it,0.017692342685792
google_gemini-2.5-flash-lite,0.025602919999999994
meta-llama_llama-4-maverick,0.005288141666666668
microsoft_phi-4-multimodal-instruct,0.03101013333333334
mistralai_mistral-small-3.2-24b-instruct,0.0076832333333333325
openai_gpt-4o-2024-08-06,0.0028668333333333345
qwen_qwen2.5-vl-32b-instruct,0.013240399999999996
