llm_model,nrmse,bayes_var,seq_var,score
GPT-5 Mini,0.268088635866347,0.030736548981682436,0.017897352945514002,0.8077644748103858
anthropic_claude-3.7-sonnet,0.3989304434061545,0.0811135603030372,0.012045116653738157,0.7481282171043097
gemma-3-4b-it,1.0044255425804105,0.10501892662763176,0.006128155535329661,0.5266214776541819
google_gemini-2.5-flash-lite,3.921401269164085,0.0886790303200751,0.18095771327346055,0.2305884665221619
meta-llama_llama-4-maverick,0.7067555336832327,0.08185530679053642,0.009717673508145551,0.6127336162153818
microsoft_phi-4-multimodal-instruct,1.1228376371479365,0.043182819477596286,0.0032340583433076047,0.4820003287133854
mistralai_mistral-small-3.2-24b-instruct,0.7358320127536425,0.12402502483206379,0.09940537954029043,0.6404509157672489
openai_gpt-4o-2024-08-06,0.5187938379652792,0.10453954164934881,0.050299888410376574,0.7093916818053968
qwen_qwen2.5-vl-32b-instruct,0.6315653178041315,0.08955620947123116,0.013121170812336621,0.6443742574503514
