model,scope,k,aic,rmse_to_llm,r2_to_llm,r2_to_truth,rmse_vs_truth,bias_vs_truth,aic_weight
EmpiricalLinear,overall,3.0,-713.7923670764199,0.08357234248372533,0.8122349527124196,0.5813027228666285,0.13770214492888203,-0.009789655172414242,1.0
Bayes(range),overall,0.0,-620.320189480407,0.11776841870732561,0.6271387185972741,0.5463019766776531,0.1433422048551174,-0.06655019650820435,5.043993628250908e-21
Equal,overall,0.0,-554.5332787094178,0.14775737335006447,0.4130678158030071,0.4086355592368447,0.16365084046899023,-0.055410344827586215,2.614137123811911e-35
LLM(Combined),overall,,,0.0,1.0,0.6868535631198742,0.11908700528431392,-0.009789655172413791,
Bayes(stimulus),overall,0.0,,0.1272605553749879,0.5669799934221268,0.6041619937305811,0.13433712325692038,-0.06942822636433305,
