model,scope,k,aic,rmse_to_llm,r2_to_llm,r2_to_truth,rmse_vs_truth,bias_vs_truth,aic_weight
EmpiricalLinear,overall,3.0,-693.9748202094958,0.09698010731361285,0.6022264695146902,0.5064779567957443,0.14791432738867646,-0.06632333333333351,0.9996936278918627
Bayes(range),overall,0.0,-677.7938655489622,0.10442221015525137,0.5388350189052145,0.5826575265390731,0.1360201527426197,-0.031980058890561554,0.00030634956175934296
Equal,overall,0.0,-658.5350329110831,0.11134555821106351,0.4756559393564366,0.6304610585143773,0.12799325112416407,-0.02215666666666666,2.014720902130683e-08
Bayes(stimulus),overall,0.0,-654.2791461860184,0.11293639584976592,0.4605658869438104,0.5365392112393876,0.14333870073734292,-0.05918961135103075,2.399168949047695e-09
LLM(Combined),overall,,,0.0,1.0,0.5533232485853128,0.14071929149906917,-0.06632333333333333,
