range_category,w_img_bayes,w_txt_bayes
short,0.5980044093046584,0.40199559069534163
medium,0.3983231123246591,0.6016768876753409
long,0.3073911431845226,0.6926088568154773
