model,scope,k,aic,rmse_to_llm,r2_to_llm,r2_to_truth,rmse_vs_truth,bias_vs_truth,aic_weight
EmpiricalLinear,overall,2.0,-134.58945341944528,0.6300444889349749,0.8675213189938424,0.8963057901120822,0.6535963691856251,-0.21952484428186575,0.9999868038402289
Combo_Oracle,overall,0.0,-112.11734289666212,0.6881664918729329,0.8419514172957364,0.92122673656205,0.5696679633208592,-1.2316074086508404e-15,1.3189777534015688e-05
Combo_NonOracle,overall,0.0,-96.84998549203254,0.7240945617491708,0.8250176951040533,0.8306348381996946,0.8353037252417107,-0.5281340171369547,6.382237090197124e-09
Equal,overall,0.0,5.279417837747777,1.01775381764616,0.6543082289900335,0.6633839573532858,1.1776053839607448,-0.9107233333333333,4.244776032104595e-31
LLM(Combined),overall,,,0.0,1.0,0.8625580525923898,0.7524749167469525,-0.20768999999999993,
