model,scope,k,aic,rmse_to_llm,r2_to_llm,r2_to_truth,rmse_vs_truth,bias_vs_truth,aic_weight
Equal,overall,0.0,-609.1412987438162,0.13127367722941768,0.7690191766276693,0.7854462080499576,0.09752404954676565,0.012849333333333334,0.7895047063557102
EmpiricalLinear,overall,2.0,-605.3361735926237,0.1311884317927212,0.7693190641372775,0.7880410694491592,0.09693251677362892,0.013546302019640407,0.11778291411942123
Combo_NonOracle,overall,0.0,-604.8574910901964,0.1331616284608548,0.762327563354085,0.7661820347523406,0.10180815512010402,0.01018103066100724,0.09271237585717094
Combo_Oracle,overall,0.0,-570.7665942704627,0.1491869122957613,0.7016802032543483,0.8425866909542775,0.08353420686041833,2.3684757858670008e-17,3.6676976289863936e-09
LLM(Combined),overall,,,0.0,1.0,0.45758835831546785,0.15506298152686218,0.002639333333333336,
