model,scope,k,aic,rmse_to_llm,r2_to_llm,r2_to_truth,rmse_vs_truth,bias_vs_truth,aic_weight
Combo_Oracle,overall,0.0,113.45030924668848,1.522245169964018,0.4112038219130224,0.5015867615404717,1.453889172724767,5.2632795241488905e-17,1.0
Combo_NonOracle,overall,0.0,220.17671328047047,2.2602361714050514,-0.2980858459581317,-0.007693217739488389,2.0672865806141356,-0.061916984166373944,6.678144736831766e-24
EmpiricalLinear,overall,2.0,223.2670555646717,2.2526340171377996,-0.28936847971304913,0.007839234952749408,2.0512922639331785,-0.048414867670420456,1.4242837743344829e-24
Equal,overall,0.0,258.63199770246865,2.6062079907730755,-0.7258931970731233,-0.3445701285279188,2.387966593967011,0.047131370370370455,2.9798672362156494e-32
LLM(Combined),overall,,,0.0,1.0,0.7004395732690373,1.127142272722652,-0.42594854211235805,
