{
    "Basic Single-Stage": {
        "model_name": "bayes_basic_single",
        "params": {
            "w_p": 0.4103476981060893,
            "delta": 0.3617626696979197
        },
        "steady_state_weight": null,
        "mode": "single",
        "model_type": "basic",
        "r_squared": 0.5340972578201568,
        "aic": 41.082776532821896,
        "bic": 43.885171296146204,
        "n_params": 2,
        "mse": 3.442136177808307,
        "rmse": 1.8552994846677198,
        "predictions": [
            3.1600403079742554,
            4.517596802624605,
            3.9885607573653887,
            3.6909632405995323,
            2.62982495811125,
            2.422974930606866,
            4.322893612539236,
            2.3451408267568703,
            4.54814079186271,
            4.260390468538482,
            5.1251643971064516,
            6.511790750240173,
            6.004512874920841,
            5.663575913965782,
            4.614230677515379,
            4.4045503189619035,
            6.3209203001171135,
            5.9264429101500875,
            4.311562150953234,
            6.55477640304824,
            7.144250128551133,
            8.527515463564056,
            7.994057026040637,
            7.6943957262181515,
            6.647114272824377,
            6.389613112587306,
            8.29967381411225,
            7.926247011322837,
            6.318147253597764,
            8.560712888160685
        ],
        "converged": true,
        "confidence_intervals": {
            "w_p": [
                -0.58035736265219,
                1.4010527588643686
            ],
            "delta": [
                -1.0271335499031715,
                1.750658889299011
            ]
        }
    },
    "Basic Two-Stage": {
        "model_name": "bayes_basic_sequential",
        "params": {
            "r_div_q": 0.763628157546539,
            "delta": 0.42048293871725617
        },
        "steady_state_weight": 0.6316608785725255,
        "mode": "sequential",
        "model_type": "basic",
        "r_squared": 0.5201630942832747,
        "aic": 41.96685713469843,
        "bic": 44.76925189802274,
        "n_params": 2,
        "mse": 3.545083175272608,
        "rmse": 1.882839126232671,
        "predictions": [
            2.920482938717256,
            4.603029987191876,
            4.4061027112491224,
            3.9917663533800996,
            2.596961086888417,
            1.9411662182195375,
            4.030282853953601,
            2.2664994056937693,
            4.395726497161557,
            4.672388403085648,
            4.892582938717256,
            6.61115898840362,
            6.4498422485145674,
            5.993776621828468,
            4.600946064807243,
            3.942330484094498,
            6.050371613459458,
            6.192725268975037,
            4.2957680367333,
            6.434360753416517,
            6.920482938717257,
            8.63489336351707,
            8.440973172220058,
            8.025029325039265,
            6.64638923261796,
            5.93451380605773,
            8.019420529782769,
            8.180284840291538,
            6.296875875193251,
            8.438648301460994
        ],
        "converged": true,
        "confidence_intervals": {
            "r_div_q": [
                -1.9880555800260473,
                3.5153118951191256
            ],
            "delta": [
                -0.9998322096501917,
                1.840798087084704
            ]
        }
    },
    "Weber Single-Stage": {
        "model_name": "bayes_weber_single",
        "params": {
            "w_p": 0.49147868235045483,
            "delta": 0.10135268663472735
        },
        "steady_state_weight": null,
        "mode": "single",
        "model_type": "weber",
        "r_squared": 0.5489968136018396,
        "aic": 40.107701823377994,
        "bic": 42.9100965867023,
        "n_params": 2,
        "mse": 3.3320567656343254,
        "rmse": 1.8253922224098373,
        "predictions": [
            2.9441936138130176,
            4.103334081835601,
            3.6937113361958067,
            3.442704336194139,
            2.347011187868706,
            2.0695990783395084,
            3.957349030379379,
            1.955415769185517,
            4.125782202050355,
            3.909369030685903,
            5.215087325109723,
            6.465163717632898,
            6.036953301025076,
            5.731843677106813,
            4.674095419110453,
            4.433699162174696,
            6.307342098477156,
            5.9684186131313695,
            4.322960598447444,
            6.500195373650303,
            7.483729100347999,
            8.753319662249146,
            8.2860122125796,
            8.011979313885226,
            6.973270289286774,
            6.694120099875516,
            8.556749783926275,
            8.224774298698765,
            6.6146291322828565,
            8.781605607172354
        ],
        "converged": true,
        "confidence_intervals": {
            "w_p": [
                -0.4139901131885692,
                1.3969474778894788
            ],
            "delta": [
                -0.1422383978882538,
                0.34494377115770847
            ]
        }
    },
    "Weber Two-Stage": {
        "model_name": "bayes_weber_sequential",
        "params": {
            "r_div_q": 0.8524421577293815,
            "delta": 0.09657185767134283
        },
        "steady_state_weight": 0.5791536094406957,
        "mode": "sequential",
        "model_type": "weber",
        "r_squared": 0.5254028393270787,
        "aic": 41.63746007837389,
        "bic": 44.4398548416982,
        "n_params": 2,
        "mse": 3.506371413471457,
        "rmse": 1.872530751008233,
        "predictions": [
            2.7534719052114984,
            4.359288251912657,
            4.319861520058636,
            3.9245363059402503,
            2.2923103082017695,
            1.627394566632476,
            3.425011040963646,
            1.722420482396534,
            3.6869416480870933,
            4.407425863047364,
            4.925520602939057,
            6.631413079407642,
            6.5885367506560355,
            6.139051152781168,
            4.581174802343083,
            3.881303934164396,
            5.856348406280448,
            6.230775123053753,
            4.1522420782141225,
            6.230516706268552,
            7.15902679132794,
            8.89289423518286,
            8.793661893186403,
            8.380791801470558,
            6.866870702884678,
            6.094417227240636,
            8.105949097195708,
            8.44765217129891,
            6.4209107373705985,
            8.533444101973615
        ],
        "converged": true,
        "confidence_intervals": {
            "r_div_q": [
                -0.5985634111788662,
                2.3034477266376294
            ],
            "delta": [
                -0.17409305611176237,
                0.367236771454448
            ]
        }
    },
    "Linear Regression": {
        "model_name": "linear",
        "params": {
            "slope": 0.8946924140752561,
            "intercept": 0.9092669856227136
        },
        "steady_state_weight": null,
        "mode": "linear",
        "model_type": "linear",
        "log_likelihood": null,
        "r_squared": 0.4962077186185996,
        "aic": 43.42839003016313,
        "bic": 46.23078479348744,
        "n_params": 2,
        "mse": 3.7220678928180946,
        "rmse": 1.9292661539606437,