model,scope,k,aic,rmse_to_llm,r2_to_llm,r2_to_truth,rmse_vs_truth,bias_vs_truth,aic_weight
EmpiricalLinear,overall,3.0,-597.5685870861117,0.13373496773148227,0.501652780901154,0.36002530668544175,0.1684321644587135,-0.08986066666666671,0.9926801862026612
Bayes(stimulus),overall,0.0,-587.7080441157945,0.14099556912481068,0.4460723877939986,0.5007464198873393,0.14876618401476233,-0.08051366723118261,0.007171659359557379
Bayes(range),overall,0.0,-579.9487698947912,0.14468988278570802,0.4166644903149461,0.49515581437153744,0.1495968016786946,-0.06606689598680421,0.00014815443763260824
Equal,overall,0.0,-538.5099488787404,0.16612194316224452,0.23105356174475633,0.468966240026349,0.15342802516706872,-0.05316066666666666,1.4872672418839018e-13
LLM(Combined),overall,,,0.0,1.0,0.47072642985195745,0.15317353418046256,-0.08986066666666667,
