range_category,w_img_bayes,w_txt_bayes
short,0.14877427879749147,0.8512257212025085
medium,0.3082130955877492,0.6917869044122509
long,0.27598082593402945,0.7240191740659705
