model,scope,k,aic,rmse_to_llm,r2_to_llm,r2_to_truth,rmse_vs_truth,bias_vs_truth,aic_weight
EmpiricalLinear,overall,3.0,-11.851946173735865,0.9422294210970311,0.7933856430264787,0.8524576947338393,0.7796338015193839,-0.05014173333333216,0.8746781420439952
Equal,overall,0.0,-7.93466158075203,0.9738978360731684,0.7792635896028173,0.8310181966507317,0.834357833686083,0.13205466666666668,0.12337317243241715
Bayes(range),overall,0.0,0.3614566555034849,1.0012055816478536,0.766711302547674,0.8685829314214797,0.735797427842593,0.022999469401079106,0.0019486845718467843
Bayes(stimulus),overall,0.0,29.425711727987164,1.1030573194227664,0.7168325462754747,0.8944359584446682,0.6594629212461344,0.0057528027319748536,9.517409316236125e-10
LLM(Combined),overall,,,0.0,1.0,0.6449390983276833,1.2094385390452878,-0.050141733333333285,
