range_category,w_img_bayes,w_txt_bayes
short,0.03625957492866833,0.9637404250713316
medium,0.2730866527352117,0.7269133472647883
long,0.3857630145667022,0.6142369854332979
