{
  "per_range": {
    "regression_effect": {
      "long": {
        "regression_angle": -20.384230681143396,
        "slope": -0.37158340607888235,
        "intercept": 10.202264096698674,
        "r_squared": 0.27167389209339976,
        "p_value": 0.00010399161674144939,
        "regression_strength": 1.3715834060788823,
        "regression_strength_angular": 1.4529829040254088
      },
      "medium": {
        "regression_angle": 3.323367114633059,
        "slope": 0.05806883583992284,
        "intercept": 7.307431784387717,
        "r_squared": 0.0013964930623417118,
        "p_value": 0.7966770133965663,
        "regression_strength": 0.9419311641600772,
        "regression_strength_angular": 0.9261473974525987
      },
      "short": {
        "regression_angle": 3.762632060273477,
        "slope": 0.06576488419313305,
        "intercept": 10.698116931450446,
        "r_squared": 0.002551382235784938,
        "p_value": 0.7275721830784441,
        "regression_strength": 0.9342351158068669,
        "regression_strength_angular": 0.916385954216145
      }
    },
    "weber_law": {
      "long": {
        "mean_cv": 0.03882904440037468,
        "cv_magnitude_correlation": 0.05635891153830448,
        "bin_magnitudes": [
          5.43633125,
          5.8685937500000005,
          6.300856250000001,
          7.16538125,
          7.59764375,
          8.02990625,
          8.46216875
        ],
        "coefficient_variations": [
          0.07588102433985916,
          0.030217134831078237,
          0.0,
          0.0,
          0.06666666666666667,
          0.05876476750140357,
          0.040273717463615154
        ],
        "p_value": 0.9044740198305256
      },
      "medium": {
        "mean_cv": 0.16350924254668123,
        "cv_magnitude_correlation": 0.04334658411686647,
        "bin_magnitudes": [
          3.39370625,
          4.31933125,
          5.24495625,
          5.70776875,
          6.63339375
        ],
        "coefficient_variations": [
          0.21439135181457883,
          0.04861017342390848,
          0.15883586420937065,
          0.260763657715536,
          0.13494516557001218
        ],
        "p_value": 0.9448267030216823
      },
      "short": {
        "mean_cv": 0.06803100160467042,
        "cv_magnitude_correlation": -0.30332818429190794,
        "bin_magnitudes": [
          1.47201875,
          2.36009375,
          3.2481687499999996,
          3.69220625,
          4.13624375,
          4.5802812500000005
        ],
        "coefficient_variations": [
          0.13835407467167127,
          0.0,
          0.08356545596737422,
          0.11768778828946261,
          0.0,
          0.06857869069951439
        ],
        "p_value": 0.5589620314391857
      }
    },
    "sequential_effect": [
      {
        "range_category": "long",
        "n_runs": 5,
        "N_total": 50,
        "r_resp_mean": 0.06860153153017455,
        "r_stim_mean": 0.2190649014647032,
        "r_resp_weighted": 0.06871699344820739,
        "r_stim_weighted": 0.21906490146470325
      },
      {
        "range_category": "medium",
        "n_runs": 5,
        "N_total": 50,
        "r_resp_mean": -0.09609484478846136,
        "r_stim_mean": 0.217956842254054,
        "r_resp_weighted": -0.09923813009358241,
        "r_stim_weighted": 0.217956842254054
      },
      {
        "range_category": "short",
        "n_runs": 5,
        "N_total": 50,
        "r_resp_mean": 0.14105214462468618,
        "r_stim_mean": 0.24718809267831113,
        "r_resp_weighted": 0.1424383586673137,
        "r_stim_weighted": 0.24718809267831113
      }
    ]
  },
  "overall": {
    "range_effect": {
      "range_analyses_by_category": {
        "short": {
          "slope": 0.06576488419313305,
          "regression_strength": 0.9342351158068669,
          "r_squared": 0.002551382235784938,
          "mean_stimulus_magnitude": 3.0697699999999997
        },
        "medium": {
          "slope": 0.05806883583992284,
          "regression_strength": 0.9419311641600772,
          "r_squared": 0.0013964930623417118,
          "mean_stimulus_magnitude": 5.0383
        },
        "long": {
          "slope": -0.37158340607888235,
          "regression_strength": 1.3715834060788823,
          "r_squared": 0.27167389209339976,
          "mean_stimulus_magnitude": 7.0569999999999995
        }
      },
      "correlation_analysis": {
        "correlation_magnitude_regression": 0.8771215624586534,
        "p_value": 0.31892150059498714,
        "interpretation": "Regression strength increases with stimulus magnitude (r=0.877)"
      },
      "pairwise_comparison_on_overlap": {
        "short_vs_medium": {
          "error": "No overlapping data found or insufficient data after binning for short vs medium."
        },
        "short_vs_long": {
          "error": "No overlapping data found or insufficient data after binning for short vs long."
        },
        "medium_vs_long": {
          "error": "No overlapping data found or insufficient data after binning for medium vs long."
        }
      }
    }
  }
}