range_category,regression_angle,scalar_variability,short_vs_medium_t,medium_vs_long_t,response_autocorr,stimulus_autocorr
short,36.255589432741544,0.12982544891924316,,,0.3450878038408632,0.24718809267831113
medium,18.76090161390345,0.1130323218739111,,,-0.017206357265618533,0.217956842254054
long,27.788473764286852,0.23528404740019798,,,0.15923455791610777,0.21906490146470325
