{
  "per_range": {
    "regression_effect": {
      "long": {
        "regression_angle": 23.959512776915798,
        "slope": 0.4443822408002667,
        "intercept": 0.29925248810792626,
        "r_squared": 0.5700222887387998,
        "p_value": 2.3849728758674407e-10,
        "regression_strength": 0.5556177591997333,
        "regression_strength_angular": 0.4675663827352045
      },
      "medium": {
        "regression_angle": 32.32264025470067,
        "slope": 0.6327269609455383,
        "intercept": 0.1620286109832324,
        "r_squared": 0.5685587545232902,
        "p_value": 2.590730582446671e-10,
        "regression_strength": 0.36727303905446174,
        "regression_strength_angular": 0.2817191054510962
      },
      "short": {
        "regression_angle": 27.8916623692913,
        "slope": 0.5292864453985057,
        "intercept": 0.12275013477631797,
        "r_squared": 0.8335915334005457,
        "p_value": 2.5414017566882625e-20,
        "regression_strength": 0.47071355460149433,
        "regression_strength_angular": 0.3801852806824156
      }
    },
    "weber_law": {
      "long": {
        "mean_cv": 0.05736771641799448,
        "cv_magnitude_correlation": -0.8570845074901314,
        "bin_magnitudes": [
          0.5455462499999999,
          0.63481125,
          0.72407625,
          0.76870875,
          0.8133412499999999,
          0.85797375
        ],
        "coefficient_variations": [
          0.09527649728369993,
          0.06621616003851112,
          0.06336210969060647,
          0.03316165296427057,
          0.035682251303268187,
          0.05050762722761053
        ],
        "p_value": 0.029177744107952597
      },
      "medium": {
        "mean_cv": 0.07173773681905778,
        "cv_magnitude_correlation": -0.9564362664323274,
        "bin_magnitudes": [
          0.356935,
          0.468515,
          0.580095,
          0.635885,
          0.691675,
          0.747465
        ],
        "coefficient_variations": [
          0.1264262627264018,
          0.11005870289940835,
          0.07462075156234772,
          0.047191962331672124,
          0.028284271247461926,
          0.04384447014705475
        ],
        "p_value": 0.002805360721094776
      },
      "short": {
        "mean_cv": 0.07815724536377887,
        "cv_magnitude_correlation": -0.7564883290897616,
        "bin_magnitudes": [
          0.14554625,
          0.23481125,
          0.32407625,
          0.36870875000000003,
          0.41334125,
          0.45797374999999996
        ],
        "coefficient_variations": [
          0.16461530976726244,
          0.09780759955449392,
          0.035413883597857194,
          0.03556639983799783,
          0.06576670522058205,
          0.06977357420447976
        ],
        "p_value": 0.08172703132520137
      }
    },
    "sequential_effect": [
      {
        "range_category": "long",
        "n_runs": 5,
        "N_total": 50,
        "r_resp_mean": 0.13363937820224975,
        "r_stim_mean": 0.23521755130669839,
        "r_resp_weighted": 0.13459845014829527,
        "r_stim_weighted": 0.23521755130669839
      },
      {
        "range_category": "medium",
        "n_runs": 5,
        "N_total": 50,
        "r_resp_mean": 0.40587592680014,
        "r_stim_mean": 0.23520721737985428,
        "r_resp_weighted": 0.4107677012970332,
        "r_stim_weighted": 0.23520721737985426
      },
      {
        "range_category": "short",
        "n_runs": 5,
        "N_total": 50,
        "r_resp_mean": 0.36960030828574314,
        "r_stim_mean": 0.23521755130669836,
        "r_resp_weighted": 0.37218578084024534,
        "r_stim_weighted": 0.23521755130669833
      }
    ]
  },
  "overall": {
    "range_effect": {
      "range_analyses_by_category": {
        "short": {
          "slope": 0.5292864453985057,
          "regression_strength": 0.47071355460149433,
          "r_squared": 0.8335915334005457,
          "mean_stimulus_magnitude": 0.30805599999999994
        },
        "medium": {
          "slope": 0.6327269609455383,
          "regression_strength": 0.36727303905446174,
          "r_squared": 0.5685587545232902,
          "mean_stimulus_magnitude": 0.5600700000000001
        },
        "long": {
          "slope": 0.4443822408002667,
          "regression_strength": 0.5556177591997333,
          "r_squared": 0.5700222887387998,
          "mean_stimulus_magnitude": 0.7080560000000001
        }
      },
      "correlation_analysis": {
        "correlation_magnitude_regression": 0.3124781165507803,
        "p_value": 0.7976818118364108,
        "interpretation": "Regression strength increases with stimulus magnitude (r=0.312)"
      },
      "pairwise_comparison_on_overlap": {
        "short_vs_medium": {
          "categories": [
            "medium",
            "short"
          ],
          "error": "Insufficient data in common bins for t-test.",
          "t_statistic": NaN,
          "p_value": NaN,
          "is_significant": false,
          "n_overlapping_bins": 0
        },
        "short_vs_long": {
          "error": "No overlapping data found or insufficient data after binning for short vs long."
        },
        "medium_vs_long": {
          "categories": [
            "long",
            "medium"
          ],
          "t_statistic": -0.37373737373737304,
          "p_value": 0.7723045025569972,
          "is_significant": false,
          "n_overlapping_bins": 2,
          "mean_long": 0.6185,
          "mean_medium": 0.637
        }
      }
    }
  }
}