model,scope,k,aic,rmse_to_llm,r2_to_llm,r2_to_truth,rmse_vs_truth,bias_vs_truth,aic_weight
EmpiricalLinear,overall,3.0,-139.3160957641379,0.5837936123704645,0.8946069163036908,0.8552679772388058,0.7834636177413299,-0.20938888888888765,0.9999999999820959
Bayes(range),overall,0.0,-89.8241111097884,0.7169982400412891,0.8410247145756349,0.7966187967719025,0.9287352381505467,-0.5773185647634416,1.79040830240183e-11
Equal,overall,0.0,-39.30157205603671,0.8645368249163262,0.7688678135470668,0.7368330089195761,1.0564579734321562,-0.7210592243230605,1.914794281006997e-22
Bayes(stimulus),overall,0.0,29.103680911828132,1.1138153912749564,0.6163635497028839,0.6406969952762067,1.234431348832452,-0.7923567825532858,2.6798480704327074e-37
LLM(Combined),overall,,,0.0,1.0,0.8739081451754666,0.7312738345593331,-0.20938888888888887,
