range_category,w_img_bayes,w_txt_bayes
short,0.6622002411479121,0.3377997588520879
medium,0.5567127146527585,0.4432872853472415
long,0.7092846502148413,0.29071534978515867
