model,scope,k,aic,rmse_to_llm,r2_to_llm,r2_to_truth,rmse_vs_truth,bias_vs_truth,aic_weight
EmpiricalLinear,overall,2.0,-852.4464892310704,0.05756608821532665,0.9300988308214246,0.9311968692039774,0.055226526578412274,0.002229214910754229,0.9751052800339634
Combo_Oracle,overall,0.0,-844.9973093125199,0.05980549707924835,0.9245545226031933,0.9319829691719957,0.05491012899886086,-1.805962786723588e-16,0.023522454731379462
Combo_NonOracle,overall,0.0,-839.3143240023713,0.06094920823898407,0.9216413150766272,0.9306275672117987,0.05545453801671961,0.0002079072257650383,0.001372265234657399
Equal,overall,0.0,-775.625008383979,0.07536466899902985,0.8801917859543763,0.8572348404680544,0.07955266750189252,0.007139333333333338,2.0299198774969516e-17
LLM(Combined),overall,,,0.0,1.0,0.9451293278473032,0.04931894402762492,-0.01362733333333333,
