{
  "empirical_linear": {
    "w_txt_norm": 0.8378521850398483,
    "w_img_norm": 0.16214781496015176
  },
  "combo_oracle": {
    "w_txt_norm": 0.9001402027890507,
    "w_img_norm": 0.09985979721094934
  },
  "combo_non_oracle": {
    "w_txt_norm": 0.9769329890528633,
    "w_img_norm": 0.023067010947136674
  }
}