model,scope,k,aic,rmse_to_llm,r2_to_llm,r2_to_truth,rmse_vs_truth,bias_vs_truth,aic_weight
EmpiricalLinear,overall,2.0,-703.1755949178275,0.09468004840243104,0.5616124852888045,0.23246704815695407,0.18446139141323573,-0.12267402843785409,0.999187817049428
Combo_NonOracle,overall,0.0,-688.9456500740004,0.10061182330938603,0.5049611612314502,0.38589504612085057,0.1649978426190605,-0.1033293545795772,0.0008121829503536271
Equal,overall,0.0,-644.8723105282365,0.11653374765721843,0.3358829026806244,0.4867705587449809,0.15083868797470829,-0.08405950788056087,2.18398568020235e-13
Combo_Oracle,overall,0.0,-507.251542477656,0.18436487384033717,-0.6622547990531327,0.6571713914961151,0.12328081401798342,-4.677739677087326e-16,2.8528550526720583e-43
LLM(Combined),overall,,,0.0,1.0,-0.08463596094735348,0.2192799709655824,-0.16179000000000002,
