model,scope,k,aic,rmse_to_llm,r2_to_llm,r2_to_truth,rmse_vs_truth,bias_vs_truth,aic_weight
EmpiricalLinear,overall,3.0,-937.8678024208876,0.04301415599242423,0.9677101295087153,0.8822485534392399,0.07224815395712976,-0.011260666666666577,0.9379989108785104
Bayes(range),overall,0.0,-932.434589854389,0.04468509403448663,0.965152723284975,0.894471174882008,0.06839576015798532,-0.01890637368951396,0.06200050341729219
Bayes(stimulus),overall,0.0,-909.2949131183087,0.04826816506856322,0.9593402157187166,0.8720749795957199,0.07530457757126473,-0.02880230590201668,5.857040890637717e-07
Equal,overall,0.0,-878.2867655272668,0.053524137856983116,0.9500031258347841,0.8783390263532405,0.07343773489607823,-0.03276066666666666,1.0822922774991533e-13
LLM(Combined),overall,,,0.0,1.0,0.917554349032158,0.060454342882321814,-0.011260666666666657,
