range_category,w_img_bayes,w_txt_bayes
short,0.575749176935572,0.42425082306442796
medium,0.7528477778791013,0.2471522221208987
long,0.6911836096612834,0.30881639033871655
