model,scope,k,aic,rmse_to_llm,r2_to_llm,r2_to_truth,rmse_vs_truth,bias_vs_truth,aic_weight
Equal,overall,0.0,-677.9274834479081,0.10437571159000268,0.4263252220331939,0.7388815977642598,0.10759094082587231,0.043048507535165814,0.8802592119338307
EmpiricalLinear,overall,2.0,-673.9373191810611,0.104372289607276,0.4263628375468147,0.7415910056419563,0.1070312945656153,0.042849995488795055,0.11971743882223344
Combo_NonOracle,overall,0.0,-656.8526692516622,0.11197172470562441,0.33978772759935405,0.8337162864555786,0.08585820859201597,0.03332633065883995,2.334924393593072e-05
Combo_Oracle,overall,0.0,-599.3814582562385,0.1356146061624132,0.03154422847302385,0.8689209222075053,0.07622960229815597,-6.217248937900877e-17,7.736738545056287e-18
LLM(Combined),overall,,,0.0,1.0,0.5078596856252089,0.14770712211350429,0.06954492063492064,
