model,scope,k,aic,rmse_to_llm,r2_to_llm,r2_to_truth,rmse_vs_truth,bias_vs_truth,aic_weight
Equal,overall,0.0,-684.9088053995494,0.1019748207687549,0.7461906933263974,0.7092103695763252,0.11353586862190176,-0.07848603703703702,0.5992464135731818
Combo_NonOracle,overall,0.0,-683.5124660244668,0.10245056526957468,0.7438169691949246,0.7239664551186078,0.11061768378445089,-0.07670411802015754,0.29812211990388954
EmpiricalLinear,overall,2.0,-681.3797487766207,0.10181486513010532,0.7469863091197448,0.6929254394522879,0.116671706114221,-0.08027534364882938,0.10263146652292866
Combo_Oracle,overall,0.0,-591.9919531885081,0.13899650213642323,0.5284482248984734,0.8772119841973414,0.07377710675158058,2.0872192862952942e-16,3.989949031698061e-21
LLM(Combined),overall,,,0.0,1.0,0.542486530113484,0.14241166749954162,-0.08686733333333332,
