model,scope,k,aic,rmse_to_llm,r2_to_llm,r2_to_truth,rmse_vs_truth,bias_vs_truth,aic_weight
EmpiricalLinear,overall,3.0,228.19214316064551,2.097278343388083,0.0022862336694184915,-4.448745035026768,4.737842514577587,4.313976666666677,0.9999963111707395
Equal,overall,0.0,253.2125386305889,2.3257482039836845,-0.22692836939635508,-4.454391427690562,4.740296730374587,4.371493333333333,3.688829260585662e-06
Bayes(range),overall,0.0,340.02534828742046,3.1062550220706533,-1.188608272379438,-1.029020190115887,2.891182868636739,2.6150258647290343,5.19668578121643e-25
Bayes(stimulus),overall,0.0,350.037127607053,3.211667990382895,-1.3396726939777115,-2.750847492380966,3.9309460256847313,3.4021358287087287,3.480937307650585e-27
LLM(Combined),overall,,,0.0,1.0,-5.894419965253265,5.329435920776858,4.313976666666667,
