range_category,w_img_bayes,w_txt_bayes
short,0.12066721871999718,0.8793327812800028
medium,0.14776578650499772,0.8522342134950023
long,0.237096618751062,0.762903381248938
