{
    "Basic Single-Stage": {
        "model_name": "bayes_basic_single",
        "params": {
            "w_p": 0.0,
            "delta": 0.07643332962938049
        },
        "steady_state_weight": null,
        "mode": "single",
        "model_type": "basic",
        "r_squared": 0.9337035585878938,
        "aic": -30.319296803456837,
        "bic": -27.516902040132525,
        "n_params": 2,
        "mse": 0.3185487675555553,
        "rmse": 0.564401246947201,
        "predictions": [
            2.5764333296293804,
            4.87873332962938,
            3.9815333296293804,
            3.4768333296293803,
            1.6772333296293804,
            1.6772333296293804,
            1.3264333296293804,
            4.548533329629381,
            3.4768333296293803,
            3.9815333296293804,
            4.548533329629381,
            6.90013332962938,
            6.0398333296293805,
            5.461633329629381,
            3.6820333296293803,
            3.6820333296293803,
            3.3264333296293804,
            6.57643332962938,
            5.461633329629381,
            5.907433329629381,
            6.57643332962938,
            8.911733329629381,
            8.017633329629382,
            7.50943332962938,
            5.733333329629381,
            5.733333329629381,
            5.296633329629381,
            8.535933329629382,
            7.50943332962938,
            7.9026333296293805
        ],
        "converged": true,
        "confidence_intervals": {
            "w_p": [
                -1.9348929626190683,
                1.9348929626190683
            ],
            "delta": [
                -1.3094959626756584,
                1.4623626219344192
            ]
        }
    },
    "Basic Two-Stage": {
        "model_name": "bayes_basic_sequential",
        "params": {
            "r_div_q": 0.01,
            "delta": 0.07644696759668197
        },
        "steady_state_weight": 0.9999000099990001,
        "mode": "sequential",
        "model_type": "basic",
        "r_squared": 0.9336973784693934,
        "aic": -30.316500358760536,
        "bic": -27.514105595436224,
        "n_params": 2,
        "mse": 0.31857846249980454,
        "rmse": 0.5644275529240264,
        "predictions": [
            2.576446967596682,
            4.878516783632965,
            3.981636646643373,
            3.4768974364713165,
            1.6774268966595556,
            1.6772469855859906,
            1.326482040584234,
            4.548224825529173,
            3.4769540839602735,
            3.981496518397654,
            4.548546967596682,
            6.899911854618757,
            6.039932956888385,
            5.461704784632782,
            3.682224897794125,
            3.682046985386144,
            3.3264825204882382,
            6.576122036135015,
            5.461758392819605,
            5.907402407650748,
            6.576446967596682,
            8.911513484292827,
            8.01773633637549,
            7.5094977863703125,
            5.733524547164421,
            5.733346985351088,
            5.2966906288666395,
            8.535623106731745,
            7.509549564692201,
            7.902607665716374
        ],
        "converged": true,
        "confidence_intervals": {
            "r_div_q": [
                -1530.9321294144477,
                1530.9521294144477
            ],
            "delta": [
                -4.293265633276052,
                4.446159568469415
            ]
        }
    },
    "Weber Single-Stage": {
        "model_name": "bayes_weber_single",
        "params": {
            "w_p": 0.0,
            "delta": 0.018625395862243363
        },
        "steady_state_weight": null,
        "mode": "single",
        "model_type": "weber",
        "r_squared": 0.9346956638163952,
        "aic": -30.771628881056486,
        "bic": -27.969234117732174,
        "n_params": 2,
        "mse": 0.31378178623509395,
        "rmse": 0.5601622856236342,
        "predictions": [
            2.546999844939369,
            4.892582924827701,
            3.9785156272227793,
            3.464327302321749,
            1.630894947473536,
            1.630894947473536,
            1.2734999318696498,
            4.556175187791204,
            3.464327302321749,
            3.9785156272227793,
            4.556175187791204,
            6.951985104251006,
            6.075511524079902,
            5.486441404290373,
            3.6733850480512746,
            3.6733850480512746,
            3.3110997927812007,
            6.622199566762471,
            5.486441404290373,
            5.940622413287557,
            6.622199566762471,
            9.001403044355845,
            8.090494026535337,
            7.5727399018777115,
            5.763249345395207,
            5.763249345395207,
            5.318339415765171,
            8.618538030490567,
            7.5727399018777115,
            7.973332034532923
        ],
        "converged": true,
        "confidence_intervals": {
            "w_p": [
                -1.3201987296318132,
                1.3201987296318132
            ],
            "delta": [
                -0.26015996201615343,
                0.2974107537406402
            ]
        }
    },
    "Weber Two-Stage": {
        "model_name": "bayes_weber_sequential",
        "params": {
            "r_div_q": 0.01,
            "delta": 0.018635760819507383
        },
        "steady_state_weight": 0.9999000099990001,
        "mode": "sequential",
        "model_type": "weber",
        "r_squared": 0.9346893331167763,
        "aic": -30.76872078659528,
        "bic": -27.96632602327097,
        "n_params": 2,
        "mse": 0.31381220470882243,
        "rmse": 0.5601894364487985,
        "predictions": [
            2.547026244631094,
            4.892314317630903,
            3.97863910419159,
            3.4644111514614324,
            1.631034705262101,
            1.6309118640103737,
            1.2735446274297084,
            4.555641788837797,
            3.464458059739681,
            3.9785018274972948,
            4.5562224126074184,
            6.951763471786665,
            6.075656330438083,
            5.486554222598746,
            3.6735704653197576,
            3.6734231374690145,
            3.3111684862467103,
            6.621809299878816,
            5.486601440861237,
            5.940636760045796,
            6.622268205944059,
            9.00122009997498,
            8.090664161894141,
            7.572868474367961,
            5.763466425219254,
            5.7633090972793255,
            5.318437260205544,
            8.618211393920681,
            7.572916300299235,
            7.973373595861999
        ],
        "converged": true,
        "confidence_intervals": {
            "r_div_q": [
                -40803.86614102057,
                40803.88614102057
            ],
            "delta": [
                -3.611517901903205,
                3.6487894235422202
            ]
        }
    },
    "Linear Regression": {
        "model_name": "linear",
        "params": {
            "slope": 1.0424304339077586,
            "intercept": -0.13942584178120254
        },
        "steady_state_weight": null,
        "mode": "linear",
        "model_type": "linear",
        "log_likelihood": null,
        "r_squared": 0.9352530526493006,
        "aic": -31.028784572273977,
        "bic": -28.226389808949666,
        "n_params": 2,
        "mse": 0.3111035802561712,
        "rmse": 0.5577666001619057,