model,scope,k,aic,rmse_to_llm,r2_to_llm,r2_to_truth,rmse_vs_truth,bias_vs_truth,aic_weight
Equal,overall,0.0,-877.2625787166648,0.053707179180254846,0.9510258160578406,0.9736029327124723,0.03420856094849164,0.011607366666666664,0.5597391261754838
EmpiricalLinear,overall,2.0,-876.7823719510278,0.053080734075143604,0.9521616311693681,0.9632122691651067,0.04038391931049126,0.017171896004494543,0.4402608738158276
Combo_NonOracle,overall,0.0,-827.4643187890401,0.06340488334805969,0.9317428834404333,0.9865387194887774,0.02442868854824682,-0.006421487646772779,8.598662794928783e-12
Combo_Oracle,overall,0.0,-818.3430382293699,0.06536226808900758,0.9274634743079742,0.9893371947971101,0.021741660155180514,1.8855287701550574e-16,8.990213603836013e-14
LLM(Combined),overall,,,0.0,1.0,0.9057970908517288,0.06462329868811506,0.019695333333333332,
