{
  "empirical_linear": {
    "w_txt_norm": 0.4006427489945372,
    "w_img_norm": 0.5993572510054628
  },
  "combo_oracle": {
    "w_txt_norm": 0.8157457316382317,
    "w_img_norm": 0.18425426836176817
  },
  "combo_non_oracle": {
    "w_txt_norm": 0.8219135518226166,
    "w_img_norm": 0.17808644817738342
  }
}