{
  "per_range": {
    "regression_effect": {
      "long": {
        "regression_angle": 35.253242335575685,
        "slope": 0.7068149844595767,
        "intercept": 0.1501396502533967,
        "r_squared": 0.4105541307274376,
        "p_value": 5.386609912386291e-07,
        "regression_strength": 0.2931850155404233,
        "regression_strength_angular": 0.2165946147649848
      },
      "medium": {
        "regression_angle": 35.37400169725046,
        "slope": 0.7099803077109511,
        "intercept": 0.1499613290603276,
        "r_squared": 0.5613175111345053,
        "p_value": 3.8860554432812086e-10,
        "regression_strength": 0.2900196922890489,
        "regression_strength_angular": 0.21391107339443416
      },
      "short": {
        "regression_angle": 4.806662390247981,
        "slope": 0.08408944789541684,
        "intercept": 0.29969624557581687,
        "r_squared": 0.03638383811769155,
        "p_value": 0.18454833111224783,
        "regression_strength": 0.9159105521045832,
        "regression_strength_angular": 0.8931852802167116
      }
    },
    "weber_law": {
      "long": {
        "mean_cv": 0.13171658804798736,
        "cv_magnitude_correlation": -0.27025108526475206,
        "bin_magnitudes": [
          0.54551875,
          0.63479375,
          0.72406875,
          0.7687062499999999,
          0.81334375,
          0.8579812499999999
        ],
        "coefficient_variations": [
          0.21773995637300883,
          0.05949822738956184,
          0.12049120295270813,
          0.11699952516522831,
          0.13385849178666964,
          0.1417121246207475
        ],
        "p_value": 0.6044923538172301
      },
      "medium": {
        "mean_cv": 0.15638809442092302,
        "cv_magnitude_correlation": 0.16207687894116085,
        "bin_magnitudes": [
          0.3569,
          0.4685,
          0.5801000000000001,
          0.6358999999999999,
          0.6917,
          0.7475
        ],
        "coefficient_variations": [
          0.21391391901397405,
          0.045634040357138556,
          0.14384312872751379,
          0.1431928641064057,
          0.23233645630464403,
          0.15940815801586178
        ],
        "p_value": 0.759013473441104
      },
      "short": {
        "mean_cv": 0.16045026768935305,
        "cv_magnitude_correlation": 0.8955890276825059,
        "bin_magnitudes": [
          0.14551875,
          0.23479374999999997,
          0.32406874999999996,
          0.36870624999999996,
          0.41334374999999995,
          0.45798125
        ],
        "coefficient_variations": [
          0.09399990405865477,
          0.04988733844770762,
          0.17590403677576263,
          0.19877166316820113,
          0.20623403670558169,
          0.23790462698021042
        ],
        "p_value": 0.01578335071271519
      }
    },
    "sequential_effect": [
      {
        "range_category": "long",
        "n_runs": 5,
        "N_total": 50,
        "r_resp_mean": 0.4536490333853799,
        "r_stim_mean": 0.23502816576403168,
        "r_resp_weighted": 0.45743590518218896,
        "r_stim_weighted": 0.23502816576403165
      },
      {
        "range_category": "medium",
        "n_runs": 5,
        "N_total": 50,
        "r_resp_mean": 0.15118869596414727,
        "r_stim_mean": 0.23525030686203605,
        "r_resp_weighted": 0.161981691795456,
        "r_stim_weighted": 0.23525030686203605
      },
      {
        "range_category": "short",
        "n_runs": 5,
        "N_total": 50,
        "r_resp_mean": -0.027433604699008775,
        "r_stim_mean": 0.2350281657640318,
        "r_resp_weighted": -0.042063987178995225,
        "r_stim_weighted": 0.23502816576403177
      }
    ]
  },
  "overall": {
    "range_effect": {
      "range_analyses_by_category": {
        "short": {
          "slope": 0.08408944789541684,
          "regression_strength": 0.9159105521045832,
          "r_squared": 0.03638383811769155,
          "mean_stimulus_magnitude": 0.30805000000000005
        },
        "medium": {
          "slope": 0.7099803077109511,
          "regression_strength": 0.2900196922890489,
          "r_squared": 0.5613175111345053,
          "mean_stimulus_magnitude": 0.56007
        },
        "long": {
          "slope": 0.7068149844595767,
          "regression_strength": 0.2931850155404233,
          "r_squared": 0.4105541307274376,
          "mean_stimulus_magnitude": 0.7080500000000001
        }
      },
      "correlation_analysis": {
        "correlation_magnitude_regression": -0.9290592966966746,
        "p_value": 0.2412372423082243,
        "interpretation": "Regression strength decreases with stimulus magnitude (r=-0.929)"
      },
      "pairwise_comparison_on_overlap": {
        "short_vs_medium": {
          "categories": [
            "medium",
            "short"
          ],
          "error": "Insufficient data in common bins for t-test.",
          "t_statistic": NaN,
          "p_value": NaN,
          "is_significant": false,
          "n_overlapping_bins": 0
        },
        "short_vs_long": {
          "error": "No overlapping data found or insufficient data after binning for short vs long."
        },
        "medium_vs_long": {
          "categories": [
            "long",
            "medium"
          ],
          "t_statistic": 1.61904761904762,
          "p_value": 0.35223810743895223,
          "is_significant": false,
          "n_overlapping_bins": 2,
          "mean_long": 0.6950000000000001,
          "mean_medium": 0.627
        }
      }
    }
  }
}