range_category,regression_angle,scalar_variability,short_vs_medium_t,medium_vs_long_t,response_autocorr,stimulus_autocorr
short,38.0959997552341,0.08481202312726638,,,0.4780648528593995,0.24718809267831113
medium,40.277205955823135,0.14187798806419658,,,-0.10204898358671677,0.217956842254054
long,30.696708077811866,0.10821299570437577,,,0.6204913334691428,0.21906490146470325
