model,scope,k,aic,rmse_to_llm,r2_to_llm,r2_to_truth,rmse_vs_truth,bias_vs_truth,aic_weight
Combo_Oracle,overall,0.0,-1139.975916841427,0.12964341058458748,0.5422850970367294,0.7932707051140744,0.09636103692312718,-4.775152794086695e-17,0.9999999858101636
EmpiricalLinear,overall,2.0,-1103.834162834484,0.13733035804690127,0.48639734227288145,0.8033294082578722,0.09398751459797011,0.0033502709191391765,1.4187890502740048e-08
Combo_NonOracle,overall,0.0,-1086.0455370352993,0.14279886650410972,0.444679535822219,0.7705307753515808,0.10152258728566733,-0.013656893521110014,1.9461074511832263e-12
Equal,overall,0.0,-1058.9055270287297,0.14991599786470625,0.3879454689448747,0.7248496830482878,0.11116945120724683,-0.022776344086021503,2.4876456804836335e-18
LLM(Combined),overall,,,0.0,1.0,0.6163019181157412,0.13127900218911862,0.010366308243727598,
