{
  "empirical_linear": {
    "w_txt_norm": 0.7843571757653709,
    "w_img_norm": 0.21564282423462916
  },
  "combo_oracle": {
    "w_txt_norm": 0.870397328712774,
    "w_img_norm": 0.1296026712872259
  },
  "combo_non_oracle": {
    "w_txt_norm": 0.5992543889309013,
    "w_img_norm": 0.40074561106909873
  }
}