{
  "per_range": {
    "regression_effect": {
      "long": {
        "regression_angle": -6.171082707477767,
        "slope": -0.10812413409858582,
        "intercept": 0.7069579418933083,
        "r_squared": 0.03136094093092636,
        "p_value": 0.21858612338392294,
        "regression_strength": 1.108124134098586,
        "regression_strength_angular": 1.1371351712772837
      },
      "medium": {
        "regression_angle": 0.7232795498278098,
        "slope": 0.0126242801468636,
        "intercept": 0.5299295194181461,
        "r_squared": 0.000677470364253198,
        "p_value": 0.857605711192601,
        "regression_strength": 0.9873757198531364,
        "regression_strength_angular": 0.9839271211149376
      },
      "short": {
        "regression_angle": 6.609094616551409,
        "slope": 0.11586480662973887,
        "intercept": 0.4143071511288692,
        "r_squared": 0.044854500082835994,
        "p_value": 0.13980908493525568,
        "regression_strength": 0.8841351933702611,
        "regression_strength_angular": 0.853131230743302
      }
    },
    "weber_law": {
      "long": {
        "mean_cv": 0.11119870702992861,
        "cv_magnitude_correlation": 0.3181595897665701,
        "bin_magnitudes": [
          0.5455462499999999,
          0.63481125,
          0.72407625,
          0.76870875,
          0.8133412499999999,
          0.85797375
        ],
        "coefficient_variations": [
          0.09818293740093488,
          0.07938008079785015,
          0.05921020148722999,
          0.0483384573519729,
          0.2833047711233617,
          0.09877579401822198
        ],
        "p_value": 0.5388635510341713
      },
      "medium": {
        "mean_cv": 0.10397251790508244,
        "cv_magnitude_correlation": 0.27085882632586433,
        "bin_magnitudes": [
          0.356935,
          0.468515,
          0.580095,
          0.635885,
          0.691675,
          0.747465
        ],
        "coefficient_variations": [
          0.1485568376711968,
          0.0,
          0.08958819153259036,
          0.05167193938727987,
          0.20327890704543536,
          0.13073923179399222
        ],
        "p_value": 0.6036474722076411
      },
      "short": {
        "mean_cv": 0.12878055115261525,
        "cv_magnitude_correlation": -0.5697745887754891,
        "bin_magnitudes": [
          0.14554625,
          0.23481125,
          0.32407625,
          0.36870875000000003,
          0.41334125,
          0.45797374999999996
        ],
        "coefficient_variations": [
          0.18323313064314883,
          0.10647942749998995,
          0.18144368465060587,
          0.11907012119677522,
          0.06368866947734489,
          0.11876827344782685
        ],
        "p_value": 0.23782480611351264
      }
    },
    "sequential_effect": [
      {
        "range_category": "long",
        "n_runs": 5,
        "N_total": 50,
        "r_resp_mean": -0.34478738284210886,
        "r_stim_mean": 0.23521755130669839,
        "r_resp_weighted": -0.37180808065210563,
        "r_stim_weighted": 0.23521755130669839
      },
      {
        "range_category": "medium",
        "n_runs": 5,
        "N_total": 50,
        "r_resp_mean": -0.3342812462499999,
        "r_stim_mean": 0.23520721737985428,
        "r_resp_weighted": -0.36275225579450165,
        "r_stim_weighted": 0.23520721737985426
      },
      {
        "range_category": "short",
        "n_runs": 5,
        "N_total": 50,
        "r_resp_mean": -0.1327313607272189,
        "r_stim_mean": 0.23521755130669836,
        "r_resp_weighted": -0.15403333438046657,
        "r_stim_weighted": 0.23521755130669833
      }
    ]
  },
  "overall": {
    "range_effect": {
      "range_analyses_by_category": {
        "short": {
          "slope": 0.11586480662973887,
          "regression_strength": 0.8841351933702611,
          "r_squared": 0.044854500082835994,
          "mean_stimulus_magnitude": 0.30805599999999994
        },
        "medium": {
          "slope": 0.0126242801468636,
          "regression_strength": 0.9873757198531364,
          "r_squared": 0.000677470364253198,
          "mean_stimulus_magnitude": 0.5600700000000001
        },
        "long": {
          "slope": -0.10812413409858582,
          "regression_strength": 1.108124134098586,
          "r_squared": 0.03136094093092636,
          "mean_stimulus_magnitude": 0.7080560000000001
        }
      },
      "correlation_analysis": {
        "correlation_magnitude_regression": 0.9812148052328838,
        "p_value": 0.12359052708009154,
        "interpretation": "Regression strength increases with stimulus magnitude (r=0.981)"
      },
      "pairwise_comparison_on_overlap": {
        "short_vs_medium": {
          "categories": [
            "medium",
            "short"
          ],
          "error": "Insufficient data in common bins for t-test.",
          "t_statistic": NaN,
          "p_value": NaN,
          "is_significant": false,
          "n_overlapping_bins": 0
        },
        "short_vs_long": {
          "error": "No overlapping data found or insufficient data after binning for short vs long."
        },
        "medium_vs_long": {
          "categories": [
            "long",
            "medium"
          ],
          "t_statistic": 1.3880597014925375,
          "p_value": 0.3974457084030252,
          "is_significant": false,
          "n_overlapping_bins": 2,
          "mean_long": 0.643,
          "mean_medium": 0.55
        }
      }
    }
  }
}