model,scope,k,aic,rmse_to_llm,r2_to_llm,r2_to_truth,rmse_vs_truth,bias_vs_truth,aic_weight
EmpiricalLinear,overall,3.0,-782.7826260227035,0.07213070776429457,0.8993702575136866,0.8924403320367102,0.06905286335767877,0.023876666666666515,0.9999999087021335
Bayes(range),overall,0.0,-750.2879510860223,0.08200624820262732,0.8699291852208502,0.827350801986413,0.08748613853006186,0.06101868515841235,8.787613598302963e-08
Bayes(stimulus),overall,0.0,-743.7861610531359,0.08380293874259091,0.8641672569842345,0.8079763237674804,0.09226444109914622,0.06826288140228833,3.4042793101813227e-09
Equal,overall,0.0,-733.2394208960013,0.08680149768293172,0.8542728701796396,0.8104242682031185,0.09167445482066783,0.06551,1.745137533460941e-11
LLM(Combined),overall,,,0.0,1.0,0.9157378825406879,0.06111856510095766,0.02387666666666667,
