range_category,w_img_bayes,w_txt_bayes
short,0.4043084154935534,0.5956915845064465
medium,0.4797942489820592,0.5202057510179408
long,0.4966082767783614,0.5033917232216386
