model,scope,k,aic,rmse_to_llm,r2_to_llm,r2_to_truth,rmse_vs_truth,bias_vs_truth,aic_weight
Combo_Oracle,overall,0.0,-1541.9838986733419,0.07653759931796714,0.9985592315090807,0.9995186079631977,0.04431388443595626,-8.600527697429546e-16,0.7093167366407506
EmpiricalLinear,overall,2.0,-1540.0669855547042,0.07627233594146648,0.998569201009941,0.9995117491245482,0.04462845838990257,0.0035956856922543705,0.27201184267864714
Combo_NonOracle,overall,0.0,-1534.7092824434078,0.07747121707741177,0.9985238676853172,0.9994385234558314,0.0478581800167046,0.0069318102927050755,0.018671420680602225
Equal,overall,0.0,-933.022844656299,0.21118134187691082,0.9890312883354627,0.9895983534527018,0.20598776047602332,0.05198621605159043,4.136447156480381e-133
LLM(Combined),overall,,,0.0,1.0,0.9990576854586859,0.06199951844767082,0.004242270915666688,
