range_category,regression_angle,scalar_variability,short_vs_medium_t,medium_vs_long_t,response_autocorr,stimulus_autocorr
short,47.82492676485359,0.21044751000222564,,,0.40297284553098056,0.24718809267831113
medium,60.51764974105281,0.184535173265634,,,0.40727028326677117,0.217956842254054
long,-7.3761663310553045,0.05954831535873494,,,-0.036521698859491955,0.21906490146470325
