range_category,regression_angle,scalar_variability,short_vs_medium_t,medium_vs_long_t,response_autocorr,stimulus_autocorr
short,53.031622064030344,0.3179897863698277,,,0.2598744805697996,0.24718809267831113
medium,51.814043180997494,0.2645991585496299,,,0.4957565690747548,0.217956842254054
long,36.91957429903196,0.19340932520702153,,,0.478149273273867,0.21906490146470325
