model,scope,k,aic,rmse_to_llm,r2_to_llm,r2_to_truth,rmse_vs_truth,bias_vs_truth,aic_weight
EmpiricalLinear,overall,2.0,403.9253414875573,3.79272391347591,-2.310425394416128,-7.50869302182716,5.920573885859977,4.967241324086478,0.9999999944948812
Equal,overall,0.0,441.9605164619946,4.363182496756238,-3.3811497892992666,-2.784549533192204,3.948566662347237,3.4458100000000007,5.505118766415454e-09
Combo_NonOracle,overall,0.0,500.14706779077824,5.297086183280538,-5.457366299591746,-0.7928746674636742,2.717736474292392,2.35893978934529,1.2756091073134345e-21
Combo_Oracle,overall,0.0,607.436223615505,7.574500525938709,-12.203508370675058,0.5885097567769604,1.3020034909437928,-3.647452710235181e-15,6.429444324144831e-45
LLM(Combined),overall,,,0.0,1.0,-13.22250531233132,7.654563495087969,7.338310000000002,
