range_category,regression_angle,scalar_variability,short_vs_medium_t,medium_vs_long_t,response_autocorr,stimulus_autocorr
short,40.65569702405717,0.1379450687781251,,,0.26218177495128475,0.24718809267831113
medium,41.971121212335326,0.26544568941734104,,,-0.1834891876679583,0.217956842254054
long,39.91098836522509,0.12870699465004518,,,0.38134716738256885,0.21906490146470325
