range_category,regression_angle,scalar_variability,short_vs_medium_t,medium_vs_long_t,response_autocorr,stimulus_autocorr
short,43.10560301759376,0.05682643711669081,,,0.3625639619903555,0.24718809267831113
medium,34.70782342611746,0.054356592947087425,,,-0.08019567235631116,0.217956842254054
long,36.00141255564416,0.03431794573493718,,,0.4675422623109521,0.21906490146470325
