model,scope,k,aic,rmse_to_llm,r2_to_llm,r2_to_truth,rmse_vs_truth,bias_vs_truth,aic_weight
EmpiricalLinear,overall,2.0,428.7465170991457,4.119870470481897,-4.629753900655203,-7.5785359591360155,5.944823507275582,4.82648143727543,0.9999999379724079
Equal,overall,0.0,461.9378900089293,4.663624645416196,-6.213889140721741,-2.805295258508886,3.959374279731584,3.39581,6.202759210677154e-08
Combo_NonOracle,overall,0.0,524.227564221795,5.739804864791208,-9.927392497085892,-0.6065842146286973,2.5726702554152903,2.2101971005804923,1.8473705976554383e-21
Combo_Oracle,overall,0.0,619.5161623156746,7.88572272467775,-19.625538284041358,0.5888658752366326,1.301439968664246,-2.652692880171041e-15,3.757490203507202e-42
LLM(Combined),overall,,,0.0,1.0,-14.492170435101912,7.988928065370639,7.664976666666668,
