{
  "empirical_linear": {
    "w_txt_norm": 0.05729609986319839,
    "w_img_norm": 0.9427039001368016
  },
  "combo_oracle": {
    "w_txt_norm": 1.0294487372850178,
    "w_img_norm": -0.02944873728501787
  },
  "combo_non_oracle": {
    "w_txt_norm": 0.8668735119400232,
    "w_img_norm": 0.13312648805997684
  }
}