{
  "per_range": {
    "regression_effect": {
      "long": {
        "regression_angle": 26.056392934305084,
        "slope": 0.488951551103815,
        "intercept": 0.2935978542409437,
        "r_squared": 0.11488741639373709,
        "p_value": 0.016045676334765738,
        "regression_strength": 0.5110484488961851,
        "regression_strength_angular": 0.4209690459043315
      },
      "medium": {
        "regression_angle": 44.09342145562337,
        "slope": 0.9688448007724358,
        "intercept": -0.04962090756861809,
        "r_squared": 0.6732943624917542,
        "p_value": 3.0240784447143754e-13,
        "regression_strength": 0.031155199227564156,
        "regression_strength_angular": 0.020146189875036195
      },
      "short": {
        "regression_angle": 35.516628463636195,
        "slope": 0.713731040911383,
        "intercept": 0.07833515284724846,
        "r_squared": 0.43636842461020503,
        "p_value": 1.7882193367878002e-07,
        "regression_strength": 0.28626895908861705,
        "regression_strength_angular": 0.21074158969697343
      }
    },
    "weber_law": {
      "long": {
        "mean_cv": 0.2071254125770677,
        "cv_magnitude_correlation": 0.11489178074947562,
        "bin_magnitudes": [
          0.54551875,
          0.63479375,
          0.72406875,
          0.7687062499999999,
          0.81334375,
          0.8579812499999999
        ],
        "coefficient_variations": [
          0.15869961694282758,
          0.08105387412409489,
          0.3609580004086946,
          0.42699474972392437,
          0.04525291881615982,
          0.16979331544670476
        ],
        "p_value": 0.8284206215959882
      },
      "medium": {
        "mean_cv": 0.201497917619006,
        "cv_magnitude_correlation": -0.44704690337456787,
        "bin_magnitudes": [
          0.3569,
          0.4685,
          0.5801000000000001,
          0.6358999999999999,
          0.6917,
          0.7475
        ],
        "coefficient_variations": [
          0.31388241028717223,
          0.1560047426162644,
          0.20533557512690886,
          0.10748113749414005,
          0.2226808857075616,
          0.20360275448198892
        ],
        "p_value": 0.37410101548780406
      },
      "short": {
        "mean_cv": 0.2772660279191524,
        "cv_magnitude_correlation": 0.44309108268025654,
        "bin_magnitudes": [
          0.14551875,
          0.23479374999999997,
          0.32406874999999996,
          0.36870624999999996,
          0.41334374999999995,
          0.45798125
        ],
        "coefficient_variations": [
          0.258746726666813,
          0.06172861907204575,
          0.339357550704834,
          0.3931740057742476,
          0.12026707076470332,
          0.49032219453227094
        ],
        "p_value": 0.3788593473200978
      }
    },
    "sequential_effect": [
      {
        "range_category": "long",
        "n_runs": 5,
        "N_total": 50,
        "r_resp_mean": 0.623224515918357,
        "r_stim_mean": 0.23502816576403168,
        "r_resp_weighted": 0.6403771482974264,
        "r_stim_weighted": 0.23502816576403165
      },
      {
        "range_category": "medium",
        "n_runs": 5,
        "N_total": 50,
        "r_resp_mean": 0.3135198576445492,
        "r_stim_mean": 0.23525030686203605,
        "r_resp_weighted": 0.3229908998603634,
        "r_stim_weighted": 0.23525030686203605
      },
      {
        "range_category": "short",
        "n_runs": 5,
        "N_total": 50,
        "r_resp_mean": 0.39929978506949804,
        "r_stim_mean": 0.2350281657640318,
        "r_resp_weighted": 0.4444579913947728,
        "r_stim_weighted": 0.23502816576403177
      }
    ]
  },
  "overall": {
    "range_effect": {
      "range_analyses_by_category": {
        "short": {
          "slope": 0.713731040911383,
          "regression_strength": 0.28626895908861705,
          "r_squared": 0.43636842461020503,
          "mean_stimulus_magnitude": 0.30805000000000005
        },
        "medium": {
          "slope": 0.9688448007724358,
          "regression_strength": 0.031155199227564156,
          "r_squared": 0.6732943624917542,
          "mean_stimulus_magnitude": 0.56007
        },
        "long": {
          "slope": 0.488951551103815,
          "regression_strength": 0.5110484488961851,
          "r_squared": 0.11488741639373709,
          "mean_stimulus_magnitude": 0.7080500000000001
        }
      },
      "correlation_analysis": {
        "correlation_magnitude_regression": 0.33166257641146285,
        "p_value": 0.7847809087455636,
        "interpretation": "Regression strength increases with stimulus magnitude (r=0.332)"
      },
      "pairwise_comparison_on_overlap": {
        "short_vs_medium": {
          "categories": [
            "medium",
            "short"
          ],
          "error": "Insufficient data in common bins for t-test.",
          "t_statistic": NaN,
          "p_value": NaN,
          "is_significant": false,
          "n_overlapping_bins": 0
        },
        "short_vs_long": {
          "error": "No overlapping data found or insufficient data after binning for short vs long."
        },
        "medium_vs_long": {
          "categories": [
            "long",
            "medium"
          ],
          "t_statistic": -1.098360655737705,
          "p_value": 0.47018027600589984,
          "is_significant": false,
          "n_overlapping_bins": 2,
          "mean_long": 0.5660000000000001,
          "mean_medium": 0.7
        }
      }
    }
  }
}