{
    "Basic Single-Stage": {
        "model_name": "bayes_basic_single",
        "params": {
            "w_p": 0.39597838889017856,
            "delta": 0.014999999999289897
        },
        "steady_state_weight": null,
        "mode": "single",
        "model_type": "basic",
        "r_squared": -0.17616709627532368,
        "aic": -76.0891647624002,
        "bic": -73.28676999907589,
        "n_params": 2,
        "mse": 0.06927624197061659,
        "rmse": 0.2632038031081933,
        "predictions": [
            0.2875707681660301,
            0.426495738721289,
            0.3721337937214051,
            0.34193271316591406,
            0.23320882316614613,
            0.23320882316614613,
            0.20904795872175327,
            0.40837509038799436,
            0.34193271316591406,
            0.36609357761030686,
            0.5331144656104927,
            0.7082807328323408,
            0.6418383556102605,
            0.5995568428325729,
            0.46667208838841223,
            0.46667208838841223,
            0.4364710078329212,
            0.6780796522768497,
            0.5995568428325729,
            0.629757923388064,
            0.6875707681660301,
            0.8264957387212891,
            0.7721337937214051,
            0.741932713165914,
            0.6332088231661462,
            0.6332088231661462,
            0.6090479587217533,
            0.8083750903879944,
            0.741932713165914,
            0.7660935776103069
        ],
        "converged": true,
        "confidence_intervals": {
            "w_p": [
                -10.174603508570524,
                10.96656028635088
            ],
            "delta": [
                -1.370929284314213,
                1.4009292843127925
            ]
        }
    },
    "Basic Two-Stage": {
        "model_name": "bayes_basic_sequential",
        "params": {
            "r_div_q": 0.01,
            "delta": 0.015001395134281214
        },
        "steady_state_weight": 0.9999000099990001,
        "mode": "sequential",
        "model_type": "basic",
        "r_squared": -0.22196776414486652,
        "aic": -74.94313441043981,
        "bic": -72.1407396471155,
        "n_params": 2,
        "mse": 0.07197390130813267,
        "rmse": 0.2682795208511687,
        "predictions": [
            0.2650013951342812,
            0.49497839973331054,
            0.4050103910356508,
            0.35500639503394144,
            0.17501939203507097,
            0.17500139693361147,
            0.13500539433466105,
            0.4649684021324718,
            0.35501238963619064,
            0.39499739703331166,
            0.5050013951342812,
            0.7949724009330573,
            0.6850123900359907,
            0.6150083948339015,
            0.3950233914352109,
            0.3950013973334715,
            0.34500639413475104,
            0.7449614036320819,
            0.6150143885365804,
            0.6649963974331118,
            0.6650013951342812,
            0.8949783997333106,
            0.8050103910356509,
            0.7550063950339414,
            0.575019392035071,
            0.5750013969336115,
            0.5350053943346611,
            0.8649684021324718,
            0.7550123896361906,
            0.7949973970333116
        ],
        "converged": true,
        "confidence_intervals": {
            "r_div_q": [
                -1420.0320028089736,
                1420.0520028089736
            ],
            "delta": [
                -1.4267800545381668,
                1.456782844806729
            ]
        }
    },
    "Weber Single-Stage": {
        "model_name": "bayes_weber_single",
        "params": {
            "w_p": 0.14336872378236143,
            "delta": -0.05219656614501904
        },
        "steady_state_weight": null,
        "mode": "single",
        "model_type": "weber",
        "r_squared": -0.19950618529013275,
        "aic": -75.49970223454825,
        "bic": -72.69730747122394,
        "n_params": 2,
        "mse": 0.07065091431358884,
        "rmse": 0.265802397117838,
        "predictions": [
            0.24102944988942096,
            0.4214585425406919,
            0.3527822431099551,
            0.3136633224641656,
            0.16445148947768806,
            0.16445148947768806,
            0.1285320454733102,
            0.3987902877165942,
            0.3136633224641656,
            0.3450190288158608,
            0.47152658719833024,
            0.7021967175845863,
            0.6164589493867618,
            0.5608559646943797,
            0.37924808343352073,
            0.37924808343352073,
            0.3360763034600809,
            0.6634558335078361,
            0.5608559646943797,
            0.6006613032123433,
            0.6230466365358568,
            0.8076569902825748,
            0.7363579776846386,
            0.6962490743288178,
            0.548371418773877,
            0.548371418773877,
            0.5146410257463917,
            0.7840123044053441,
            0.6962490743288178,
            0.7283660474777335
        ],
        "converged": true,
        "confidence_intervals": {
            "w_p": [
                -14.404469012653605,
                14.691206460218327
            ],
            "delta": [
                -3.034849067775577,
                2.9304559354855386
            ]
        }
    },
    "Weber Two-Stage": {
        "model_name": "bayes_weber_sequential",
        "params": {
            "r_div_q": 100.0,
            "delta": -0.04785197342666571
        },
        "steady_state_weight": 9.999000099990002e-05,
        "mode": "sequential",
        "model_type": "weber",
        "r_squared": -0.3282021413836369,
        "aic": -72.44225454197284,
        "bic": -69.63985977864853,
        "n_params": 2,
        "mse": 0.07823110612749624,
        "rmse": 0.2796982411948567,
        "predictions": [
            0.23831867493711667,
            0.33022830575460305,
            0.3435367217065653,
            0.338572710875001,
            0.2886343468034158,
            0.25950013737267325,
            0.23080862907119587,
            0.24943543812080948,
            0.25681737754717676,
            0.2658304033935476,
            0.4671046477328577,
            0.5893420218660901,
            0.6053563488917293,
            0.5968271158529519,
            0.5400741232398527,
            0.5052640302180905,
            0.47215243747065644,
            0.4956514253934198,
            0.5036192605569263,
            0.5141985714965344,
            0.6196286295966849,
            0.7209725109039881,
            0.7315239475705833,
            0.7249073666960258,
            0.6818540425304959,
            0.6545774525418797,
            0.6290572514016297,
            0.6493181399132889,
            0.6553385720640249,
            0.6636911673538436
        ],
        "converged": true,
        "confidence_intervals": {
            "r_div_q": [
                -25145.129418517114,
                25345.129418517114
            ],
            "delta": [
                -20.11822357699329,
                20.022519630139957
            ]
        }
    },
    "Linear Regression": {
        "model_name": "linear",
        "params": {
            "slope": 0.3531438415159345,
            "intercept": 0.35459948320413454
        },
        "steady_state_weight": null,
        "mode": "linear",
        "model_type": "linear",
        "log_likelihood": null,
        "r_squared": 0.09423164758051117,
        "aic": -83.9260139467864,
        "bic": -81.12361918346208,
        "n_params": 2,
        "mse": 0.05334975595750791,
        "rmse": 0.2309756609634615,