{
  "per_range": {
    "regression_effect": {
      "long": {
        "regression_angle": 44.74863857856712,
        "slope": 0.9912641002513927,
        "intercept": -0.02807049376760018,
        "r_squared": 0.9454639328080633,
        "p_value": 5.638286133586721e-32,
        "regression_strength": 0.008735899748607334,
        "regression_strength_angular": 0.005585809365175168
      },
      "medium": {
        "regression_angle": 50.51411637979832,
        "slope": 1.2137061333805337,
        "intercept": -0.13676039412243557,
        "r_squared": 0.9026105621102065,
        "p_value": 6.377635009770874e-26,
        "regression_strength": -0.21370613338053368,
        "regression_strength_angular": 0.12253591955107371
      },
      "short": {
        "regression_angle": 40.37669369191575,
        "slope": 0.8503655489998777,
        "intercept": 0.14453979043729365,
        "r_squared": 0.5363490089409897,
        "p_value": 1.4986548098156755e-09,
        "regression_strength": 0.1496344510001223,
        "regression_strength_angular": 0.10274014017965007
      }
    },
    "weber_law": {
      "long": {
        "mean_cv": 0.03409244602185029,
        "cv_magnitude_correlation": -0.6148474084185387,
        "bin_magnitudes": [
          0.5455462499999999,
          0.63481125,
          0.72407625,
          0.76870875,
          0.8133412499999999,
          0.85797375
        ],
        "coefficient_variations": [
          0.07084503823201993,
          0.014808397201985376,
          0.034835230000644486,
          0.034668233143677195,
          0.03556639983799783,
          0.013831377714776933
        ],
        "p_value": 0.1939465254237341
      },
      "medium": {
        "mean_cv": 0.08728218473009075,
        "cv_magnitude_correlation": -0.9291681951593374,
        "bin_magnitudes": [
          0.356935,
          0.468515,
          0.580095,
          0.635885,
          0.691675,
          0.747465
        ],
        "coefficient_variations": [
          0.18490693684551968,
          0.10726410596590717,
          0.07059081515410758,
          0.10001538816659103,
          0.031493915176053405,
          0.02942194707236568
        ],
        "p_value": 0.007348030162711359
      },
      "short": {
        "mean_cv": 0.18616545115127528,
        "cv_magnitude_correlation": -0.889688806754936,
        "bin_magnitudes": [
          0.14554625,
          0.23481125,
          0.32407625,
          0.36870875000000003,
          0.41334125,
          0.45797374999999996
        ],
        "coefficient_variations": [
          0.6246875420421172,
          0.2627423273322974,
          0.08784104611578829,
          0.0,
          0.14172179141744892,
          0.0
        ],
        "p_value": 0.017581674881454797
      }
    },
    "sequential_effect": [
      {
        "range_category": "long",
        "n_runs": 5,
        "N_total": 50,
        "r_resp_mean": 0.3046904709859587,
        "r_stim_mean": 0.23521755130669825,
        "r_resp_weighted": 0.3054457780244773,
        "r_stim_weighted": 0.23521755130669827
      },
      {
        "range_category": "medium",
        "n_runs": 5,
        "N_total": 50,
        "r_resp_mean": 0.24497452050619012,
        "r_stim_mean": 0.23520721737985423,
        "r_resp_weighted": 0.24528899400907742,
        "r_stim_weighted": 0.2352072173798542
      },
      {
        "range_category": "short",
        "n_runs": 5,
        "N_total": 50,
        "r_resp_mean": 0.15781261922689277,
        "r_stim_mean": 0.23521755130669839,
        "r_resp_weighted": 0.16548216241914593,
        "r_stim_weighted": 0.23521755130669839
      }
    ]
  },
  "overall": {
    "range_effect": {
      "range_analyses_by_category": {
        "short": {
          "slope": 0.8503655489998777,
          "regression_strength": 0.1496344510001223,
          "r_squared": 0.5363490089409897,
          "mean_stimulus_magnitude": 0.308056
        },
        "medium": {
          "slope": 1.2137061333805337,
          "regression_strength": -0.21370613338053368,
          "r_squared": 0.9026105621102065,
          "mean_stimulus_magnitude": 0.56007
        },
        "long": {
          "slope": 0.9912641002513927,
          "regression_strength": 0.008735899748607334,
          "r_squared": 0.9454639328080633,
          "mean_stimulus_magnitude": 0.708056
        }
      },
      "correlation_analysis": {
        "correlation_magnitude_regression": -0.5173759342641852,
        "p_value": 0.6538177957500448,
        "interpretation": "Regression strength decreases with stimulus magnitude (r=-0.517)"
      },
      "pairwise_comparison_on_overlap": {
        "short_vs_medium": {
          "categories": [
            "medium",
            "short"
          ],
          "error": "Insufficient data in common bins for t-test.",
          "t_statistic": NaN,
          "p_value": NaN,
          "is_significant": false,
          "n_overlapping_bins": 0
        },
        "short_vs_long": {
          "error": "No overlapping data found or insufficient data after binning for short vs long."
        },
        "medium_vs_long": {
          "categories": [
            "long",
            "medium"
          ],
          "t_statistic": -0.4333333333333341,
          "p_value": 0.7396811910139396,
          "is_significant": false,
          "n_overlapping_bins": 2,
          "mean_long": 0.6639999999999999,
          "mean_medium": 0.69
        }
      }
    }
  }
}