model,scope,k,aic,rmse_to_llm,r2_to_llm,r2_to_truth,rmse_vs_truth,bias_vs_truth,aic_weight
Combo_Oracle,overall,0.0,33.58466679276057,1.1401845150985397,0.6072972157550598,0.7022100927893187,1.106952972704846,1.3183898417423734e-15,0.857633032272612
Equal,overall,0.0,38.394367017664806,1.1618086781975279,0.5922603595442109,0.7156593530758082,1.0816671918430474,-0.17626292243109276,0.07742627507422543
EmpiricalLinear,overall,2.0,38.74609422004371,1.1453690855775824,0.603717752596781,0.7050109863047751,1.1017348940633147,-0.062010265403834815,0.06493992378434543
Combo_NonOracle,overall,0.0,61.43419979014786,1.2712203478666528,0.5118476605675767,0.6873538902063685,1.1342288723898055,-0.38553723210465785,7.688688170594929e-07
LLM(Combined),overall,,,0.0,1.0,0.8471835619595943,0.7929744967696228,0.1077081862779752,
