{
  "per_range": {
    "regression_effect": {
      "long": {
        "regression_angle": 14.247684873126024,
        "slope": 0.25392463412248506,
        "intercept": 0.3294086628095744,
        "r_squared": 0.10983645606124207,
        "p_value": 0.018719850292762394,
        "regression_strength": 0.746075365877515,
        "regression_strength_angular": 0.6833847805971994
      },
      "medium": {
        "regression_angle": 14.644210780003451,
        "slope": 0.2613046335352933,
        "intercept": 0.2592511138958883,
        "r_squared": 0.20964030971877823,
        "p_value": 0.0008276795726746248,
        "regression_strength": 0.7386953664647067,
        "regression_strength_angular": 0.674573093777701
      },
      "short": {
        "regression_angle": 32.6051971844301,
        "slope": 0.6396544950313201,
        "intercept": 0.09595443280560179,
        "r_squared": 0.6903108952137403,
        "p_value": 8.27829710467474e-14,
        "regression_strength": 0.3603455049686799,
        "regression_strength_angular": 0.27544006256822007
      }
    },
    "weber_law": {
      "long": {
        "mean_cv": 0.14790246867348691,
        "cv_magnitude_correlation": 0.272073316766947,
        "bin_magnitudes": [
          0.54551875,
          0.63479375,
          0.72406875,
          0.7687062499999999,
          0.81334375,
          0.8579812499999999
        ],
        "coefficient_variations": [
          0.11927760685990352,
          0.12527746981977425,
          0.18902675056504417,
          0.11576909074887863,
          0.22844782595291135,
          0.10961606809440949
        ],
        "p_value": 0.6019599874444472
      },
      "medium": {
        "mean_cv": 0.12034833915296854,
        "cv_magnitude_correlation": 0.08706274729789742,
        "bin_magnitudes": [
          0.3569,
          0.4685,
          0.5801000000000001,
          0.6358999999999999,
          0.6917,
          0.7475
        ],
        "coefficient_variations": [
          0.16139351429245727,
          0.0,
          0.1477444989371698,
          0.193447404978977,
          0.1290145036061009,
          0.09049011310310623
        ],
        "p_value": 0.8697358434685318
      },
      "short": {
        "mean_cv": 0.1681881102931686,
        "cv_magnitude_correlation": -0.7312474633100019,
        "bin_magnitudes": [
          0.14551875,
          0.23479374999999997,
          0.32406874999999996,
          0.36870624999999996,
          0.41334374999999995,
          0.45798125
        ],
        "coefficient_variations": [
          0.2574845374018515,
          0.21650635094610968,
          0.15984361599400526,
          0.10311494671148223,
          0.08566264428076913,
          0.1865165664247939
        ],
        "p_value": 0.0986361698028336
      }
    },
    "sequential_effect": [
      {
        "range_category": "long",
        "n_runs": 5,
        "N_total": 50,
        "r_resp_mean": -0.09277629786323546,
        "r_stim_mean": 0.23502816576403168,
        "r_resp_weighted": -0.09631713002483842,
        "r_stim_weighted": 0.23502816576403165
      },
      {
        "range_category": "medium",
        "n_runs": 5,
        "N_total": 50,
        "r_resp_mean": 0.0591154617522683,
        "r_stim_mean": 0.23525030686203605,
        "r_resp_weighted": 0.06544770149593873,
        "r_stim_weighted": 0.23525030686203605
      },
      {
        "range_category": "short",
        "n_runs": 5,
        "N_total": 50,
        "r_resp_mean": 0.3111506390370895,
        "r_stim_mean": 0.2350281657640318,
        "r_resp_weighted": 0.31908048769221575,
        "r_stim_weighted": 0.23502816576403177
      }
    ]
  },
  "overall": {
    "range_effect": {
      "range_analyses_by_category": {
        "short": {
          "slope": 0.6396544950313201,
          "regression_strength": 0.3603455049686799,
          "r_squared": 0.6903108952137403,
          "mean_stimulus_magnitude": 0.30805000000000005
        },
        "medium": {
          "slope": 0.2613046335352933,
          "regression_strength": 0.7386953664647067,
          "r_squared": 0.20964030971877823,
          "mean_stimulus_magnitude": 0.56007
        },
        "long": {
          "slope": 0.25392463412248506,
          "regression_strength": 0.746075365877515,
          "r_squared": 0.10983645606124207,
          "mean_stimulus_magnitude": 0.7080500000000001
        }
      },
      "correlation_analysis": {
        "correlation_magnitude_regression": 0.9366639641355408,
        "p_value": 0.22779272921884275,
        "interpretation": "Regression strength increases with stimulus magnitude (r=0.937)"
      },
      "pairwise_comparison_on_overlap": {
        "short_vs_medium": {
          "categories": [
            "medium",
            "short"
          ],
          "error": "Insufficient data in common bins for t-test.",
          "t_statistic": NaN,
          "p_value": NaN,
          "is_significant": false,
          "n_overlapping_bins": 0
        },
        "short_vs_long": {
          "error": "No overlapping data found or insufficient data after binning for short vs long."
        },
        "medium_vs_long": {
          "categories": [
            "long",
            "medium"
          ],
          "t_statistic": 1.5148514851485153,
          "p_value": 0.37144475502331087,
          "is_significant": false,
          "n_overlapping_bins": 2,
          "mean_long": 0.562,
          "mean_medium": 0.409
        }
      }
    }
  }
}