range_category,regression_angle,scalar_variability,short_vs_medium_t,medium_vs_long_t,response_autocorr,stimulus_autocorr
short,51.26112171472847,0.21621453752568362,,,-0.2183075287529678,0.23521755130669833
medium,28.457641098283442,0.22941681024871144,,1.588235294117647,-0.3572567647032252,0.23520721737985426
long,-3.6627727055654056,0.15024080849457924,,,-0.5819972498864365,0.23521755130669839
