model,scope,k,aic,rmse_to_llm,r2_to_llm,r2_to_truth,rmse_vs_truth,bias_vs_truth,aic_weight
Bayes(stimulus),overall,0.0,-602.7308887444444,0.13410892145819026,0.6053193439689473,0.7781250391990564,0.0991770331142507,-0.015789067785804415,0.963945433640489
EmpiricalLinear,overall,3.0,-595.9149513594479,0.13447416620339436,0.6031665962365176,0.6597534906464084,0.12281567644210177,-0.04838999999999969,0.031914676948264206
Equal,overall,0.0,-591.3730885032692,0.13928353151036915,0.5742741304395532,0.5473195079488451,0.1416618323684965,-0.046778333333333325,0.003294105200701983
Bayes(range),overall,0.0,-588.6538373222628,0.14055176024002475,0.5664860473881499,0.7549270188338723,0.10423286669571648,-0.026438407005634986,0.0008457842105449415
LLM(Combined),overall,,,0.0,1.0,0.5461984673529063,0.14183713312575563,-0.048389999999999996,
