range_category,w_img_bayes,w_txt_bayes
short,0.15430779537517092,0.8456922046248291
medium,0.11689725008554581,0.8831027499144541
long,0.13191536976066617,0.8680846302393338
