{
  "per_range": {
    "regression_effect": {
      "long": {
        "regression_angle": 50.24355302950191,
        "slope": 1.2020941566003034,
        "intercept": -0.27374998014578455,
        "r_squared": 0.8836259883010725,
        "p_value": 4.627332625985244e-24,
        "regression_strength": -0.2020941566003034,
        "regression_strength_angular": 0.11652340065559802
      },
      "medium": {
        "regression_angle": 40.14933019154578,
        "slope": 0.8435507466577038,
        "intercept": -0.007847466680580228,
        "r_squared": 0.8722881041683008,
        "p_value": 4.335280347764381e-23,
        "regression_strength": 0.1564492533422962,
        "regression_strength_angular": 0.10779266241009379
      },
      "short": {
        "regression_angle": 45.69473476769233,
        "slope": 1.0245496965187606,
        "intercept": 0.012181318689216791,
        "r_squared": 0.8631097016481846,
        "p_value": 2.304631098302584e-22,
        "regression_strength": -0.0245496965187606,
        "regression_strength_angular": 0.015438550393162921
      }
    },
    "weber_law": {
      "long": {
        "mean_cv": 0.05721211339740048,
        "cv_magnitude_correlation": -0.7471763044104365,
        "bin_magnitudes": [
          0.5455462499999999,
          0.63481125,
          0.72407625,
          0.76870875,
          0.8133412499999999,
          0.85797375
        ],
        "coefficient_variations": [
          0.1662223107990199,
          0.02446728380041065,
          0.06986252704960005,
          0.023118522695279135,
          0.037396256455876735,
          0.022205779584216396
        ],
        "p_value": 0.08779950888750637
      },
      "medium": {
        "mean_cv": 0.0988261813779406,
        "cv_magnitude_correlation": -0.9613219467737434,
        "bin_magnitudes": [
          0.356935,
          0.468515,
          0.580095,
          0.635885,
          0.691675,
          0.747465
        ],
        "coefficient_variations": [
          0.23536530202395045,
          0.13736629184010346,
          0.08056309382875304,
          0.055815094990671756,
          0.04223258177212372,
          0.04161472381204115
        ],
        "p_value": 0.002215056676799945
      },
      "short": {
        "mean_cv": 0.10605509463388342,
        "cv_magnitude_correlation": -0.9430634575091654,
        "bin_magnitudes": [
          0.14554625,
          0.23481125,
          0.32407625,
          0.36870875000000003,
          0.41334125,
          0.45797374999999996
        ],
        "coefficient_variations": [
          0.2103462319690207,
          0.1668293476879892,
          0.07397913108854215,
          0.05938973326524039,
          0.06989517158176602,
          0.05589095221074204
        ],
        "p_value": 0.004770367222218459
      }
    },
    "sequential_effect": [
      {
        "range_category": "long",
        "n_runs": 5,
        "N_total": 50,
        "r_resp_mean": 0.27995644228954575,
        "r_stim_mean": 0.23521755130669839,
        "r_resp_weighted": 0.28056445678674025,
        "r_stim_weighted": 0.23521755130669839
      },
      {
        "range_category": "medium",
        "n_runs": 5,
        "N_total": 50,
        "r_resp_mean": 0.11630990184654418,
        "r_stim_mean": 0.23520721737985428,
        "r_resp_weighted": 0.11637671497410922,
        "r_stim_weighted": 0.23520721737985426
      },
      {
        "range_category": "short",
        "n_runs": 5,
        "N_total": 50,
        "r_resp_mean": 0.44657780762713595,
        "r_stim_mean": 0.23521755130669836,
        "r_resp_weighted": 0.4470602128615134,
        "r_stim_weighted": 0.23521755130669833
      }
    ]
  },
  "overall": {
    "range_effect": {
      "range_analyses_by_category": {
        "short": {
          "slope": 1.0245496965187606,
          "regression_strength": -0.0245496965187606,
          "r_squared": 0.8631097016481846,
          "mean_stimulus_magnitude": 0.30805599999999994
        },
        "medium": {
          "slope": 0.8435507466577038,
          "regression_strength": 0.1564492533422962,
          "r_squared": 0.8722881041683008,
          "mean_stimulus_magnitude": 0.5600700000000001
        },
        "long": {
          "slope": 1.2020941566003034,
          "regression_strength": -0.2020941566003034,
          "r_squared": 0.8836259883010725,
          "mean_stimulus_magnitude": 0.7080560000000001
        }
      },
      "correlation_analysis": {
        "correlation_magnitude_regression": -0.36068114257306144,
        "p_value": 0.7650885199116638,
        "interpretation": "Regression strength decreases with stimulus magnitude (r=-0.361)"
      },
      "pairwise_comparison_on_overlap": {
        "short_vs_medium": {
          "categories": [
            "medium",
            "short"
          ],
          "error": "Insufficient data in common bins for t-test.",
          "t_statistic": NaN,
          "p_value": NaN,
          "is_significant": false,
          "n_overlapping_bins": 0
        },
        "short_vs_long": {
          "error": "No overlapping data found or insufficient data after binning for short vs long."
        },
        "medium_vs_long": {
          "categories": [
            "long",
            "medium"
          ],
          "t_statistic": -0.7037037037037035,
          "p_value": 0.6096200771453821,
          "is_significant": false,
          "n_overlapping_bins": 2,
          "mean_long": 0.561,
          "mean_medium": 0.599
        }
      }
    }
  }
}