model,scope,k,aic,rmse_to_llm,r2_to_llm,r2_to_truth,rmse_vs_truth,bias_vs_truth,aic_weight
EmpiricalLinear,overall,3.0,270.35880921799713,2.4137849416158006,0.12547097112073746,-9.246176178238247,6.497006288514274,5.906643333333323,1.0
Equal,overall,0.0,417.6363597985797,4.023375389002788,-1.4297309886379415,-2.18429454747732,3.621921173148306,3.0352433333333333,1.0449276886079723e-32
Bayes(stimulus),overall,0.0,501.4483030983564,5.3201119356141,-3.2483337006667723,-1.1073050241604503,2.9464296681977222,1.9143029808266996,6.600152814765566e-51
Bayes(range),overall,0.0,526.9529625672865,5.792186622062329,-4.035726968420979,0.2647857258121865,1.7403610006307355,1.0971762625069745,1.9111182329538946e-56
LLM(Combined),overall,,,0.0,1.0,-11.771275971992832,7.253531850094363,5.906643333333334,
