range_category,w_img_bayes,w_txt_bayes
short,0.10635841201162981,0.8936415879883702
medium,0.1091464463560566,0.8908535536439434
long,0.15574602181195993,0.84425397818804
