model,scope,k,aic,rmse_to_llm,r2_to_llm,r2_to_truth,rmse_vs_truth,bias_vs_truth,aic_weight
EmpiricalLinear,overall,3.0,-720.9692838895819,0.08863478011049983,0.6764468222919695,0.7307594760843066,0.109251442243745,0.012476666666666967,0.8785669715632792
Equal,overall,0.0,-716.2922759751413,0.09184610080636703,0.6525768339698372,0.754298225075531,0.10436649829646805,0.023097999999999997,0.08475698667405936
Bayes(range),overall,0.0,-714.6123277595409,0.09236186586683225,0.6486639438413461,0.758088178935874,0.10355844265484243,0.03101119127210923,0.03659143050169472
Bayes(stimulus),overall,0.0,-702.4733237864046,0.09617577751406538,0.6190493330989381,0.7853677804382393,0.09754486763462601,0.026978294490611388,8.461126096678565e-05
LLM(Combined),overall,,,0.0,1.0,0.6395836598040365,0.1264035297502935,0.012476666666666662,
