range_category,w_img_bayes,w_txt_bayes
short,0.4941830081790522,0.5058169918209479
medium,0.6872007952234355,0.31279920477656453
long,0.6545352117250249,0.34546478827497507
