model,scope,k,aic,rmse_to_llm,r2_to_llm,r2_to_truth,rmse_vs_truth,bias_vs_truth,aic_weight
EmpiricalLinear,overall,3.0,-44.61489904457489,0.8447484990820174,0.7916707882168166,0.84818506624118,0.7908418161526911,-0.36622333333333246,0.9999999999891473
Bayes(range),overall,0.0,5.878305933570191,1.0197875824528584,0.6963909227004048,0.6337681128989705,1.2283169785414343,-0.8939444850571149,1.0852751332197833e-11
Bayes(stimulus),overall,0.0,40.15173294259749,1.1432088737526198,0.6184543673445927,0.5475889882419058,1.365208429477694,-0.9820850044430897,3.9188599142132116e-19
Equal,overall,0.0,56.988208456265546,1.2092020688591851,0.5731325141661913,0.49749560073767873,1.4388062367810337,-1.1697233333333332,8.652976695835621e-23
LLM(Combined),overall,,,0.0,1.0,0.8026914227517294,0.9015822648728918,-0.36622333333333323,
