range_category,w_img_bayes,w_txt_bayes
short,0.6950145867195925,0.3049854132804075
medium,0.6885549154433827,0.31144508455661735
long,0.5417565710744612,0.4582434289255388
