{
  "per_range": {
    "regression_effect": {
      "long": {
        "regression_angle": 40.1049123175683,
        "slope": 0.8422247330908098,
        "intercept": 0.6271771185781541,
        "r_squared": 0.32960930475974887,
        "p_value": 1.3053390348030997e-05,
        "regression_strength": 0.1577752669091902,
        "regression_strength_angular": 0.10877972627626001
      },
      "medium": {
        "regression_angle": 35.94219941904858,
        "slope": 0.7250023311499975,
        "intercept": 0.7617295006864238,
        "r_squared": 0.5101606243857197,
        "p_value": 5.734626240709332e-09,
        "regression_strength": 0.27499766885000254,
        "regression_strength_angular": 0.20128445735447606
      },
      "short": {
        "regression_angle": 46.66520170367773,
        "slope": 1.0598837840929984,
        "intercept": -0.05751944389516295,
        "r_squared": 0.28815069847049085,
        "p_value": 5.850529112397727e-05,
        "regression_strength": -0.05988378409299844,
        "regression_strength_angular": 0.03700448230394958
      }
    },
    "weber_law": {
      "long": {
        "mean_cv": 0.13921341234691892,
        "cv_magnitude_correlation": -0.606115347642847,
        "bin_magnitudes": [
          5.43633125,
          5.8685937500000005,
          6.300856250000001,
          7.16538125,
          7.59764375,
          8.02990625,
          8.46216875
        ],
        "coefficient_variations": [
          0.33831136496117586,
          0.05558994429635885,
          0.2323610183400303,
          0.11778313058057417,
          0.030261394275916193,
          0.10497087877233142,
          0.09521615520204549
        ],
        "p_value": 0.14910757980215786
      },
      "medium": {
        "mean_cv": 0.1969164764979469,
        "cv_magnitude_correlation": 0.23654464042839282,
        "bin_magnitudes": [
          3.39370625,
          4.31933125,
          5.24495625,
          5.70776875,
          6.63339375
        ],
        "coefficient_variations": [
          0.1544771772725367,
          0.18396848935054955,
          0.27975396684143294,
          0.19175496394972127,
          0.1746277850754941
        ],
        "p_value": 0.7016547208297713
      },
      "short": {
        "mean_cv": 0.4052955493647217,
        "cv_magnitude_correlation": -0.06319376911887004,
        "bin_magnitudes": [
          1.47201875,
          2.36009375,
          3.2481687499999996,
          3.69220625,
          4.13624375,
          4.5802812500000005
        ],
        "coefficient_variations": [
          0.7294496286226712,
          0.07881529757374026,
          0.5085417163395813,
          0.17569987409965201,
          0.16906928516107855,
          0.7701974943916068
        ],
        "p_value": 0.9053355269779235
      }
    },
    "sequential_effect": [
      {
        "range_category": "long",
        "n_runs": 5,
        "N_total": 50,
        "r_resp_mean": 0.41563700737959214,
        "r_stim_mean": 0.2190649014647032,
        "r_resp_weighted": 0.4259089459725204,
        "r_stim_weighted": 0.21906490146470325
      },
      {
        "range_category": "medium",
        "n_runs": 5,
        "N_total": 50,
        "r_resp_mean": -0.10001365437178902,
        "r_stim_mean": 0.217956842254054,
        "r_resp_weighted": -0.10034871649455618,
        "r_stim_weighted": 0.217956842254054
      },
      {
        "range_category": "short",
        "n_runs": 5,
        "N_total": 50,
        "r_resp_mean": 0.0704690012984168,
        "r_stim_mean": 0.24718809267831113,
        "r_resp_weighted": 0.07209979116202027,
        "r_stim_weighted": 0.24718809267831113
      }
    ]
  },
  "overall": {
    "range_effect": {
      "range_analyses_by_category": {
        "short": {
          "slope": 1.0598837840929984,
          "regression_strength": -0.05988378409299844,
          "r_squared": 0.28815069847049085,
          "mean_stimulus_magnitude": 3.0697699999999997
        },
        "medium": {
          "slope": 0.7250023311499975,
          "regression_strength": 0.27499766885000254,
          "r_squared": 0.5101606243857197,
          "mean_stimulus_magnitude": 5.0383
        },
        "long": {
          "slope": 0.8422247330908098,
          "regression_strength": 0.1577752669091902,
          "r_squared": 0.32960930475974887,
          "mean_stimulus_magnitude": 7.0569999999999995
        }
      },
      "correlation_analysis": {
        "correlation_magnitude_regression": 0.6348322097475185,
        "p_value": 0.5621384345706123,
        "interpretation": "Regression strength increases with stimulus magnitude (r=0.635)"
      },
      "pairwise_comparison_on_overlap": {
        "short_vs_medium": {
          "error": "No overlapping data found or insufficient data after binning for short vs medium."
        },
        "short_vs_long": {
          "error": "No overlapping data found or insufficient data after binning for short vs long."
        },
        "medium_vs_long": {
          "error": "No overlapping data found or insufficient data after binning for medium vs long."
        }
      }
    }
  }
}