model,scope,k,aic,rmse_to_llm,r2_to_llm,r2_to_truth,rmse_vs_truth,bias_vs_truth,aic_weight
Combo_Oracle,overall,0.0,-881.4969251007326,0.052954454504833645,0.999322694818329,0.9997106785088073,0.034524128546878245,-8.245256329549496e-16,0.8211119821041162
EmpiricalLinear,overall,2.0,-878.2090844519893,0.05282889689224312,0.9993259028583105,0.9997052827697684,0.03484457253623003,0.004113635635427667,0.15865613272695916
Combo_NonOracle,overall,0.0,-874.0901257732953,0.05427813775397844,0.9992884109136676,0.9996621616627157,0.03730670070985484,0.005796458353129855,0.020231885168924577
Equal,overall,0.0,-468.99485797617683,0.20944037354813966,0.9894050183596921,0.989646494160631,0.20652664686778227,0.0314880095740804,2.1913746162177763e-90
LLM(Combined),overall,,,0.0,1.0,0.9996132097039782,0.039918127635239144,0.001591832913333362,
