model,scope,k,aic,rmse_to_llm,r2_to_llm,r2_to_truth,rmse_vs_truth,bias_vs_truth,aic_weight
EmpiricalLinear,overall,2.0,-137.82392479535014,0.6232881070393208,0.8920490825313457,0.9437651522218531,0.4813213648384703,-0.08645337519003413,0.5128663240082116
Combo_NonOracle,overall,0.0,-137.71923163859566,0.631874736978398,0.8890542573354253,0.9422713870248042,0.48767213256592534,-0.07202583832080305,0.486710093783753
Combo_Oracle,overall,0.0,-123.62587898809794,0.6622671442420687,0.8781248742245055,0.9472280884892139,0.46626604549621675,-4.529709940470639e-16,0.00042358220742058574
Equal,overall,0.0,-82.92411341647525,0.7584990661387352,0.8401330246868316,0.8937409981283797,0.661630083203598,-0.14652333333333323,6.146977359477598e-13
LLM(Combined),overall,,,0.0,1.0,0.8669605661073392,0.7403252665776936,-0.27335666666666664,
