{
    "Basic Single-Stage": {
        "model_name": "bayes_basic_single",
        "params": {
            "w_p": 0.0,
            "delta": 1.4688466944362297
        },
        "steady_state_weight": null,
        "mode": "single",
        "model_type": "basic",
        "r_squared": 0.7735786813223642,
        "aic": 28.852420652225216,
        "bic": 31.65481541554953,
        "n_params": 2,
        "mse": 2.289683469299951,
        "rmse": 1.5131700067407994,
        "predictions": [
            3.9688466944362295,
            6.271146694436229,
            5.3739466944362295,
            4.86924669443623,
            3.06964669443623,
            2.7188466944362295,
            5.94094669443623,
            2.58684669443623,
            6.322946694436229,
            5.83494669443623,
            5.94094669443623,
            8.29254669443623,
            7.4322466944362295,
            6.85404669443623,
            5.074446694436229,
            4.7188466944362295,
            7.9688466944362295,
            7.29984669443623,
            4.561146694436229,
            8.365446694436232,
            7.9688466944362295,
            10.31474669443623,
            9.41004669443623,
            8.90184669443623,
            7.12574669443623,
            6.68904669443623,
            9.92834669443623,
            9.29504669443623,
            6.56784669443623,
            10.371046694436231
        ],
        "converged": true,
        "confidence_intervals": {
            "w_p": [
                -1.7216274008472745,
                1.7216274008472745
            ],
            "delta": [
                0.08291742227676036,
                2.854775966595699
            ]
        }
    },
    "Basic Two-Stage": {
        "model_name": "bayes_basic_sequential",
        "params": {
            "r_div_q": 0.01,
            "delta": 1.4688690024870712
        },
        "steady_state_weight": 0.9999000099990001,
        "mode": "sequential",
        "model_type": "basic",
        "r_squared": 0.7735594118843734,
        "aic": 28.854973672821295,
        "bic": 31.657368436145607,
        "n_params": 2,
        "mse": 2.289878331311567,
        "rmse": 1.5132343940419697,
        "predictions": [
            3.968869002487071,
            6.270938818523355,
            5.3740586815337625,
            4.869319471361706,
            3.069848931549945,
            2.7189040934621334,
            5.940646860421362,
            2.587204313214072,
            6.322595500714764,
            5.835017755386803,
            5.940969002487071,
            8.292333889509147,
            7.432354991778775,
            6.854126819523172,
            5.074646932684514,
            4.718904573166311,
            7.968544071027182,
            7.299935856623767,
            4.561442824410838,
            8.365088675930775,
            7.968869002487072,
            10.314534459395173,
            9.410159430947974,
            8.901919821366649,
            7.125946582054821,
            6.689112681509661,
            9.928045141623908,
            9.295132287444627,
            6.568141674283934,
            10.370688785793789
        ],
        "converged": true,
        "confidence_intervals": {
            "r_div_q": [
                -17.126549329392773,
                17.146549329392776
            ],
            "delta": [
                0.08083406087321099,
                2.8569039441009316
            ]
        }
    },
    "Weber Single-Stage": {
        "model_name": "bayes_weber_single",
        "params": {
            "w_p": 0.0,
            "delta": 0.25687481516895383
        },
        "steady_state_weight": null,
        "mode": "single",
        "model_type": "weber",
        "r_squared": 0.8283675734238704,
        "aic": 20.54115372266265,
        "bic": 23.34354848598696,
        "n_params": 2,
        "mse": 1.7356313099064096,
        "rmse": 1.3174336073997845,
        "predictions": [
            3.232208461020802,
            6.208813607222019,
            5.048838739840822,
            4.3963205548572155,
            2.069647827105093,
            1.6161043769520345,
            5.781903552374414,
            1.445443785674373,
            6.275784960465831,
            5.644857926045383,
            5.781903552374414,
            8.822247843651308,
            7.709980368831818,
            6.962435263704967,
            4.661620201297945,
            4.201870911462063,
            8.40374153004086,
            7.5388026242472534,
            3.9979832202159455,
            8.9164990338342,
            8.40374153004086,
            11.436716386694394,
            10.267044894808786,
            9.610001618389788,
            7.313711647418155,
            6.749109524607892,
            10.93714629222706,
            10.11836331907446,
            6.5924120726165825,
            11.509505714640854
        ],
        "converged": true,
        "confidence_intervals": {
            "w_p": [
                -1.96,
                1.96
            ],
            "delta": [
                -0.05817588458326184,
                0.5719255149211695
            ]
        }
    },
    "Weber Two-Stage": {
        "model_name": "bayes_weber_sequential",
        "params": {
            "r_div_q": 0.01,
            "delta": 0.25689403137122735
        },
        "steady_state_weight": 0.9999000099990001,
        "mode": "sequential",
        "model_type": "weber",
        "r_squared": 0.8283555979527912,
        "aic": 20.543246866711865,
        "bic": 23.345641630036177,
        "n_params": 2,
        "mse": 1.7357524117457908,
        "rmse": 1.3174795678665345,
        "predictions": [
            3.2322705724083654,
            6.208527690758757,
            5.049040125386531,
            4.396465875601395,
            2.06984350394652,
            1.6161754140454512,
            5.781277826701917,
            1.445671905479132,
            6.274984417373637,
            5.645026115770847,
            5.782014659689346,
            8.822044672106268,
            7.7102323766806125,
            6.962640060803863,
            4.661896763988543,
            4.201995294816326,
            8.403320650879252,
            7.5390293079206065,
            3.9983135950016035,
            8.915955386970602,
            8.403903019608773,
            11.436583803637365,
            10.2673529100994,
            9.610249842604263,
            7.314051865475356,
            6.749293449529356,
            10.936828586167037,
            10.11863642873569,
            6.592821155549002,
            11.509085697084515
        ],
        "converged": true,
        "confidence_intervals": {
            "r_div_q": [
                -9.087835155833663,
                9.107835155833662
            ],
            "delta": [
                0.06271479861728824,
                0.45107326412516646
            ]
        }
    },
    "Linear Regression": {
        "model_name": "linear",
        "params": {
            "slope": 1.354051074976016,
            "intercept": -0.37189906373367826
        },
        "steady_state_weight": null,
        "mode": "linear",
        "model_type": "linear",
        "log_likelihood": null,
        "r_squared": 0.8303491511050012,
        "aic": 20.19277471724257,
        "bic": 22.995169480566883,
        "n_params": 2,
        "mse": 1.715592624123121,
        "rmse": 1.3098063307692176,