{
  "per_range": {
    "regression_effect": {
      "long": {
        "regression_angle": -4.391548010826636,
        "slope": -0.07679741974144819,
        "intercept": 0.6663768738324508,
        "r_squared": 0.021528291321332233,
        "p_value": 0.3092587578003324,
        "regression_strength": 1.0767974197414483,
        "regression_strength_angular": 1.0975899557961475
      },
      "medium": {
        "regression_angle": 3.4308271004307,
        "slope": 0.059950897857914194,
        "intercept": 0.41702330063671794,
        "r_squared": 0.02122333441896793,
        "p_value": 0.3127478969538366,
        "regression_strength": 0.9400491021420858,
        "regression_strength_angular": 0.9237593977682067
      },
      "short": {
        "regression_angle": 7.712472775159077,
        "slope": 0.13542698166393186,
        "intercept": 0.3610809057365359,
        "r_squared": 0.01916067814727676,
        "p_value": 0.33772950671705826,
        "regression_strength": 0.8645730183360681,
        "regression_strength_angular": 0.828611716107576
      }
    },
    "weber_law": {
      "long": {
        "mean_cv": 0.05027119344081282,
        "cv_magnitude_correlation": -0.6177813470286807,
        "bin_magnitudes": [
          0.5455462499999999,
          0.63481125,
          0.72407625,
          0.76870875,
          0.8133412499999999,
          0.85797375
        ],
        "coefficient_variations": [
          0.07971817461754005,
          0.03665685209016052,
          0.0861220245118374,
          0.04161472381204115,
          0.04384447014705474,
          0.013670915466243078
        ],
        "p_value": 0.1912172765446808
      },
      "medium": {
        "mean_cv": 0.10753583953473744,
        "cv_magnitude_correlation": 0.4566127869586195,
        "bin_magnitudes": [
          0.356935,
          0.468515,
          0.580095,
          0.635885,
          0.691675,
          0.747465
        ],
        "coefficient_variations": [
          0.11547005383792518,
          0.0,
          0.13381919768707032,
          0.1462848209579302,
          0.10531771450071595,
          0.1443232502247831
        ],
        "p_value": 0.36268161522803927
      },
      "short": {
        "mean_cv": 0.2949190770345789,
        "cv_magnitude_correlation": -0.19690076912689777,
        "bin_magnitudes": [
          0.14554625,
          0.23481125,
          0.32407625,
          0.36870875000000003,
          0.41334125,
          0.45797374999999996
        ],
        "coefficient_variations": [
          0.32398512817197733,
          0.22934030538459385,
          0.3744091213788577,
          0.34799207988285674,
          0.23394300113720584,
          0.25984482625198196
        ],
        "p_value": 0.7084657591424529
      }
    },
    "sequential_effect": [
      {
        "range_category": "long",
        "n_runs": 5,
        "N_total": 50,
        "r_resp_mean": -0.14065643716126708,
        "r_stim_mean": 0.23521755130669839,
        "r_resp_weighted": -0.16916002174384576,
        "r_stim_weighted": 0.23521755130669839
      },
      {
        "range_category": "medium",
        "n_runs": 5,
        "N_total": 50,
        "r_resp_mean": -0.13204955436434362,
        "r_stim_mean": 0.23520721737985428,
        "r_resp_weighted": -0.14515011541956244,
        "r_stim_weighted": 0.23520721737985426
      },
      {
        "range_category": "short",
        "n_runs": 5,
        "N_total": 50,
        "r_resp_mean": -0.08884010168254866,
        "r_stim_mean": 0.23521755130669836,
        "r_resp_weighted": -0.12242910567432808,
        "r_stim_weighted": 0.23521755130669833
      }
    ]
  },
  "overall": {
    "range_effect": {
      "range_analyses_by_category": {
        "short": {
          "slope": 0.13542698166393186,
          "regression_strength": 0.8645730183360681,
          "r_squared": 0.01916067814727676,
          "mean_stimulus_magnitude": 0.30805599999999994
        },
        "medium": {
          "slope": 0.059950897857914194,
          "regression_strength": 0.9400491021420858,
          "r_squared": 0.02122333441896793,
          "mean_stimulus_magnitude": 0.5600700000000001
        },
        "long": {
          "slope": -0.07679741974144819,
          "regression_strength": 1.0767974197414483,
          "r_squared": 0.021528291321332233,
          "mean_stimulus_magnitude": 0.7080560000000001
        }
      },
      "correlation_analysis": {
        "correlation_magnitude_regression": 0.9510412044900145,
        "p_value": 0.20003154213176133,
        "interpretation": "Regression strength increases with stimulus magnitude (r=0.951)"
      },
      "pairwise_comparison_on_overlap": {
        "short_vs_medium": {
          "categories": [
            "medium",
            "short"
          ],
          "error": "Insufficient data in common bins for t-test.",
          "t_statistic": NaN,
          "p_value": NaN,
          "is_significant": false,
          "n_overlapping_bins": 0
        },
        "short_vs_long": {
          "error": "No overlapping data found or insufficient data after binning for short vs long."
        },
        "medium_vs_long": {
          "categories": [
            "long",
            "medium"
          ],
          "t_statistic": 2.033333333333334,
          "p_value": 0.2909790077497871,
          "is_significant": false,
          "n_overlapping_bins": 2,
          "mean_long": 0.616,
          "mean_medium": 0.49399999999999994
        }
      }
    }
  }
}