model,scope,k,aic,rmse_to_llm,r2_to_llm,r2_to_truth,rmse_vs_truth,bias_vs_truth,aic_weight
EmpiricalLinear,overall,2.0,306.2006857204063,2.738295424784975,0.31866757924253797,-1.570101515050096,3.25392483341845,2.025985341995198,0.9429455375257241
Equal,overall,0.0,311.8106901860642,2.827432249044685,0.27358823773948227,-0.6679140150504399,2.621314963016335,1.4468876929664278,0.05705446247427599
Combo_NonOracle,overall,0.0,402.9474847768114,3.8311241910450633,-0.33367777630451956,0.5773323378675036,1.319568343980168,-0.17695034262623224,9.250945524547146e-22
Combo_Oracle,overall,0.0,414.4797053101523,3.981262649893116,-0.4402573912524419,0.748761680202572,1.0173615448104414,6.631732200427602e-16,2.897318588151533e-24
LLM(Combined),overall,,,0.0,1.0,-2.7983457225877144,3.9557571638056857,2.4361033333333335,
