{
  "empirical_linear": {
    "w_txt_norm": 0.3917043727364947,
    "w_img_norm": 0.6082956272635053
  },
  "combo_oracle": {
    "w_txt_norm": 1.0001488399156193,
    "w_img_norm": -0.0001488399156194365
  },
  "combo_non_oracle": {
    "w_txt_norm": 0.8036699577934373,
    "w_img_norm": 0.19633004220656272
  }
}