model,scope,k,aic,rmse_to_llm,r2_to_llm,r2_to_truth,rmse_vs_truth,bias_vs_truth,aic_weight
EmpiricalLinear,overall,3.0,-807.8367638503328,0.06635147997023493,0.8948255925332679,0.8171538722975151,0.09002984715788441,-0.03772733333333363,0.9999999997806286
Equal,overall,0.0,-762.8346870873645,0.07864727554086028,0.8522334238041265,0.7875991124362914,0.09703352147582812,-0.058647666666666654,1.690141998585552e-10
Bayes(range),overall,0.0,-760.4115158863733,0.07928510071631387,0.8498269470411026,0.7857960354039547,0.0974445112223431,-0.057146455242214456,5.031972431444611e-11
Bayes(stimulus),overall,0.0,-746.0100495755806,0.08318400765430775,0.8346940348605315,0.7513555098161637,0.10498640126170644,-0.07931870090313604,3.7540458972735146e-14
LLM(Combined),overall,,,0.0,1.0,0.7862278946945149,0.09734623211335232,-0.03772733333333333,
