range_category,w_img_bayes,w_txt_bayes
short,0.5667665777944333,0.4332334222055667
medium,0.4625411176368906,0.5374588823631095
long,0.47067526630475726,0.5293247336952427
