{
  "empirical_linear": {
    "a_txt": 0.7897147950844468,
    "a_img": 0.2330038892491354,
    "intercept": 0.02439401939833362,
    "w_txt_norm": 0.7721720617620632,
    "w_img_norm": 0.22782793823793687
  }
}