range_category,regression_angle,scalar_variability,short_vs_medium_t,medium_vs_long_t,response_autocorr,stimulus_autocorr
short,38.71764066049501,0.10049682272588989,,,0.41587484360664023,0.23521755130669833
medium,37.71586295080776,0.1093317798004031,,1.4000000000000132,0.09874333788618705,0.23520721737985426
long,45.89681055186032,0.09452056796435764,,,0.43884480040700985,0.23521755130669839
