range_category,regression_angle,scalar_variability,short_vs_medium_t,medium_vs_long_t,response_autocorr,stimulus_autocorr
short,33.53848873829016,0.09528168493864138,,,0.8484416060367802,0.24718809267831113
medium,49.42911444848269,0.1053256106455331,,,0.16348987518252325,0.217956842254054
long,-30.56371340992039,0.09364391722911979,,,-0.14021516885424673,0.21906490146470325
