{
  "per_range": {
    "regression_effect": {
      "long": {
        "regression_angle": 52.233494212121926,
        "slope": 1.2907495787123888,
        "intercept": -0.3455229837047793,
        "r_squared": 0.6268412654316207,
        "p_value": 7.60141189925847e-12,
        "regression_strength": -0.2907495787123888,
        "regression_strength_angular": 0.16074431582493168
      },
      "medium": {
        "regression_angle": 37.000199039396755,
        "slope": 0.7535594966380379,
        "intercept": 0.010153932717934022,
        "r_squared": 0.4969211107119877,
        "p_value": 1.1009728520052198e-08,
        "regression_strength": 0.2464405033619621,
        "regression_strength_angular": 0.17777335468007213
      },
      "short": {
        "regression_angle": 33.41311526466797,
        "slope": 0.6597069871758628,
        "intercept": 0.10277330435855242,
        "r_squared": 0.6663241632068642,
        "p_value": 5.043811849192096e-13,
        "regression_strength": 0.34029301282413715,
        "regression_strength_angular": 0.2574863274518228
      }
    },
    "weber_law": {
      "long": {
        "mean_cv": 0.15755607760194196,
        "cv_magnitude_correlation": -0.7637915922771757,
        "bin_magnitudes": [
          0.5455462499999999,
          0.63481125,
          0.72407625,
          0.76870875,
          0.8133412499999999,
          0.85797375
        ],
        "coefficient_variations": [
          0.24726989854882883,
          0.20763372236579852,
          0.2870751321854166,
          0.12667136195624665,
          0.019543493412504012,
          0.05714285714285713
        ],
        "p_value": 0.07710206322354868
      },
      "medium": {
        "mean_cv": 0.16624769468085085,
        "cv_magnitude_correlation": -0.418707524706721,
        "bin_magnitudes": [
          0.356935,
          0.468515,
          0.580095,
          0.635885,
          0.691675,
          0.747465
        ],
        "coefficient_variations": [
          0.21648351538260857,
          0.11564203154923879,
          0.25885725692733313,
          0.2249501573865513,
          0.08502754473919637,
          0.09652566210017699
        ],
        "p_value": 0.4086417753079834
      },
      "short": {
        "mean_cv": 0.1414193821421941,
        "cv_magnitude_correlation": -0.8933852867882665,
        "bin_magnitudes": [
          0.14554625,
          0.23481125,
          0.32407625,
          0.36870875000000003,
          0.41334125,
          0.45797374999999996
        ],
        "coefficient_variations": [
          0.21629744730389633,
          0.19954935379083036,
          0.1434667768139464,
          0.07491109582924911,
          0.13130335282658093,
          0.08298826628866156
        ],
        "p_value": 0.01644411703551731
      }
    },
    "sequential_effect": [
      {
        "range_category": "long",
        "n_runs": 5,
        "N_total": 50,
        "r_resp_mean": 0.11836080380372108,
        "r_stim_mean": 0.23521755130669839,
        "r_resp_weighted": 0.11940033064324725,
        "r_stim_weighted": 0.23521755130669839
      },
      {
        "range_category": "medium",
        "n_runs": 5,
        "N_total": 50,
        "r_resp_mean": 0.04276136871128244,
        "r_stim_mean": 0.23520721737985428,
        "r_resp_weighted": 0.04305924429077659,
        "r_stim_weighted": 0.23520721737985426
      },
      {
        "range_category": "short",
        "n_runs": 5,
        "N_total": 50,
        "r_resp_mean": 0.02768128904466798,
        "r_stim_mean": 0.23521755130669836,
        "r_resp_weighted": 0.0279548607628803,
        "r_stim_weighted": 0.23521755130669833
      }
    ]
  },
  "overall": {
    "range_effect": {
      "range_analyses_by_category": {
        "short": {
          "slope": 0.6597069871758628,
          "regression_strength": 0.34029301282413715,
          "r_squared": 0.6663241632068642,
          "mean_stimulus_magnitude": 0.30805599999999994
        },
        "medium": {
          "slope": 0.7535594966380379,
          "regression_strength": 0.2464405033619621,
          "r_squared": 0.4969211107119877,
          "mean_stimulus_magnitude": 0.5600700000000001
        },
        "long": {
          "slope": 1.2907495787123888,
          "regression_strength": -0.2907495787123888,
          "r_squared": 0.6268412654316207,
          "mean_stimulus_magnitude": 0.7080560000000001
        }
      },
      "correlation_analysis": {
        "correlation_magnitude_regression": -0.8605863040417263,
        "p_value": 0.3401947006436883,
        "interpretation": "Regression strength decreases with stimulus magnitude (r=-0.861)"
      },
      "pairwise_comparison_on_overlap": {
        "short_vs_medium": {
          "categories": [
            "medium",
            "short"
          ],
          "error": "Insufficient data in common bins for t-test.",
          "t_statistic": NaN,
          "p_value": NaN,
          "is_significant": false,
          "n_overlapping_bins": 0
        },
        "short_vs_long": {
          "error": "No overlapping data found or insufficient data after binning for short vs long."
        },
        "medium_vs_long": {
          "categories": [
            "long",
            "medium"
          ],
          "t_statistic": -12.199999999999884,
          "p_value": 0.05206555377225273,
          "is_significant": false,
          "n_overlapping_bins": 2,
          "mean_long": 0.518,
          "mean_medium": 0.64
        }
      }
    }
  }
}