{
    "Basic Single-Stage": {
        "model_name": "bayes_basic_single",
        "params": {
            "w_p": 0.22134064301914078,
            "delta": -0.4486333414085371
        },
        "steady_state_weight": null,
        "mode": "single",
        "model_type": "basic",
        "r_squared": 0.8048242267224203,
        "aic": -7.71471428608927,
        "bic": -4.912319522764959,
        "n_params": 2,
        "mse": 0.6767238756385879,
        "rmse": 0.8226322845832079,
        "predictions": [
            2.1805631919217356,
            3.973270629498767,
            3.2746574544155407,
            2.881668076947301,
            1.4803926981245468,
            1.4803926981245468,
            1.2072389956956613,
            3.7161573098236884,
            2.881668076947301,
            3.2746574544155407,
            4.1585021580845805,
            5.989597501960769,
            5.319716857150135,
            4.869496016943803,
            3.4837938252606655,
            3.4837938252606655,
            3.206902557918272,
            5.737545468106065,
            4.869496016943803,
            5.21662235828587,
            6.183334376772335,
            8.001737573129734,
            7.3055382420531485,
            6.909823556835476,
            5.526846672901773,
            5.526846672901773,
            5.186806131708232,
            7.709117386776328,
            6.909823556835476,
            7.21599241600035
        ],
        "converged": true,
        "confidence_intervals": {
            "w_p": [
                -0.9288059210339553,
                1.3714872070722368
            ],
            "delta": [
                -1.8345626573453404,
                0.9372959745282663
            ]
        }
    },
    "Basic Two-Stage": {
        "model_name": "bayes_basic_sequential",
        "params": {
            "r_div_q": 0.01,
            "delta": -0.448619700319628
        },
        "steady_state_weight": 0.9999000099990001,
        "mode": "sequential",
        "model_type": "basic",
        "r_squared": 0.784297913422947,
        "aic": -4.714788317851037,
        "bic": -1.9123935545267257,
        "n_params": 2,
        "mse": 0.7478938064928448,
        "rmse": 0.8648085374768479,
        "predictions": [
            2.051380299680372,
            4.353450115716655,
            3.456569978727063,
            2.9518307685550065,
            1.1523602287432457,
            1.1521803176696808,
            0.8014153726679241,
            4.023158157612864,
            2.9518874160439634,
            3.456429850481344,
            4.023480299680372,
            6.374845186702447,
            5.514866288972075,
            4.936638116716472,
            3.157158229877815,
            3.156980317469834,
            2.801415852571928,
            6.051055368218705,
            4.936691724903295,
            5.3823357397344385,
            6.051380299680372,
            8.386446816376516,
            7.49266966845918,
            6.984431118454003,
            5.208457879248112,
            5.208280317434778,
            4.77162396095033,
            8.010556438815433,
            6.984482896775892,
            7.377540997800065
        ],
        "converged": true,
        "confidence_intervals": {
            "r_div_q": [
                -7.706934641150275,
                7.726934641150274
            ],
            "delta": [
                -1.834708246210337,
                0.9374688455710811
            ]
        }
    },
    "Weber Single-Stage": {
        "model_name": "bayes_weber_single",
        "params": {
            "w_p": 0.11417414352357304,
            "delta": -0.09377703552912524
        },
        "steady_state_weight": null,
        "mode": "single",
        "model_type": "weber",
        "r_squared": 0.8158632770667046,
        "aic": -9.461372014578538,
        "bic": -6.658977251254227,
        "n_params": 2,
        "mse": 0.6384486901127229,
        "rmse": 0.7990298430676559,
        "predictions": [
            2.306478226244842,
            4.112341924355962,
            3.423945794816607,
            3.0289132734756405,
            1.5539994844851688,
            1.5539994844851688,
            1.2482144319537016,
            3.860857122845466,
            3.0289132734756405,
            3.423945794816607,
            4.11718720357882,
            5.986281287623991,
            5.312675487832193,
            4.853758870252708,
            3.402090103259809,
            3.402090103259809,
            3.1031317632364774,
            5.734035474880532,
            4.853758870252708,
            5.2080565320762275,
            5.967520140883084,
            7.832159417812147,
            7.12584923385134,
            6.720381658677288,
            5.276521572782652,
            5.276521572782652,
            4.914055413507831,
            7.536333921000466,
            6.720381658677288,
            7.034362626354857
        ],
        "converged": true,
        "confidence_intervals": {
            "w_p": [
                -1.2757358519098343,
                1.5040841389569803
            ],
            "delta": [
                -0.4228093397971064,
                0.23525526873885588
            ]
        }
    },
    "Weber Two-Stage": {
        "model_name": "bayes_weber_sequential",
        "params": {
            "r_div_q": 0.01,
            "delta": -0.10493307481331374
        },
        "steady_state_weight": 0.9999000099990001,
        "mode": "sequential",
        "model_type": "weber",
        "r_squared": 0.812161262580936,
        "aic": -8.86421472235121,
        "bic": -6.0618199590268995,
        "n_params": 2,
        "mse": 0.6512845126557004,
        "rmse": 0.8070220025846262,
        "predictions": [
            2.250961847858106,
            4.323635523012265,
            3.516165180951358,
            3.061710671536258,
            1.4414444277291376,
            1.441335865445634,
            1.125508708794506,
            4.026097537972972,
            3.0617521272339996,
            3.516043861189512,
            4.026610670502966,
            6.143695965172497,
            5.369426812741635,
            4.848801459739842,
            3.246557475107365,
            3.2464272725274057,
            2.9262808103786244,
            5.852095400621829,
            4.848843189389507,
            5.250101808532337,
            5.85250096381543,
            7.954925404540588,
            7.150211755781242,
            6.692604222191082,
            5.093525610818799,
            5.093386570551972,
            4.7002262777351955,
            7.616437322188213,
            6.6926464888746,
            7.046554950735626
        ],
        "converged": true,
        "confidence_intervals": {
            "r_div_q": [
                -60.83231248566528,
                60.85231248566527
            ],
            "delta": [
                -0.3861454593825503,
                0.17627930975592285
            ]
        }
    },
    "Linear Regression": {
        "model_name": "linear",
        "params": {
            "slope": 0.8287919425379378,
            "intercept": 0.4223648312639125
        },
        "steady_state_weight": null,
        "mode": "linear",
        "model_type": "linear",
        "log_likelihood": null,
        "r_squared": 0.8192682636716883,
        "aic": -10.021312999016862,
        "bic": -7.218918235692551,
        "n_params": 2,
        "mse": 0.6266427385177729,
        "rmse": 0.791607692305837,