model,scope,k,aic,rmse_to_llm,r2_to_llm,r2_to_truth,rmse_vs_truth,bias_vs_truth,aic_weight
Equal,overall,0.0,-872.0476708900734,0.0546489340380231,0.9413411188530524,0.9614945252264574,0.041314725395585436,-0.011221186047529606,0.5554877430565373
Combo_NonOracle,overall,0.0,-871.227598205945,0.05479852539797325,0.9410195436296718,0.9671319880536691,0.03817071958723793,-0.011569937420326751,0.36863618238388784
EmpiricalLinear,overall,2.0,-868.0661806248385,0.05464556235112397,0.9413483568086811,0.962278940292165,0.04089173820206696,-0.011266246076848755,0.07587607455955868
Combo_Oracle,overall,0.0,-809.7240207426535,0.067267365603122,0.9111250797373394,0.9842641847625481,0.026411207241485546,3.0124051401495915e-16,1.6265439590739994e-14
LLM(Combined),overall,,,0.0,1.0,0.9157256784264818,0.061121114080499195,-0.02924382906666666,
