{
  "empirical_linear": {
    "w_txt_norm": 0.5074425602872871,
    "w_img_norm": 0.49255743971271293
  },
  "combo_oracle": {
    "w_txt_norm": 0.8698482006545961,
    "w_img_norm": 0.13015179934540394
  },
  "combo_non_oracle": {
    "w_txt_norm": 0.5576032274398485,
    "w_img_norm": 0.4423967725601516
  }
}