model,scope,k,aic,rmse_to_llm,r2_to_llm,r2_to_truth,rmse_vs_truth,bias_vs_truth,aic_weight
Combo_Oracle,overall,0.0,-15.753222455715699,0.933239809190319,0.7410002363398116,0.8598223804282574,0.7472227923836419,-3.1164155077197375e-16,0.9998241941474659
Equal,overall,0.0,2.4209796531520302,1.0106749063619485,0.696236337001929,0.8516574806075865,0.7686764850603955,-0.20270634968207413,0.00011309562301292313
EmpiricalLinear,overall,2.0,3.6004034214763685,0.9982489183626033,0.7036598120738399,0.8486307200685348,0.7764788714210926,-0.14095054155043596,6.271005477752983e-05
Combo_NonOracle,overall,0.0,29.1818281131061,1.1365421761491916,0.6158649208146789,0.8064726245122558,0.877974644265843,-0.3533281868296353,1.747436443000265e-10
LLM(Combined),overall,,,0.0,1.0,0.8478290018927654,0.7785324423937958,0.2526754385964913,
