range_category,regression_angle,scalar_variability,short_vs_medium_t,medium_vs_long_t,response_autocorr,stimulus_autocorr
short,-0.1360873136115156,0.1462647742101494,,,-0.06054192120188715,0.23502816576403182
medium,4.64482016455327,0.15446375717308394,,2.1250000000000018,-0.21912673248264142,0.23525030686203616
long,4.968085323721983,0.09006121661855127,,,0.5826807256454849,0.23502816576403177
