model,scope,k,aic,rmse_to_llm,r2_to_llm,r2_to_truth,rmse_vs_truth,bias_vs_truth,aic_weight
Combo_Oracle,overall,0.0,150.73086399336805,1.652742804073548,0.6100970066183784,0.8782639152207065,0.7081773666720905,7.342274936187702e-16,0.7283098116411418
EmpiricalLinear,overall,2.0,152.70299223210768,1.6416086426842746,0.6153326910202039,0.8198433744800111,0.8615043939958186,-0.13826375231037275,0.2716901883588581
Combo_NonOracle,overall,0.0,238.57525817395648,2.2149965824407154,0.2996870771460831,0.5879367405992157,1.3029097208292018,-1.0715483626730433,6.125595729835353e-20
Equal,overall,0.0,245.8746020844487,2.2695509826970777,0.2647654525096286,0.5489997011680863,1.3630782637350356,-1.13414883294243,1.5926338440999056e-21
LLM(Combined),overall,,,0.0,1.0,0.5562652926146991,1.3520541237784087,0.41660267330466666,
