range_category,regression_angle,scalar_variability,short_vs_medium_t,medium_vs_long_t,response_autocorr,stimulus_autocorr
short,25.272836249026067,0.24521152389898818,,,0.09557749129611916,0.23502816576403177
medium,4.166776128483753,0.25123294748495856,,1.436363636363634,0.432560924410308,0.23525030686203605
long,1.0974979269884506,0.11501346104481103,,,-0.08294386274814712,0.23502816576403165
