model,scope,k,aic,rmse_to_llm,r2_to_llm,r2_to_truth,rmse_vs_truth,bias_vs_truth,aic_weight
EmpiricalLinear,overall,2.0,-758.737890352813,0.07867265563334007,0.8259270935071652,0.9076942697412845,0.06396729123475865,-0.0006005664700000058,0.9807694117805528
Equal,overall,0.0,-749.55424358131,0.08220705565825843,0.8099351760265202,0.8598487541667525,0.07882103086528788,0.006639333333333343,0.009939472908355437
Combo_Oracle,overall,0.0,-749.4191860390964,0.08224407293304166,0.8097639677082318,0.933924278548568,0.05412084715948237,2.9753977059954197e-16,0.009290433555850864
Combo_NonOracle,overall,0.0,-730.3795359005088,0.08763292871781272,0.7840176746319358,0.9307680571280853,0.05539835754642891,-0.012320853667419996,6.817552411587526e-07
LLM(Combined),overall,,,0.0,1.0,0.8054881380764941,0.09285743323324562,0.015706000000000005,
