{
  "empirical_linear": {
    "w_txt_norm": 0.665294516057839,
    "w_img_norm": 0.33470548394216104
  },
  "combo_oracle": {
    "w_txt_norm": 0.9525332142013544,
    "w_img_norm": 0.047466785798645515
  },
  "combo_non_oracle": {
    "w_txt_norm": 0.9328809817523587,
    "w_img_norm": 0.06711901824764126
  }
}