range_category,regression_angle,scalar_variability,short_vs_medium_t,medium_vs_long_t,response_autocorr,stimulus_autocorr
short,37.93243897704826,0.24946201252220565,,,0.32718744698949953,0.24718809267831113
medium,39.91295829415726,0.10500697530769469,,,-0.0042981838922480095,0.217956842254054
long,33.837181695478186,0.14602476806846396,,,0.2929659320519626,0.21906490146470325
