model,scope,k,aic,rmse_to_llm,r2_to_llm,r2_to_truth,rmse_vs_truth,bias_vs_truth,aic_weight
EmpiricalLinear,overall,3.0,-226.6114395527793,0.4225177377616813,0.9465358556601378,0.8984336439519336,0.6563136750571481,-0.23487037037036868,0.9999999999418778
Bayes(range),overall,0.0,-179.4744854582299,0.514417381635541,0.9207491373927684,0.8708073742815132,0.7402107366796391,-0.43282054736597236,5.8121989475468295e-11
Equal,overall,0.0,-153.9963949823103,0.565323571718658,0.9042878840924083,0.8616317639674704,0.7660457720102726,-0.4610185185185183,1.7054673907007265e-16
Bayes(stimulus),overall,0.0,-139.6660547698264,0.5961388410086058,0.8935691411449043,0.8631542104769117,0.7618197676327717,-0.4461311977948949,1.318407244864188e-19
LLM(Combined),overall,,,0.0,1.0,0.8845284169734492,0.699800224667329,-0.2348703703703703,
