range_category,w_img_bayes,w_txt_bayes
short,0.5576997258079978,0.44230027419200224
medium,0.578530232451746,0.42146976754825405
long,0.6437843127712329,0.35621568722876706
