{
  "per_range": {
    "regression_effect": {
      "long": {
        "regression_angle": 21.443390515221218,
        "slope": 0.3927695904950754,
        "intercept": 0.24079713483241888,
        "r_squared": 0.1296949559847114,
        "p_value": 0.010200938741415715,
        "regression_strength": 0.6072304095049246,
        "regression_strength_angular": 0.5234802107728618
      },
      "medium": {
        "regression_angle": 12.973451876318586,
        "slope": 0.23038019439782434,
        "intercept": 0.34397096452361053,
        "r_squared": 0.1016526810151772,
        "p_value": 0.024026892492810856,
        "regression_strength": 0.7696198056021757,
        "regression_strength_angular": 0.7117010694151426
      },
      "short": {
        "regression_angle": 33.59076302762236,
        "slope": 0.6641660561901405,
        "intercept": 0.22333966139429007,
        "r_squared": 0.4446865414799188,
        "p_value": 1.2407473052547e-07,
        "regression_strength": 0.33583394380985954,
        "regression_strength_angular": 0.2535385993861698
      }
    },
    "weber_law": {
      "long": {
        "mean_cv": 0.12263439425562796,
        "cv_magnitude_correlation": -0.5709322541961387,
        "bin_magnitudes": [
          0.5455462499999999,
          0.63481125,
          0.72407625,
          0.76870875,
          0.8133412499999999,
          0.85797375
        ],
        "coefficient_variations": [
          0.2559513248613199,
          0.05760614184446315,
          0.21665068482856958,
          0.031493915176053405,
          0.09564577329705339,
          0.07845852552630837
        ],
        "p_value": 0.2366531962720828
      },
      "medium": {
        "mean_cv": 0.0823043268827635,
        "cv_magnitude_correlation": -0.7602811647986731,
        "bin_magnitudes": [
          0.356935,
          0.468515,
          0.580095,
          0.635885,
          0.691675,
          0.747465
        ],
        "coefficient_variations": [
          0.2125687332397749,
          0.06576670522058205,
          0.12326212982486905,
          0.0,
          0.04140866624999614,
          0.05081972676135883
        ],
        "p_value": 0.07930994411582842
      },
      "short": {
        "mean_cv": 0.1008696654394604,
        "cv_magnitude_correlation": -0.5221603879131329,
        "bin_magnitudes": [
          0.14554625,
          0.23481125,
          0.32407625,
          0.36870875000000003,
          0.41334125,
          0.45797374999999996
        ],
        "coefficient_variations": [
          0.17670067289047717,
          0.045634040357138556,
          0.2062630032819584,
          0.14272774324466742,
          0.022488825305377956,
          0.011403707557142845
        ],
        "p_value": 0.28794331698466
      }
    },
    "sequential_effect": [
      {
        "range_category": "long",
        "n_runs": 5,
        "N_total": 50,
        "r_resp_mean": -0.11378025223275405,
        "r_stim_mean": 0.23521755130669825,
        "r_resp_weighted": -0.11584773546180589,
        "r_stim_weighted": 0.23521755130669827
      },
      {
        "range_category": "medium",
        "n_runs": 5,
        "N_total": 50,
        "r_resp_mean": -0.4297730523590129,
        "r_stim_mean": 0.23520721737985423,
        "r_resp_weighted": -0.430233964386433,
        "r_stim_weighted": 0.2352072173798542
      },
      {
        "range_category": "short",
        "n_runs": 5,
        "N_total": 50,
        "r_resp_mean": -0.4242904697967928,
        "r_stim_mean": 0.23521755130669839,
        "r_resp_weighted": -0.42551595855469393,
        "r_stim_weighted": 0.23521755130669839
      }
    ]
  },
  "overall": {
    "range_effect": {
      "range_analyses_by_category": {
        "short": {
          "slope": 0.6641660561901405,
          "regression_strength": 0.33583394380985954,
          "r_squared": 0.4446865414799188,
          "mean_stimulus_magnitude": 0.308056
        },
        "medium": {
          "slope": 0.23038019439782434,
          "regression_strength": 0.7696198056021757,
          "r_squared": 0.1016526810151772,
          "mean_stimulus_magnitude": 0.56007
        },
        "long": {
          "slope": 0.3927695904950754,
          "regression_strength": 0.6072304095049246,
          "r_squared": 0.1296949559847114,
          "mean_stimulus_magnitude": 0.708056
        }
      },
      "correlation_analysis": {
        "correlation_magnitude_regression": 0.7289009805845372,
        "p_value": 0.48006290735567175,
        "interpretation": "Regression strength increases with stimulus magnitude (r=0.729)"
      },
      "pairwise_comparison_on_overlap": {
        "short_vs_medium": {
          "categories": [
            "medium",
            "short"
          ],
          "error": "Insufficient data in common bins for t-test.",
          "t_statistic": NaN,
          "p_value": NaN,
          "is_significant": false,
          "n_overlapping_bins": 0
        },
        "short_vs_long": {
          "error": "No overlapping data found or insufficient data after binning for short vs long."
        },
        "medium_vs_long": {
          "categories": [
            "long",
            "medium"
          ],
          "t_statistic": 0.1468253968253967,
          "p_value": 0.9071911729481634,
          "is_significant": false,
          "n_overlapping_bins": 2,
          "mean_long": 0.497,
          "mean_medium": 0.46
        }
      }
    }
  }
}