model,scope,k,aic,rmse_to_llm,r2_to_llm,r2_to_truth,rmse_vs_truth,bias_vs_truth,aic_weight
Combo_Oracle,overall,0.0,-525.8386902867918,0.17328881349159553,0.03244794903667991,0.10788568740256321,0.19886905905126254,9.473903143468003e-17,0.6061350683853286
Combo_NonOracle,overall,0.0,-524.2608893344722,0.17420259851996295,0.02221687103726122,-0.10055705595514652,0.22088348542830027,-0.05769751993930188,0.2753938817551349
EmpiricalLinear,overall,2.0,-522.5559998140733,0.1728749693896442,0.03706379895874168,-0.12915288294343452,0.22373469652794412,-0.04503780471020416,0.1174200421964255
Equal,overall,0.0,-513.123983360325,0.18079106022891886,-0.053142610721683914,-0.09619867160204021,0.22044568435263562,-0.07624281481481482,0.0010510076631109037
LLM(Combined),overall,,,0.0,1.0,-0.18503267921188216,0.22920396637056697,-0.005323333333333344,
