{
  "per_range": {
    "regression_effect": {
      "long": {
        "regression_angle": 9.198361129966722,
        "slope": 0.16193530423191313,
        "intercept": 0.5484207362267683,
        "r_squared": 0.05832896143370251,
        "p_value": 0.09108885562044002,
        "regression_strength": 0.8380646957680868,
        "regression_strength_angular": 0.7955919748896284
      },
      "medium": {
        "regression_angle": 1.6479906183903648,
        "slope": 0.028770796818824308,
        "intercept": 0.4868863398256811,
        "r_squared": 0.04213649555867133,
        "p_value": 0.15270045904555532,
        "regression_strength": 0.9712292031811757,
        "regression_strength_angular": 0.9633779862579919
      },
      "short": {
        "regression_angle": 0.82279442189691,
        "slope": 0.014361458964477738,
        "intercept": 0.1999758663972389,
        "r_squared": 0.022340557368764797,
        "p_value": 0.30020340866275225,
        "regression_strength": 0.9856385410355223,
        "regression_strength_angular": 0.981715679513402
      }
    },
    "weber_law": {
      "long": {
        "mean_cv": 0.09921737394760906,
        "cv_magnitude_correlation": 0.15672807691048793,
        "bin_magnitudes": [
          0.5455462499999999,
          0.63481125,
          0.72407625,
          0.76870875,
          0.8133412499999999,
          0.85797375
        ],
        "coefficient_variations": [
          0.1265460622969594,
          0.038571483670035205,
          0.10847976088082407,
          0.11909156133464165,
          0.06120964265098736,
          0.14140573285220667
        ],
        "p_value": 0.7668327945892449
      },
      "medium": {
        "mean_cv": 0.0,
        "cv_magnitude_correlation": NaN,
        "bin_magnitudes": [
          0.356935,
          0.468515,
          0.580095,
          0.635885,
          0.691675,
          0.747465
        ],
        "coefficient_variations": [
          0.0,
          0.0,
          0.0,
          0.0,
          0.0,
          0.0
        ],
        "p_value": NaN
      },
      "short": {
        "mean_cv": 0.0579329345279156,
        "cv_magnitude_correlation": -0.3458251452945209,
        "bin_magnitudes": [
          0.14554625,
          0.23481125,
          0.32407625,
          0.36870875000000003,
          0.41334125,
          0.45797374999999996
        ],
        "coefficient_variations": [
          0.04073987236968035,
          0.13481436568275817,
          0.04093563314133822,
          0.04341879567960753,
          0.04384447014705468,
          0.04384447014705468
        ],
        "p_value": 0.501941766564657
      }
    },
    "sequential_effect": [
      {
        "range_category": "long",
        "n_runs": 5,
        "N_total": 50,
        "r_resp_mean": -0.17540577493176057,
        "r_stim_mean": 0.23521755130669839,
        "r_resp_weighted": -0.2763363107807341,
        "r_stim_weighted": 0.23521755130669839
      },
      {
        "range_category": "medium",
        "n_runs": 5,
        "N_total": 50,
        "r_resp_mean": -0.12499999999999999,
        "r_stim_mean": 0.23520721737985428,
        "r_resp_weighted": -0.12499999999999999,
        "r_stim_weighted": 0.23520721737985426
      },
      {
        "range_category": "short",
        "n_runs": 5,
        "N_total": 50,
        "r_resp_mean": -0.36680098594633354,
        "r_stim_mean": 0.23521755130669836,
        "r_resp_weighted": -0.4556420642089486,
        "r_stim_weighted": 0.23521755130669833
      }
    ]
  },
  "overall": {
    "range_effect": {
      "range_analyses_by_category": {
        "short": {
          "slope": 0.014361458964477738,
          "regression_strength": 0.9856385410355223,
          "r_squared": 0.022340557368764797,
          "mean_stimulus_magnitude": 0.30805599999999994
        },
        "medium": {
          "slope": 0.028770796818824308,
          "regression_strength": 0.9712292031811757,
          "r_squared": 0.04213649555867133,
          "mean_stimulus_magnitude": 0.5600700000000001
        },
        "long": {
          "slope": 0.16193530423191313,
          "regression_strength": 0.8380646957680868,
          "r_squared": 0.05832896143370251,
          "mean_stimulus_magnitude": 0.7080560000000001
        }
      },
      "correlation_analysis": {
        "correlation_magnitude_regression": -0.8342805561604809,
        "p_value": 0.3717666784401731,
        "interpretation": "Regression strength decreases with stimulus magnitude (r=-0.834)"
      },
      "pairwise_comparison_on_overlap": {
        "short_vs_medium": {
          "categories": [
            "medium",
            "short"
          ],
          "error": "Insufficient data in common bins for t-test.",
          "t_statistic": NaN,
          "p_value": NaN,
          "is_significant": false,
          "n_overlapping_bins": 0
        },
        "short_vs_long": {
          "error": "No overlapping data found or insufficient data after binning for short vs long."
        },
        "medium_vs_long": {
          "categories": [
            "long",
            "medium"
          ],
          "t_statistic": 2.095693779904309,
          "p_value": 0.283433637456449,
          "is_significant": false,
          "n_overlapping_bins": 2,
          "mean_long": 0.6026,
          "mean_medium": 0.515
        }
      }
    }
  }
}