model,scope,k,aic,rmse_to_llm,r2_to_llm,r2_to_truth,rmse_vs_truth,bias_vs_truth,aic_weight
EmpiricalLinear,overall,3.0,-684.4288081594534,0.09858115166634537,0.5832869640817774,0.6870630350692527,0.11786882219831704,0.006946756152125176,0.9983275370672026
Equal,overall,0.0,-671.645208902271,0.10499495443923271,0.5272993815198768,0.6261701972637865,0.12882717148411438,0.03709597007795272,0.0016724369049743158
Bayes(stimulus),overall,0.0,-649.5037363595346,0.11309323188676941,0.45156830957896454,0.7567126516724553,0.10392745043598352,0.030979968363787365,2.6024959906585604e-08
Bayes(range),overall,0.0,-631.2739497162366,0.12022756478782348,0.38019166419582096,0.8587974360507595,0.07917568002450052,0.017542608835359054,2.863137442026016e-12
LLM(Combined),overall,,,0.0,1.0,0.5601298819600848,0.13974386178038214,0.006946756152125284,
