range_category,w_img_bayes,w_txt_bayes
short,0.7360602718944003,0.26393972810559974
medium,0.9273603463066395,0.07263965369336045
long,0.797495975336858,0.202504024663142
