model,scope,k,aic,rmse_to_llm,r2_to_llm,r2_to_truth,rmse_vs_truth,bias_vs_truth,aic_weight
Equal,overall,0.0,-329.82162521528653,0.33306906190758695,0.9632379798936598,0.7021153279086783,1.1077874887961738,-0.8029566666666667,0.6105257193538344
Combo_NonOracle,overall,0.0,-328.40272011425327,0.33464810445301013,0.962888584517005,0.6960985805514674,1.1189192404667556,-0.8101232070562664,0.3003257955268483
EmpiricalLinear,overall,2.0,-325.9735910766174,0.33290038754284923,0.9632752048477337,0.7007783583110565,1.110270698243337,-0.8046537969639291,0.08914848511931733
Combo_Oracle,overall,0.0,-24.304331144908097,0.9221803776918025,0.7181860192969134,0.8735057079598469,0.7218847078098626,-2.0724163126336256e-16,2.7763006426219603e-67
LLM(Combined),overall,,,0.0,1.0,0.6699779728513193,1.166014205316556,-0.8345566666666666,
