{
  "per_range": {
    "regression_effect": {
      "long": {
        "regression_angle": -0.060607391890095445,
        "slope": -0.0010577989340657575,
        "intercept": 0.6047489745352652,
        "r_squared": 1.59509363073408e-05,
        "p_value": 0.9780396692938522,
        "regression_strength": 1.0010577989340657,
        "regression_strength_angular": 1.001346830930891
      },
      "medium": {
        "regression_angle": -0.993068836195682,
        "slope": -0.017334056696213615,
        "intercept": 0.4269082851338484,
        "r_squared": 0.03918527835303904,
        "p_value": 0.16819905165121105,
        "regression_strength": 1.0173340566962137,
        "regression_strength_angular": 1.022068196359904
      },
      "short": {
        "regression_angle": 0.44924325356813755,
        "slope": 0.007840934598762412,
        "intercept": 0.19178460009685125,
        "r_squared": 0.0010874958161930174,
        "p_value": 0.8201532226492966,
        "regression_strength": 0.9921590654012375,
        "regression_strength_angular": 0.9900168165873748
      }
    },
    "weber_law": {
      "long": {
        "mean_cv": 0.058680898570877806,
        "cv_magnitude_correlation": 0.33768594508790023,
        "bin_magnitudes": [
          0.54551875,
          0.63479375,
          0.72406875,
          0.7687062499999999,
          0.81334375,
          0.8579812499999999
        ],
        "coefficient_variations": [
          0.05265391526714995,
          0.06346477588219925,
          0.05709563418152676,
          0.062401552479171736,
          0.05559202834113455,
          0.06087748527408468
        ],
        "p_value": 0.5127245500242525
      },
      "medium": {
        "mean_cv": 0.030993179047982697,
        "cv_magnitude_correlation": -0.6178419993299926,
        "bin_magnitudes": [
          0.3569,
          0.4685,
          0.5801000000000001,
          0.6358999999999999,
          0.6917,
          0.7475
        ],
        "coefficient_variations": [
          0.03217793616156048,
          0.036632248521988146,
          0.03583774863542747,
          0.03600096352959057,
          0.02380952380952383,
          0.02150065362980569
        ],
        "p_value": 0.1911610237730253
      },
      "short": {
        "mean_cv": 0.154291186242031,
        "cv_magnitude_correlation": -0.7767576463342809,
        "bin_magnitudes": [
          0.14551875,
          0.23479374999999997,
          0.32406874999999996,
          0.36870624999999996,
          0.41334374999999995,
          0.45798125
        ],
        "coefficient_variations": [
          0.1646782565299763,
          0.159719141249985,
          0.16025921533211804,
          0.14462445518460965,
          0.15719536785543203,
          0.1392706813000649
        ],
        "p_value": 0.06919284154307621
      }
    },
    "sequential_effect": [
      {
        "range_category": "long",
        "n_runs": 5,
        "N_total": 50,
        "r_resp_mean": 0.012627489866775124,
        "r_stim_mean": 0.23502816576403168,
        "r_resp_weighted": 0.06236201784293336,
        "r_stim_weighted": 0.23502816576403165
      },
      {
        "range_category": "medium",
        "n_runs": 5,
        "N_total": 50,
        "r_resp_mean": -0.36435565506211276,
        "r_stim_mean": 0.23525030686203605,
        "r_resp_weighted": -0.4528462798728436,
        "r_stim_weighted": 0.23525030686203605
      },
      {
        "range_category": "short",
        "n_runs": 5,
        "N_total": 50,
        "r_resp_mean": -0.34592409966192383,
        "r_stim_mean": 0.2350281657640318,
        "r_resp_weighted": -0.3721100049926356,
        "r_stim_weighted": 0.23502816576403177
      }
    ]
  },
  "overall": {
    "range_effect": {
      "range_analyses_by_category": {
        "short": {
          "slope": 0.007840934598762412,
          "regression_strength": 0.9921590654012375,
          "r_squared": 0.0010874958161930174,
          "mean_stimulus_magnitude": 0.30805000000000005
        },
        "medium": {
          "slope": -0.017334056696213615,
          "regression_strength": 1.0173340566962137,
          "r_squared": 0.03918527835303904,
          "mean_stimulus_magnitude": 0.56007
        },
        "long": {
          "slope": -0.0010577989340657575,
          "regression_strength": 1.0010577989340657,
          "r_squared": 1.59509363073408e-05,
          "mean_stimulus_magnitude": 0.7080500000000001
        }
      },
      "correlation_analysis": {
        "correlation_magnitude_regression": 0.48385009107655175,
        "p_value": 0.6784759895086206,
        "interpretation": "Regression strength increases with stimulus magnitude (r=0.484)"
      },
      "pairwise_comparison_on_overlap": {
        "short_vs_medium": {
          "categories": [
            "medium",
            "short"
          ],
          "error": "Insufficient data in common bins for t-test.",
          "t_statistic": NaN,
          "p_value": NaN,
          "is_significant": false,
          "n_overlapping_bins": 0
        },
        "short_vs_long": {
          "error": "No overlapping data found or insufficient data after binning for short vs long."
        },
        "medium_vs_long": {
          "categories": [
            "long",
            "medium"
          ],
          "t_statistic": 63.666666666665435,
          "p_value": 0.009998441276715783,
          "is_significant": true,
          "n_overlapping_bins": 2,
          "mean_long": 0.603,
          "mean_medium": 0.41200000000000003
        }
      }
    }
  }
}