model,scope,k,aic,rmse_to_llm,r2_to_llm,r2_to_truth,rmse_vs_truth,bias_vs_truth,aic_weight
Bayes(range),overall,0.0,75.15303917995769,1.2868423238840234,0.6393872947335657,0.8951141899110043,0.6585590284119172,0.06574568438908485,0.8365706742781556
EmpiricalLinear,overall,3.0,78.9022857938579,1.2771595914024638,0.6447936755043436,0.8629983460017434,0.7526607082060299,0.21209553932419925,0.12834060392641222
Equal,overall,0.0,81.49590983558514,1.3145260829803616,0.6237047233072475,0.863567519882132,0.7510956151140227,-0.028751292520862764,0.03508857844616003
Bayes(stimulus),overall,0.0,106.31211407654763,1.4286815995630702,0.5555107581435632,0.8273967403268153,0.8448134825354277,0.022242401194665886,1.4334927211025198e-07
LLM(Combined),overall,,,0.0,1.0,0.6242103312131635,1.2465472867323637,0.2120955393242001,
