range_category,w_img_bayes,w_txt_bayes
short,0.30985878694698393,0.690141213053016
medium,0.6160146001454704,0.3839853998545296
long,0.7216760311314638,0.27832396886853616
