model,scope,k,aic,rmse_to_llm,r2_to_llm,r2_to_truth,rmse_vs_truth,bias_vs_truth,aic_weight
Bayes(range),overall,0.0,-692.5768021685436,0.09940137418539378,0.7392324562018742,0.6548959982931664,0.12368925195075638,-0.03551681219890799,0.6600353138251089
EmpiricalLinear,overall,3.0,-690.6424860742572,0.09806334610546999,0.7462055177990132,0.6487133634643636,0.124792297332397,-0.04462333333333279,0.25092028329209626
Equal,overall,0.0,-688.5007072143752,0.10076115573060217,0.7320492111260961,0.6142169827905367,0.1307761410611023,-0.048043499999999996,0.08599127712244689
Bayes(stimulus),overall,0.0,-681.8245473003507,0.10302861734429639,0.7198539504238035,0.6473626327185239,0.1250319863114387,-0.03430856912820435,0.003053125760347968
LLM(Combined),overall,,,0.0,1.0,0.55832208460512,0.13992966923899067,-0.044623333333333334,
