range_category,w_img_bayes,w_txt_bayes
short,0.4171994274621537,0.5828005725378462
medium,0.37303729589450363,0.6269627041054964
long,0.3950570103402389,0.6049429896597611
