model,scope,k,aic,rmse_to_llm,r2_to_llm,r2_to_truth,rmse_vs_truth,bias_vs_truth,aic_weight
Combo_NonOracle,overall,0.0,-525.0536510124022,0.17374286906628603,-0.9092710157595503,0.5562839270270565,0.14025215588003742,-0.042494810316725244,0.8213106467294834
EmpiricalLinear,overall,2.0,-521.1221964375262,0.17370317600501226,-0.908398736454205,0.5572743760541811,0.14009553521027138,-0.04222119840096544,0.11502783315211974
Combo_Oracle,overall,0.0,-519.9390087850969,0.17673037210200765,-0.9754952312356877,0.6042348657387671,0.13245724904977568,1.1842378929335004e-17,0.06366152011839692
Equal,overall,0.0,-350.86464407437074,0.31050700620793126,-5.09812622852669,-0.984041264088862,0.2965734815885581,-0.0611838865170854,1.2298303089982746e-38
LLM(Combined),overall,,,0.0,1.0,0.02470261792407913,0.20793399353320433,-0.10145666666666667,
