{
    "Basic Single-Stage": {
        "model_name": "bayes_basic_single",
        "params": {
            "w_p": 0.8561622203646746,
            "delta": -0.045767337655866644
        },
        "steady_state_weight": null,
        "mode": "single",
        "model_type": "basic",
        "r_squared": 0.9118484668603534,
        "aic": -178.31370969964593,
        "bic": -175.5113149363216,
        "n_params": 2,
        "mse": 0.002293767709136461,
        "rmse": 0.04789329503319291,
        "predictions": [
            0.2539121254092905,
            0.28706241848184394,
            0.27447805114154933,
            0.2668057439758011,
            0.24133926509136672,
            0.24133782671357035,
            0.23570370088525466,
            0.2821978247745772,
            0.26694814337764006,
            0.27310152359043927,
            0.5038312719866817,
            0.5452694979218226,
            0.5295393983409034,
            0.5199497335726162,
            0.488115556183726,
            0.48811411780592956,
            0.4810718201149841,
            0.5391894749766374,
            0.5201266540415677,
            0.5278190984964649,
            0.6539121254092906,
            0.687062418481844,
            0.6744780511415494,
            0.6668057439758012,
            0.6413392650913667,
            0.6413378267135704,
            0.6357037008852547,
            0.6821978247745772,
            0.6669481433776401,
            0.6731015235904393
        ],
        "converged": true,
        "confidence_intervals": {
            "w_p": [
                -9.754394603057099,
                11.46671904378645
            ],
            "delta": [
                -1.431696628340737,
                1.3401619530290036
            ]
        }
    },
    "Basic Two-Stage": {
        "model_name": "bayes_basic_sequential",
        "params": {
            "r_div_q": 100.0,
            "delta": -0.05358489401863538
        },
        "steady_state_weight": 9.999000099990002e-05,
        "mode": "sequential",
        "model_type": "basic",
        "r_squared": 0.9385603382912842,
        "aic": -189.13807799719103,
        "bic": -186.33568323386672,
        "n_params": 2,
        "mse": 0.001598705173561379,
        "rmse": 0.03998381139363003,
        "predictions": [
            0.19623510598136462,
            0.3114745929584365,
            0.32072290346038856,
            0.3120079535231979,
            0.27134718708539407,
            0.2442337829008091,
            0.21926021138864932,
            0.24100122441137162,
            0.24610874235346752,
            0.25448614984631,
            0.4336851059813646,
            0.5777357147513764,
            0.5892973530616887,
            0.5784055412280814,
            0.5275792077935514,
            0.4936876193095138,
            0.46247113165382486,
            0.4896477555665238,
            0.4960318744154654,
            0.506503912274854,
            0.5962351059813645,
            0.7114745929584365,
            0.7207229034603886,
            0.7120079535231979,
            0.6713471870853941,
            0.6442337829008091,
            0.6192602113886493,
            0.6410012244113715,
            0.6461087423534675,
            0.65448614984631
        ],
        "converged": true,
        "confidence_intervals": {
            "r_div_q": [
                -86689.51313243572,
                86889.51313243572
            ],
            "delta": [
                -1.443973948439073,
                1.3368041604018022
            ]
        }
    },
    "Weber Single-Stage": {
        "model_name": "bayes_weber_single",
        "params": {
            "w_p": 0.8600012246375045,
            "delta": -0.05939701533642028
        },
        "steady_state_weight": null,
        "mode": "single",
        "model_type": "weber",
        "r_squared": 0.909246560236721,
        "aic": -177.44141225997055,
        "bic": -174.63901749664623,
        "n_params": 2,
        "mse": 0.0023614712326364045,
        "rmse": 0.048594971269015116,
        "predictions": [
            0.260174601165599,
            0.28510659715316644,
            0.27719211308764663,
            0.2715859737108346,
            0.24495320855276712,
            0.24495109698414164,
            0.2356664956827575,
            0.28220696150142827,
            0.27169672135499184,
            0.276236589573925,
            0.5002070996016076,
            0.5338169177969154,
            0.5225746360500666,
            0.5149146295253615,
            0.4827393455578792,
            0.48273755767800286,
            0.47345328529545844,
            0.5296438181938878,
            0.5150624435834887,
            0.5212505752373487,
            0.650773309704863,
            0.6790256061272572,
            0.6691469580178151,
            0.6626537964965581,
            0.6377437409897156,
            0.6377421534644828,
            0.6313290725813605,
            0.6753115603858733,
            0.6627779278868847,
            0.6680102223511114
        ],
        "converged": true,
        "confidence_intervals": {
            "w_p": [
                -10.4609809966256,
                12.180983445900608
            ],
            "delta": [
                -2.7801933814217663,
                2.6613993507489258
            ]
        }
    },
    "Weber Two-Stage": {
        "model_name": "bayes_weber_sequential",
        "params": {
            "r_div_q": 99.29288488326597,
            "delta": -0.08117340366721477
        },
        "steady_state_weight": 0.0001014190863998579,
        "mode": "sequential",
        "model_type": "weber",
        "r_squared": 0.9379882800909912,
        "aic": -188.8602165426356,
        "bic": -186.0578217793113,
        "n_params": 2,
        "mse": 0.0016135905485610378,
        "rmse": 0.04016952263297434,
        "predictions": [
            0.2303424043360741,
            0.3193874173797279,
            0.33305878062681926,
            0.32792319996054076,
            0.2803164326654586,
            0.25247629422461965,
            0.22522612329282443,
            0.24289401893148246,
            0.24993158710696084,
            0.2587635318348954,
            0.449279328612259,
            0.5667445217082525,
            0.5821038018096064,
            0.5745813859100546,
            0.519882309997232,
            0.486333109927144,
            0.4545884949197279,
            0.47774076392499076,
            0.4856597154411705,
            0.4963192506529328,
            0.5991559217522626,
            0.6973628881062205,
            0.7083976871313484,
            0.7016520015520996,
            0.6604523915934495,
            0.6343326596641126,
            0.6099752613857761,
            0.629095666889031,
            0.6348528425021724,
            0.6431103886723742
        ],
        "converged": true,
        "confidence_intervals": {
            "r_div_q": [
                97.33288488320397,
                101.25288488332797
            ],
            "delta": [
                -2.816700621392174,
                2.6543538140577443
            ]
        }
    },
    "Linear Regression": {
        "model_name": "linear",
        "params": {
            "slope": 0.6265649993716388,
            "intercept": 0.15043317538680417
        },
        "steady_state_weight": null,
        "mode": "linear",
        "model_type": "linear",
        "log_likelihood": null,
        "r_squared": 0.6688056847019946,
        "aic": -138.61386613136747,
        "bic": -135.81147136804316,
        "n_params": 2,
        "mse": 0.0086179196075542,
        "rmse": 0.09283275072706937,