model,scope,k,aic,rmse_to_llm,r2_to_llm,r2_to_truth,rmse_vs_truth,bias_vs_truth,aic_weight
Combo_NonOracle,overall,0.0,-436.3403864818947,0.23352457645011496,0.07405207378791256,0.01760734497399674,0.20868257287920347,-0.12035208959516716,0.8727520846127578
EmpiricalLinear,overall,2.0,-432.48935785676423,0.23340864364621178,0.07497121553052,0.03909593662487343,0.20638762057550647,-0.11795914445725816,0.12724790885977946
Combo_Oracle,overall,0.0,-398.81820495324206,0.26463757872149923,-0.18911650160122817,0.3551093265194797,0.16907783464972892,-6.513308411134252e-17,6.209443809065982e-09
Equal,overall,0.0,-392.8747745745575,0.2699327076637188,-0.23717860047945205,-0.002124509521592044,0.21076790135122567,-0.07386066666666667,3.18019091714685e-10
LLM(Combined),overall,,,0.0,1.0,-0.21302528669477505,0.23188815027939655,-0.141194,
