{
  "empirical_linear": {
    "w_txt_norm": 0.9160233753829385,
    "w_img_norm": 0.08397662461706147
  },
  "combo_oracle": {
    "w_txt_norm": 0.8859589257339995,
    "w_img_norm": 0.11404107426600053
  },
  "combo_non_oracle": {
    "w_txt_norm": 0.9385983295141556,
    "w_img_norm": 0.06140167048584441
  }
}