range_category,regression_angle,scalar_variability,short_vs_medium_t,medium_vs_long_t,response_autocorr,stimulus_autocorr
short,3.1044529364807887,0.215320136836598,,,0.08612525967842549,0.23521755130669833
medium,3.1000274693545613,0.03108987619679041,,48.99999999999167,-0.41217709279255793,0.23520721737985426
long,14.985509221719102,0.04402681001757952,,,0.22804604572164267,0.23521755130669839
