range_category,regression_angle,scalar_variability,short_vs_medium_t,medium_vs_long_t,response_autocorr,stimulus_autocorr
short,39.72794396537558,0.10372884507454418,,,0.31474303356778216,0.24718809267831113
medium,41.28753724741829,0.09628952529589187,,,-0.037987798936305356,0.217956842254054
long,38.461626000362024,0.09288814497460136,,,0.1003416875280122,0.21906490146470325
