model,scope,k,aic,rmse_to_llm,r2_to_llm,r2_to_truth,rmse_vs_truth,bias_vs_truth,aic_weight
EmpiricalLinear,overall,3.0,-733.7684024088943,0.07800943285000278,0.8223507987449714,0.5388011511293999,0.14452225994246418,-0.035927586206896844,0.9999999991820512
Bayes(range),overall,0.0,-691.9199598338957,0.09200329420132261,0.7528982770955732,0.5719358519647797,0.1392339245392598,-0.006596820634685655,8.179488692430958e-10
Equal,overall,0.0,-557.5029421567042,0.14625202621643843,0.3755857560783258,0.29339649837505266,0.1788868964573368,-0.01703103448275862,5.3020232863712165e-39
LLM(Combined),overall,,,0.0,1.0,0.5378235681390298,0.1446753476128416,-0.03592758620689655,
Bayes(stimulus),overall,0.0,,0.08951571501477844,0.7664441725519008,0.5584700128192135,0.14187876550750797,-0.0032820290466056556,
