range_category,w_img_bayes,w_txt_bayes
short,0.11385617947613637,0.8861438205238636
medium,0.2870372494185994,0.7129627505814006
long,0.12928798323847587,0.8707120167615241
