model,scope,k,aic,rmse_to_llm,r2_to_llm,r2_to_truth,rmse_vs_truth,bias_vs_truth,aic_weight
EmpiricalLinear,overall,3.0,-796.067084466637,0.06900633628889878,0.29166881475358164,-0.64571716129705,0.27010620700631616,-0.1873900000000002,1.0
Equal,overall,0.0,-590.6678034900422,0.13961136534442078,-1.8993454978183264,0.06514926320813597,0.20357671526969878,-0.08952333333333333,2.5009951093972433e-45
Bayes(range),overall,0.0,-540.7501834710548,0.16488605628740252,-3.044140949724188,0.23042298236388792,0.18470685352393573,-0.05085293210430868,3.619423322155045e-56
Bayes(stimulus),overall,0.0,-506.71285094967857,0.1846962238957429,-4.0742803135679875,0.2620530100420436,0.18087125340799895,-0.07954319678834576,1.4707082686244717e-63
LLM(Combined),overall,,,0.0,1.0,-0.7607743614303728,0.2793886880315665,-0.18738999999999997,
