range_category,w_img_bayes,w_txt_bayes
short,0.29198307304529864,0.7080169269547014
medium,0.35500123392618227,0.6449987660738177
long,0.2745415352198127,0.7254584647801873
