model,scope,k,aic,rmse_to_llm,r2_to_llm,r2_to_truth,rmse_vs_truth,bias_vs_truth,aic_weight
EmpiricalLinear,overall,3.0,-835.0566078188772,0.06059626471341444,0.9108285553263211,0.859973823499981,0.07878585353236499,-0.04912733333333316,0.9999999403561586
Bayes(stimulus),overall,0.0,-801.6901745390452,0.06909308801753217,0.8840680072307487,0.8104759337787836,0.09165914714374027,-0.07228890228751025,5.682913517204709e-08
Bayes(range),overall,0.0,-795.4185724178169,0.07055270629276984,0.8791180522684339,0.79210710083311,0.09599828114810492,-0.07302266659726561,2.470073918653425e-09
Equal,overall,0.0,-791.4795216462379,0.07148518366300344,0.8759016037288032,0.7873717479039557,0.09708544235191321,-0.07190966666666666,3.4463227187827013e-10
LLM(Combined),overall,,,0.0,1.0,0.834678841243911,0.08560671842793649,-0.04912733333333332,
