range_category,w_img_bayes,w_txt_bayes
short,0.37015061653904824,0.6298493834609518
medium,0.6502577077522111,0.34974229224778886
long,0.5316362707477267,0.4683637292522733
