{
    "Basic Single-Stage": {
        "model_name": "bayes_basic_single",
        "params": {
            "w_p": 0.03996871107904404,
            "delta": -0.03239400334398668
        },
        "steady_state_weight": null,
        "mode": "single",
        "model_type": "basic",
        "r_squared": 0.2780147822028708,
        "aic": -118.18169594963268,
        "bic": -115.37930118630837,
        "n_params": 2,
        "mse": 0.017029946655659416,
        "rmse": 0.13049883775597168,
        "predictions": [
            0.2197536145144125,
            0.4410120256720252,
            0.35701888820433075,
            0.30581081925328696,
            0.13583727954983174,
            0.13582767923694253,
            0.09822325364990869,
            0.40854376748071847,
            0.3067612502293187,
            0.34783138876935726,
            0.45778571882256763,
            0.7343611328478059,
            0.6293721110914101,
            0.56536682505905,
            0.352892700195064,
            0.3528830998821748,
            0.3058799679766048,
            0.6937806102651171,
            0.5665476635444228,
            0.6178901368759154,
            0.6197536145144124,
            0.8410120256720253,
            0.7570188882043307,
            0.7058108192532869,
            0.5358372795498316,
            0.5358276792369425,
            0.4982232536499086,
            0.8085437674807182,
            0.7067612502293187,
            0.7478313887693572
        ],
        "converged": true,
        "confidence_intervals": {
            "w_p": [
                -10.570588086400056,
                10.650525508558145
            ],
            "delta": [
                -1.418323295697764,
                1.3535352890097907
            ]
        }
    },
    "Basic Two-Stage": {
        "model_name": "bayes_basic_sequential",
        "params": {
            "r_div_q": 0.01,
            "delta": -0.03239255986783659
        },
        "steady_state_weight": 0.9999000099990001,
        "mode": "sequential",
        "model_type": "basic",
        "r_squared": 0.27684989503846513,
        "aic": -118.13333428874806,
        "bic": -115.33093952542374,
        "n_params": 2,
        "mse": 0.017057423625797694,
        "rmse": 0.1306040720107826,
        "predictions": [
            0.2174274401321634,
            0.44787439774059074,
            0.36041618507902234,
            0.30707277393994986,
            0.13003514212532252,
            0.1300074429018088,
            0.0908413563492361,
            0.41404512298689106,
            0.308068036781225,
            0.35083316404700265,
            0.4548774401321634,
            0.7429386368927476,
            0.633618371065762,
            0.5669441068919715,
            0.3456395683734124,
            0.3456074433443452,
            0.29665233515352935,
            0.700657043700548,
            0.5681806864433904,
            0.6216420945258623,
            0.6174274401321633,
            0.8478743977405908,
            0.7604161850790222,
            0.7070727739399498,
            0.5300351421253224,
            0.5300074429018088,
            0.49084135634923615,
            0.8140451229868909,
            0.708068036781225,
            0.7508331640470025
        ],
        "converged": true,
        "confidence_intervals": {
            "r_div_q": [
                -529.024720446382,
                529.044720446382
            ],
            "delta": [
                -1.9864106424322991,
                1.9216255226966261
            ]
        }
    },
    "Weber Single-Stage": {
        "model_name": "bayes_weber_single",
        "params": {
            "w_p": 0.0,
            "delta": -0.11891563465781195
        },
        "steady_state_weight": null,
        "mode": "single",
        "model_type": "weber",
        "r_squared": 0.40310135047711637,
        "aic": -123.88904677160066,
        "bic": -121.08665200827635,
        "n_params": 2,
        "mse": 0.014079446378729269,
        "rmse": 0.11865684294944506,
        "predictions": [
            0.2218107450285702,
            0.4264410718495123,
            0.34876021406514024,
            0.30140055062682275,
            0.1442009178605286,
            0.1441920390334873,
            0.10941367351269805,
            0.3964128787958209,
            0.3022795545039118,
            0.340263176586612,
            0.43263849312434277,
            0.6884286213572808,
            0.591329768833576,
            0.5321346289491997,
            0.3356284288710511,
            0.3356195500440098,
            0.2921488128497835,
            0.6508978194536872,
            0.5332267246752801,
            0.5807106916921759,
            0.5769638266807455,
            0.7815941535016878,
            0.7039132957173155,
            0.656553632278998,
            0.499353999512704,
            0.49934512068566267,
            0.4645667551648734,
            0.7515659604479961,
            0.6574326361560873,
            0.6954162582387873
        ],
        "converged": true,
        "confidence_intervals": {
            "w_p": [
                -12.373707539708697,
                12.373707539708697
            ],
            "delta": [
                -3.138444716996546,
                2.900613447680922
            ]
        }
    },
    "Weber Two-Stage": {
        "model_name": "bayes_weber_sequential",
        "params": {
            "r_div_q": 0.01,
            "delta": -0.11890562525445858
        },
        "steady_state_weight": 0.9999000099990001,
        "mode": "sequential",
        "model_type": "weber",
        "r_squared": 0.4030619573297818,
        "aic": -123.8870670862729,
        "bic": -121.08467232294859,
        "n_params": 2,
        "mse": 0.014080375571157547,
        "rmse": 0.11866075834561966,
        "predictions": [
            0.22181296524290625,
            0.4264174722271394,
            0.34877071463987963,
            0.3014079660703454,
            0.14421299080800032,
            0.1441934842773251,
            0.10941778809386557,
            0.3963658298459149,
            0.3022907697554753,
            0.34026255655970894,
            0.4326428236092088,
            0.6884035408515082,
            0.591344673794724,
            0.5321455679223398,
            0.3356472549597798,
            0.3356229118562602,
            0.2921557889091736,
            0.6508522047999743,
            0.5332426886704117,
            0.5807115526090914,
            0.5769696017833191,
            0.7815782559505373,
            0.7039277066129511,
            0.6565647768152685,
            0.49937266250132717,
            0.4993501211212737,
            0.4645747584202353,
            0.7515373371552676,
            0.6574480094795606,
            0.6954193146338556
        ],
        "converged": true,
        "confidence_intervals": {
            "r_div_q": [
                -500.32383604217614,
                500.3438360421761
            ],
            "delta": [
                -3.4857782730227185,
                3.247967022513801
            ]
        }
    },
    "Linear Regression": {
        "model_name": "linear",
        "params": {
            "slope": 0.5736591752619835,
            "intercept": 0.19160291127240567
        },
        "steady_state_weight": null,
        "mode": "linear",
        "model_type": "linear",
        "log_likelihood": null,
        "r_squared": 0.6184579334613275,
        "aic": -137.31363085404513,
        "bic": -134.51123609072081,
        "n_params": 2,
        "mse": 0.00899968708482536,
        "rmse": 0.09486668058293891,