model,scope,k,aic,rmse_to_llm,r2_to_llm,r2_to_truth,rmse_vs_truth,bias_vs_truth,aic_weight
EmpiricalLinear,overall,2.0,522.5215437507713,2.373112946724489,0.4695276720430057,-0.9886462366559203,2.848191173172028,1.2540419458212553,1.0
Equal,overall,0.0,611.2690898997533,2.769818560694304,0.2773490816776705,0.33971720111775516,1.6411767718621901,0.35457166666666673,5.3544542541913116e-20
Combo_Oracle,overall,0.0,758.5560124931535,3.5404718910630955,-0.1807235296918892,0.7295909954313088,1.050269961599711,1.0421293457814803e-15,5.568860553383121e-52
Combo_NonOracle,overall,0.0,801.407627508423,3.8025784617061276,-0.3620162355690888,0.6507854138964283,1.1935388429935034,-0.6169714983575303,2.758394462031247e-61
LLM(Combined),overall,,,0.0,1.0,-1.904441434784844,3.442085721187083,2.08211,
