range_category,regression_angle,scalar_variability,short_vs_medium_t,medium_vs_long_t,response_autocorr,stimulus_autocorr
short,46.18326151381251,0.06151100049383099,,,0.12517569890049873,0.24718809267831113
medium,40.769527449255875,0.05103392260429858,,,0.09182094777567489,0.217956842254054
long,41.905279992235016,0.028197604399059963,,,0.20750438870538795,0.21906490146470325
