model,scope,k,aic,rmse_to_llm,r2_to_llm,r2_to_truth,rmse_vs_truth,bias_vs_truth,aic_weight
Combo_NonOracle,overall,0.0,-754.4371886457134,0.08087984433643468,0.8936809830844118,0.6860364143096325,0.11797317545881666,-0.09348470568893058,0.7723326030200565
EmpiricalLinear,overall,2.0,-751.9753031926756,0.08046623066731548,0.8947656181146467,0.6773558758621812,0.11959293088536371,-0.09357032321052138,0.22553436988084036
Equal,overall,0.0,-742.653442353569,0.08411995403390725,0.8849919096773261,0.6332134822170007,0.1275117807890706,-0.09382733333333332,0.0021330270991031914
Combo_Oracle,overall,0.0,-607.0119430915997,0.13220875297377524,0.7159133951437721,0.8878823655874772,0.07049861615808085,-1.8947806286936006e-16,7.495818284162193e-33
LLM(Combined),overall,,,0.0,1.0,0.5989911365470111,0.13332776995059956,-0.09206066666666665,
