{
  "per_range": {
    "regression_effect": {
      "long": {
        "regression_angle": 8.634148009228095,
        "slope": 0.15184546291490367,
        "intercept": 0.407084908910325,
        "r_squared": 0.009875277514476434,
        "p_value": 0.4923266470922609,
        "regression_strength": 0.8481545370850964,
        "regression_strength_angular": 0.8081300442393756
      },
      "medium": {
        "regression_angle": -11.502188720484368,
        "slope": -0.20349208133385896,
        "intercept": 0.6067698099926544,
        "r_squared": 0.06759542975893193,
        "p_value": 0.06824063308189252,
        "regression_strength": 1.203492081333859,
        "regression_strength_angular": 1.2556041937885416
      },
      "short": {
        "regression_angle": 12.948477092542717,
        "slope": 0.22992121325951917,
        "intercept": 0.41877139072812564,
        "r_squared": 0.019801495008595668,
        "p_value": 0.32969958675023625,
        "regression_strength": 0.7700787867404808,
        "regression_strength_angular": 0.7122560646101619
      }
    },
    "weber_law": {
      "long": {
        "mean_cv": 0.268957676596385,
        "cv_magnitude_correlation": -0.22556524648548903,
        "bin_magnitudes": [
          0.5455462499999999,
          0.63481125,
          0.72407625,
          0.76870875,
          0.8133412499999999,
          0.85797375
        ],
        "coefficient_variations": [
          0.4840306956027833,
          0.0,
          0.3554074787351907,
          0.26443862209914354,
          0.38204176499996406,
          0.12782749814122843
        ],
        "p_value": 0.6673904740995189
      },
      "medium": {
        "mean_cv": 0.15804885449198633,
        "cv_magnitude_correlation": 0.04404588531912748,
        "bin_magnitudes": [
          0.356935,
          0.468515,
          0.580095,
          0.635885,
          0.691675,
          0.747465
        ],
        "coefficient_variations": [
          0.24646819684547785,
          0.017676426699603096,
          0.1071336709759827,
          0.31624157599417996,
          0.0,
          0.26077325643667426
        ],
        "p_value": 0.9339738974112843
      },
      "short": {
        "mean_cv": 0.2524927183215488,
        "cv_magnitude_correlation": -0.43903050327476917,
        "bin_magnitudes": [
          0.14554625,
          0.23481125,
          0.32407625,
          0.36870875000000003,
          0.41334125,
          0.45797374999999996
        ],
        "coefficient_variations": [
          0.5820289880299901,
          0.04384447014705474,
          0.32637460661525886,
          0.06275600822542339,
          0.27763260123319544,
          0.2223196356783702
        ],
        "p_value": 0.3837653231329867
      }
    },
    "sequential_effect": [
      {
        "range_category": "long",
        "n_runs": 5,
        "N_total": 50,
        "r_resp_mean": -0.598769745805102,
        "r_stim_mean": 0.23521755130669839,
        "r_resp_weighted": -0.6074549678207151,
        "r_stim_weighted": 0.23521755130669839
      },
      {
        "range_category": "medium",
        "n_runs": 5,
        "N_total": 50,
        "r_resp_mean": -0.21705264143930864,
        "r_stim_mean": 0.23520721737985428,
        "r_resp_weighted": -0.24416350884970073,
        "r_stim_weighted": 0.23520721737985426
      },
      {
        "range_category": "short",
        "n_runs": 5,
        "N_total": 50,
        "r_resp_mean": -0.4509241828048197,
        "r_stim_mean": 0.23521755130669836,
        "r_resp_weighted": -0.5133160975648685,
        "r_stim_weighted": 0.23521755130669833
      }
    ]
  },
  "overall": {
    "range_effect": {
      "range_analyses_by_category": {
        "short": {
          "slope": 0.22992121325951917,
          "regression_strength": 0.7700787867404808,
          "r_squared": 0.019801495008595668,
          "mean_stimulus_magnitude": 0.30805599999999994
        },
        "medium": {
          "slope": -0.20349208133385896,
          "regression_strength": 1.203492081333859,
          "r_squared": 0.06759542975893193,
          "mean_stimulus_magnitude": 0.5600700000000001
        },
        "long": {
          "slope": 0.15184546291490367,
          "regression_strength": 0.8481545370850964,
          "r_squared": 0.009875277514476434,
          "mean_stimulus_magnitude": 0.7080560000000001
        }
      },
      "correlation_analysis": {
        "correlation_magnitude_regression": 0.31346237124723614,
        "p_value": 0.7970220724245346,
        "interpretation": "Regression strength increases with stimulus magnitude (r=0.313)"
      },
      "pairwise_comparison_on_overlap": {
        "short_vs_medium": {
          "categories": [
            "medium",
            "short"
          ],
          "error": "Insufficient data in common bins for t-test.",
          "t_statistic": NaN,
          "p_value": NaN,
          "is_significant": false,
          "n_overlapping_bins": 0
        },
        "short_vs_long": {
          "error": "No overlapping data found or insufficient data after binning for short vs long."
        },
        "medium_vs_long": {
          "categories": [
            "long",
            "medium"
          ],
          "t_statistic": 1.705882352941176,
          "p_value": 0.3375458445707594,
          "is_significant": false,
          "n_overlapping_bins": 2,
          "mean_long": 0.5529999999999999,
          "mean_medium": 0.379
        }
      }
    }
  }
}