{
  "per_range": {
    "regression_effect": {
      "long": {
        "regression_angle": 45.220058107803084,
        "slope": 1.0077111314096063,
        "intercept": -0.9671979729044491,
        "r_squared": 0.5130181279011403,
        "p_value": 3.3617955368052626e-16,
        "regression_strength": -0.007711131409606331,
        "regression_strength_angular": 0.004890180173401859
      },
      "medium": {
        "regression_angle": 42.94445688451376,
        "slope": 0.9307043282248518,
        "intercept": -0.48607684549256236,
        "r_squared": 0.7068546541878908,
        "p_value": 1.6193832106272884e-26,
        "regression_strength": 0.06929567177514817,
        "regression_strength_angular": 0.04567873589969417
      },
      "short": {
        "regression_angle": 35.15271770771177,
        "slope": 0.7041872356845956,
        "intercept": 0.2006371604793622,
        "r_squared": 0.7248842976979154,
        "p_value": 4.361228683274752e-28,
        "regression_strength": 0.2958127643154044,
        "regression_strength_angular": 0.21882849538418284
      }
    },
    "weber_law": {
      "long": {
        "mean_cv": 0.17015921154765362,
        "cv_magnitude_correlation": 0.07742988125834108,
        "bin_magnitudes": [
          5.194643749999999,
          5.65913125,
          6.12361875,
          6.588106249999999,
          7.05259375,
          7.51708125,
          7.981568749999999,
          8.44605625
        ],
        "coefficient_variations": [
          0.2202053249096289,
          0.16496390068642355,
          0.18912049820933954,
          0.1433555546822453,
          0.03733015455635311,
          0.1558635465958543,
          0.20615801659199082,
          0.2442766961493934
        ],
        "p_value": 0.8553982065262153
      },
      "medium": {
        "mean_cv": 0.11387162220119545,
        "cv_magnitude_correlation": -0.3028764055601685,
        "bin_magnitudes": [
          3.2513,
          3.7331000000000003,
          4.2149,
          4.6967,
          5.1785,
          5.660299999999999,
          6.142099999999999,
          6.6239
        ],
        "coefficient_variations": [
          0.07881146130362589,
          0.2800344858702182,
          0.10741346339809098,
          0.07640527814640237,
          0.09118829660907046,
          0.09706952537440178,
          0.032710080257333046,
          0.1473403866504209
        ],
        "p_value": 0.4658810829289205
      },
      "short": {
        "mean_cv": 0.2354560724234142,
        "cv_magnitude_correlation": -0.600900400871115,
        "bin_magnitudes": [
          1.266925,
          1.739175,
          2.2114249999999998,
          2.6836749999999996,
          3.1559249999999994,
          3.6281749999999997,
          4.1004249999999995,
          4.572675
        ],
        "coefficient_variations": [
          0.3049312108184283,
          0.23531565633610213,
          0.333876238243496,
          0.21217664433866648,
          0.18424231390391424,
          0.3328075870830818,
          0.19790499308084733,
          0.08239393558277762
        ],
        "p_value": 0.11514965949653594
      }
    },
    "sequential_effect": [
      {
        "range_category": "long",
        "n_runs": 5,
        "N_total": 95,
        "r_resp_mean": 0.046107767722797524,
        "r_stim_mean": 0.1233985039495322,
        "r_resp_weighted": 0.046460508647754896,
        "r_stim_weighted": 0.12339850394953222
      },
      {
        "range_category": "medium",
        "n_runs": 5,
        "N_total": 95,
        "r_resp_mean": 0.1211949243196132,
        "r_stim_mean": 0.13607235877663243,
        "r_resp_weighted": 0.12144103647905262,
        "r_stim_weighted": 0.13607235877663243
      },
      {
        "range_category": "short",
        "n_runs": 5,
        "N_total": 96,
        "r_resp_mean": 0.10264730793574876,
        "r_stim_mean": 0.12443186585944417,
        "r_resp_weighted": 0.10498981758584679,
        "r_stim_weighted": 0.12408237989344623
      }
    ]
  },
  "overall": {
    "range_effect": {
      "range_analyses_by_category": {
        "short": {
          "slope": 0.7041872356845956,
          "regression_strength": 0.2958127643154044,
          "r_squared": 0.7248842976979154,
          "mean_stimulus_magnitude": 2.828642708333333
        },
        "medium": {
          "slope": 0.9307043282248518,
          "regression_strength": 0.06929567177514817,
          "r_squared": 0.7068546541878908,
          "mean_stimulus_magnitude": 4.788815789473683
        },
        "long": {
          "slope": 1.0077111314096063,
          "regression_strength": -0.007711131409606331,
          "r_squared": 0.5130181279011403,
          "mean_stimulus_magnitude": 6.803168421052633
        }
      },
      "correlation_analysis": {
        "correlation_magnitude_regression": -0.9596765632607274,
        "p_value": 0.18140287025691554,
        "interpretation": "Regression strength decreases with stimulus magnitude (r=-0.960)"
      },
      "pairwise_comparison_on_overlap": {
        "short_vs_medium": {
          "categories": [
            "medium",
            "short"
          ],
          "error": "Insufficient data in common bins for t-test.",
          "t_statistic": NaN,
          "p_value": NaN,
          "is_significant": false,
          "n_overlapping_bins": 0
        },
        "short_vs_long": {
          "error": "No overlapping data found or insufficient data after binning for short vs long."
        },
        "medium_vs_long": {
          "categories": [
            "long",
            "medium"
          ],
          "t_statistic": -0.11092482561447457,
          "p_value": 0.9296705742133465,
          "is_significant": false,
          "n_overlapping_bins": 2,
          "mean_long": 4.561455127546399,
          "mean_medium": 4.59725
        }
      }
    }
  }
}