model,scope,k,aic,rmse_to_llm,r2_to_llm,r2_to_truth,rmse_vs_truth,bias_vs_truth,aic_weight
Combo_Oracle,overall,0.0,-169.65565619676775,0.5680653273179331,0.9056657570321786,0.934937839947949,0.5177219954694762,2.0842586915629606e-15,0.7185940648967465
EmpiricalLinear,overall,2.0,-167.7806594375914,0.5640557425119149,0.9069927391813175,0.9230628659107107,0.5629896099604966,-0.0771809472111661,0.28140593510325346
Combo_NonOracle,overall,0.0,1.0308128884434815,1.0034419529236196,0.7056545594090096,0.7214563312005958,1.071220865421473,-0.8174686417526046,6.199944420483142e-38
Equal,overall,0.0,82.80397357585161,1.3178653193706857,0.4922909992976606,0.5293085351073326,1.3925171071360904,-1.1396233333333334,1.0853543947513932e-55
LLM(Combined),overall,,,0.0,1.0,0.8985569697301287,0.646462718956012,-0.042223333333333314,
