{
  "per_range": {
    "regression_effect": {
      "long": {
        "regression_angle": 26.096700506916235,
        "slope": 0.48982353930406786,
        "intercept": 0.2683804429957547,
        "r_squared": 0.1410592293179843,
        "p_value": 0.007193562951602643,
        "regression_strength": 0.5101764606959321,
        "regression_strength_angular": 0.4200733220685281
      },
      "medium": {
        "regression_angle": 17.155321718943636,
        "slope": 0.3086974118516847,
        "intercept": 0.35610784054422695,
        "r_squared": 0.04630140515658174,
        "p_value": 0.13343501337098798,
        "regression_strength": 0.6913025881483152,
        "regression_strength_angular": 0.6187706284679192
      },
      "short": {
        "regression_angle": 35.0337124356301,
        "slope": 0.701084776286486,
        "intercept": 0.06703083466494797,
        "r_squared": 0.25361324514751254,
        "p_value": 0.0001929400270525487,
        "regression_strength": 0.298915223713514,
        "regression_strength_angular": 0.22147305698599776
      }
    },
    "weber_law": {
      "long": {
        "mean_cv": 0.20000272577714107,
        "cv_magnitude_correlation": 0.29197109614284744,
        "bin_magnitudes": [
          0.54551875,
          0.63479375,
          0.72406875,
          0.7687062499999999,
          0.81334375,
          0.8579812499999999
        ],
        "coefficient_variations": [
          0.17258583905762015,
          0.04384447014705474,
          0.2646591098837227,
          0.4006168083848877,
          0.06520506636966261,
          0.25310506081989836
        ],
        "p_value": 0.574488203463922
      },
      "medium": {
        "mean_cv": 0.3064134373180048,
        "cv_magnitude_correlation": 0.07357745350107757,
        "bin_magnitudes": [
          0.3569,
          0.4685,
          0.5801000000000001,
          0.6358999999999999,
          0.6917,
          0.7475
        ],
        "coefficient_variations": [
          0.31684490110120195,
          0.0,
          0.49362055019744866,
          0.7426364150465379,
          0.06520506636966261,
          0.2201736911931778
        ],
        "p_value": 0.8898329807322749
      },
      "short": {
        "mean_cv": 0.5430772798665021,
        "cv_magnitude_correlation": 0.21055722136061553,
        "bin_magnitudes": [
          0.14551875,
          0.23479374999999997,
          0.32406874999999996,
          0.36870624999999996,
          0.41334374999999995,
          0.45798125
        ],
        "coefficient_variations": [
          0.6086102653575803,
          0.15407776014853217,
          0.5841381706469077,
          0.9334643011220289,
          0.4274877564133347,
          0.550685425510629
        ],
        "p_value": 0.6888316260447168
      }
    },
    "sequential_effect": [
      {
        "range_category": "long",
        "n_runs": 5,
        "N_total": 50,
        "r_resp_mean": 0.24561911481205195,
        "r_stim_mean": 0.23502816576403168,
        "r_resp_weighted": 0.3065545915022245,
        "r_stim_weighted": 0.23502816576403165
      },
      {
        "range_category": "medium",
        "n_runs": 5,
        "N_total": 50,
        "r_resp_mean": 0.7598380079179088,
        "r_stim_mean": 0.23525030686203605,
        "r_resp_weighted": 0.7797845802116166,
        "r_stim_weighted": 0.23525030686203605
      },
      {
        "range_category": "short",
        "n_runs": 5,
        "N_total": 50,
        "r_resp_mean": 0.5858356545923546,
        "r_stim_mean": 0.2350281657640318,
        "r_resp_weighted": 0.5968216776969788,
        "r_stim_weighted": 0.23502816576403177
      }
    ]
  },
  "overall": {
    "range_effect": {
      "range_analyses_by_category": {
        "short": {
          "slope": 0.701084776286486,
          "regression_strength": 0.298915223713514,
          "r_squared": 0.25361324514751254,
          "mean_stimulus_magnitude": 0.30805000000000005
        },
        "medium": {
          "slope": 0.3086974118516847,
          "regression_strength": 0.6913025881483152,
          "r_squared": 0.04630140515658174,
          "mean_stimulus_magnitude": 0.56007
        },
        "long": {
          "slope": 0.48982353930406786,
          "regression_strength": 0.5101764606959321,
          "r_squared": 0.1410592293179843,
          "mean_stimulus_magnitude": 0.7080500000000001
        }
      },
      "correlation_analysis": {
        "correlation_magnitude_regression": 0.6570998577055607,
        "p_value": 0.543565947564841,
        "interpretation": "Regression strength increases with stimulus magnitude (r=0.657)"
      },
      "pairwise_comparison_on_overlap": {
        "short_vs_medium": {
          "categories": [
            "medium",
            "short"
          ],
          "error": "Insufficient data in common bins for t-test.",
          "t_statistic": NaN,
          "p_value": NaN,
          "is_significant": false,
          "n_overlapping_bins": 0
        },
        "short_vs_long": {
          "error": "No overlapping data found or insufficient data after binning for short vs long."
        },
        "medium_vs_long": {
          "categories": [
            "long",
            "medium"
          ],
          "t_statistic": -0.19999999999999996,
          "p_value": 0.8743340836219977,
          "is_significant": false,
          "n_overlapping_bins": 2,
          "mean_long": 0.48,
          "mean_medium": 0.53
        }
      }
    }
  }
}