model,scope,k,aic,rmse_to_llm,r2_to_llm,r2_to_truth,rmse_vs_truth,bias_vs_truth,aic_weight
EmpiricalLinear,overall,2.0,-150.00515584623977,0.5984869734871704,0.9121312025331705,0.7149153685955502,1.0837254699716707,-0.7729779238398095,0.999902043562509
Equal,overall,0.0,-131.54337638167652,0.6450174416246431,0.8979370315578158,0.8096972570554647,0.8854313639878211,-0.6047233333333334,9.795643749107419e-05
Combo_NonOracle,overall,0.0,-67.83656491111526,0.7976208792851057,0.8439304038469881,0.8859795432881153,0.6853679091769546,-0.40416456813081153,1.4363975031443035e-18
Combo_Oracle,overall,0.0,40.34777547468669,1.143956176438936,0.678971156942328,0.9354705643407465,0.5155981033113688,2.658614069635708e-15,4.627470007352203e-42
LLM(Combined),overall,,,0.0,1.0,0.6185503167913486,1.2535769755649895,-0.8766899999999999,
