model,scope,k,aic,rmse_to_llm,r2_to_llm,r2_to_truth,rmse_vs_truth,bias_vs_truth,aic_weight
Combo_Oracle,overall,0.0,-587.0056689211062,0.14132606182470034,0.06489997156635707,0.22839127122287495,0.18494482988190106,0.0,0.5025720443240232
EmpiricalLinear,overall,2.0,-586.8559638809429,0.13952382836868057,0.08859727130824457,0.16008791772954145,0.19295700232018823,-0.050566084520249924,0.46632670928631154
Combo_NonOracle,overall,0.0,-581.4406867086556,0.14397211811050864,0.02955630225662631,0.12140014894887463,0.19735093660119785,-0.04741632632911858,0.031101246389665202
Equal,overall,0.0,-495.5908926064202,0.1916720113312786,-0.720009938466867,-0.2674228925901423,0.237030592874672,-0.038909555555555544,7.091398125964976e-21
LLM(Combined),overall,,,0.0,1.0,-0.23790102464097784,0.23425377075106135,-0.05142977779999998,
