model,scope,k,aic,rmse_to_llm,r2_to_llm,r2_to_truth,rmse_vs_truth,bias_vs_truth,aic_weight
Combo_NonOracle,overall,0.0,-944.061358841906,0.04298641272289481,0.9619192079017618,0.945037606730629,0.04936166303532172,0.007286987943331315,0.6716964519335505
Equal,overall,0.0,-941.3263199220615,0.04338010296591438,0.9612184893499627,0.9427668765798582,0.05037101348990309,0.00884333333333333,0.17110665407485479
EmpiricalLinear,overall,2.0,-941.1566101672051,0.042829762430855255,0.9621962488263501,0.9470522860488417,0.04844852641752596,0.005515684870700762,0.1571863733462003
Combo_Oracle,overall,0.0,-921.9329143332778,0.046277022532167984,0.9558658890641909,0.950648526557942,0.046774270957844644,1.335968372965605e-16,1.0520645394428073e-05
LLM(Combined),overall,,,0.0,1.0,0.9253072676760451,0.05754348210990826,0.01447666666666666,
