model,scope,k,aic,rmse_to_llm,r2_to_llm,r2_to_truth,rmse_vs_truth,bias_vs_truth,aic_weight
EmpiricalLinear,overall,2.0,-379.8919711647042,0.5273873705666955,0.9182938994249488,0.9267846925660939,0.5465014455133063,-0.020140434981275337,0.9816496639026727
Combo_Oracle,overall,0.0,-371.9327979713018,0.5380046925639511,0.9149709825358163,0.93619364525732,0.5101787165172881,1.5513516397428853e-15,0.018350336097327318
Combo_NonOracle,overall,0.0,-180.23839045860217,0.7405239391542221,0.8389082725370067,0.8662314058131162,0.7386988983220076,-0.47756619113227466,4.3424249949746895e-44
Equal,overall,0.0,93.43351372352163,1.1685019255439848,0.5988988583178454,0.6716713894640761,1.1572967519180202,-0.9376566666666666,1.6241771889049042e-103
LLM(Combined),overall,,,0.0,1.0,0.8913398698505267,0.6657719294172743,0.027893333333333412,
