model,scope,k,aic,rmse_to_llm,r2_to_llm,r2_to_truth,rmse_vs_truth,bias_vs_truth,aic_weight
EmpiricalLinear,overall,3.0,155.45600866179458,1.6457343459856275,0.47868919094630014,0.6204974601326102,1.2503733853099317,-0.8976884009008796,0.9999848502200477
Equal,overall,0.0,177.65104615810066,1.8079075988987205,0.3708854572858403,0.1661093404856988,1.853475852093158,-1.5319425567225002,1.5149638342928172e-05
Bayes(range),overall,0.0,201.16976061370613,1.955343475331596,0.2640922488882562,0.04401885759598989,1.984527129580979,-1.5556121856359533,1.1840725430939878e-10
Bayes(stimulus),overall,0.0,204.42953431723512,1.9767059171645858,0.24792459058461158,0.1153411921696984,1.909063087521867,-1.570326464624887,2.3202108039444628e-11
LLM(Combined),overall,,,0.0,1.0,0.21983814796946854,1.792770646893086,-0.8976884009008811,
