{
  "empirical_linear": {
    "a_txt": 0.5037503356024807,
    "a_img": 0.6957719376549748,
    "intercept": -0.35522493635021274,
    "w_txt_norm": 0.41995913442647675,
    "w_img_norm": 0.5800408655735233
  }
}