range_category,w_img_bayes,w_txt_bayes
short,0.47232797543574745,0.5276720245642526
medium,0.6554664383340837,0.3445335616659163
long,0.3808097617917423,0.6191902382082577
