model,scope,k,aic,rmse_to_llm,r2_to_llm,r2_to_truth,rmse_vs_truth,bias_vs_truth,aic_weight
EmpiricalLinear,overall,2.0,-775.3030422296364,0.0744463306233805,0.8897663773341188,0.7557014910763525,0.10406484395056981,-0.06853328662004315,0.7970814210020394
Combo_NonOracle,overall,0.0,-771.984027425447,0.07628491310478973,0.8842543179599376,0.7298977901166412,0.10942276831604716,-0.07506309775335997,0.1516309231285082
Equal,overall,0.0,-769.8160287575818,0.07683819518830409,0.882569260052578,0.7698801019217598,0.1009998469531406,-0.06107185714285713,0.0512876558694525
Combo_Oracle,overall,0.0,-649.4498991394727,0.11476909976142595,0.7380143904816694,0.8528950121071117,0.08075275139986314,-5.625129991434127e-17,3.7397269946967206e-28
LLM(Combined),overall,,,0.0,1.0,0.7263211940398032,0.11014485419967047,-0.08076066666666665,
