model,scope,k,aic,rmse_to_llm,r2_to_llm,r2_to_truth,rmse_vs_truth,bias_vs_truth,aic_weight
Combo_NonOracle,overall,0.0,-587.4716278545131,0.14110672506855046,0.3791074357683406,-0.07836544913074261,0.218645200059656,0.12273939479721875,0.6277691132375061
EmpiricalLinear,overall,2.0,-585.5778406712718,0.14011952523545138,0.3877647257228293,-0.12357105059029116,0.22318100853859518,0.12078443285351093,0.24353942843346338
Equal,overall,0.0,-584.3021184518975,0.14260542500709278,0.3658483476056711,-0.22131490204741722,0.23268628909622832,0.11767392496466668,0.12869145831987772
Combo_Oracle,overall,0.0,-537.5688687030162,0.16664387492519855,0.13403618507966186,0.3625271474118179,0.16810777988865971,-3.9375909940038887e-16,9.152789589426197e-12
LLM(Combined),overall,,,0.0,1.0,-0.4091510979492423,0.24993998939220147,0.08944377777926982,
