model,scope,k,aic,rmse_to_llm,r2_to_llm,r2_to_truth,rmse_vs_truth,bias_vs_truth,aic_weight
EmpiricalLinear,overall,3.0,-836.4619947754185,0.06031305792300513,0.9008467339639181,0.8496968956274147,0.08162582889881943,-0.035594000000000084,0.999999914822573
Equal,overall,0.0,-803.5138434052872,0.06867435232069297,0.8714495881771236,0.8998601558968466,0.06662651304098091,-0.029160666666666658,7.004865462703728e-08
Bayes(stimulus),overall,0.0,-800.4486592024243,0.06937961424794249,0.868795693662693,0.8433627589929251,0.08332803519380223,-0.03964428718737983,1.5128766009270303e-08
Bayes(range),overall,0.0,-771.0737567085265,0.07651673103056467,0.8404131350217594,0.941795050917667,0.05079530659383868,-0.012050106973816976,6.3259313721527694e-15
LLM(Combined),overall,,,0.0,1.0,0.805157924834973,0.09293621956302434,-0.035594,
