range_category,w_img_bayes,w_txt_bayes
short,0.2888456034612376,0.7111543965387623
medium,0.8453545845439011,0.1546454154560989
long,0.5957397796966526,0.4042602203033474
