{
  "empirical_linear": {
    "a_txt": 0.9106776570539432,
    "a_img": 0.216054565273161,
    "intercept": -0.03225236746141901,
    "w_txt_norm": 0.8082467502110385,
    "w_img_norm": 0.19175324978896158
  }
}