model,scope,k,aic,rmse_to_llm,r2_to_llm,r2_to_truth,rmse_vs_truth,bias_vs_truth,aic_weight
Combo_NonOracle,overall,0.0,-731.7602241580299,0.08723054285821748,0.8058533621006819,0.8515023125918298,0.08113660107269813,-0.0092027466893288,0.5364365903961137
EmpiricalLinear,overall,2.0,-731.4668832233099,0.0861593941814978,0.8105921401515455,0.8551773437987814,0.08012632415952259,-0.01647964456983376,0.46325511028410254
Combo_Oracle,overall,0.0,-716.5547432711498,0.09176578062142514,0.7851406535268991,0.8594923542116297,0.07892361038724688,1.1842378929335004e-17,0.00026772576705839414
Equal,overall,0.0,-712.7810497596749,0.09292739101040123,0.7796666628866914,0.8291508424048131,0.08702887834889443,0.0021099999999999973,4.0573552725415675e-05
LLM(Combined),overall,,,0.0,1.0,0.8127078133720596,0.09112064712968918,-0.028056666666666678,
