{
    "Basic Single-Stage": {
        "model_name": "bayes_basic_single",
        "params": {
            "w_p": 0.22486473932576045,
            "delta": 0.030499995754121552
        },
        "steady_state_weight": null,
        "mode": "single",
        "model_type": "basic",
        "r_squared": 0.370806478537687,
        "aic": -106.55176050424109,
        "bic": -103.74936574091677,
        "n_params": 2,
        "mse": 0.025094701977209435,
        "rmse": 0.1584130738834691,
        "predictions": [
            0.2933172858956899,
            0.471598395850765,
            0.40183622239008343,
            0.3630794593563714,
            0.22355511243500834,
            0.22355511243500834,
            0.19254970200803875,
            0.44834433803053786,
            0.3630794593563714,
            0.394084869783341,
            0.5364653922462506,
            0.7612546178417801,
            0.6759897391676137,
            0.6217302709204169,
            0.45120051357208424,
            0.45120051357208424,
            0.41244375053837223,
            0.722497854808068,
            0.6217302709204169,
            0.6604870339541289,
            0.69331728589569,
            0.8715983958507652,
            0.8018362223900835,
            0.7630794593563714,
            0.6235551124350084,
            0.6235551124350084,
            0.5925497020080388,
            0.8483443380305379,
            0.7630794593563714,
            0.7940848697833411
        ],
        "converged": true,
        "confidence_intervals": {
            "w_p": [
                -10.34571810207382,
                10.79544758072534
            ],
            "delta": [
                -1.3554292950121416,
                1.416429286520385
            ]
        }
    },
    "Basic Two-Stage": {
        "model_name": "bayes_basic_sequential",
        "params": {
            "r_div_q": 0.01,
            "delta": 0.030501398220064015
        },
        "steady_state_weight": 0.9999000099990001,
        "mode": "sequential",
        "model_type": "basic",
        "r_squared": 0.34898107868361816,
        "aic": -105.52880561707711,
        "bic": -102.7264108537528,
        "n_params": 2,
        "mse": 0.025965184406205797,
        "rmse": 0.1611371602275707,
        "predictions": [
            0.28050139822006404,
            0.5104784028190933,
            0.4205103941214336,
            0.37050639811972425,
            0.19051939512085375,
            0.19050140001939425,
            0.15050539742044386,
            0.4804684052182546,
            0.37051239272197345,
            0.41049740011909447,
            0.520501398220064,
            0.8104724040188401,
            0.7005123931217735,
            0.6305083979196843,
            0.41052339452099373,
            0.4105014004192543,
            0.36050639722053385,
            0.7604614067178647,
            0.6305143916223632,
            0.6804964005188946,
            0.6805013982200641,
            0.9104784028190934,
            0.8205103941214337,
            0.7705063981197242,
            0.5905193951208538,
            0.5905014000193943,
            0.5505053974204439,
            0.8804684052182546,
            0.7705123927219734,
            0.8104974001190944
        ],
        "converged": true,
        "confidence_intervals": {
            "r_div_q": [
                -1328.0986201712608,
                1328.1186201712608
            ],
            "delta": [
                -1.4043518370972086,
                1.4653546335373364
            ]
        }
    },
    "Weber Single-Stage": {
        "model_name": "bayes_weber_single",
        "params": {
            "w_p": 0.10993395604527145,
            "delta": 0.014184013909956867
        },
        "steady_state_weight": null,
        "mode": "single",
        "model_type": "weber",
        "r_squared": 0.32938900416606265,
        "aic": -104.63932364737329,
        "bic": -101.83692888404897,
        "n_params": 2,
        "mse": 0.026746593073591104,
        "rmse": 0.16354385672837457,
        "predictions": [
            0.25663352649044835,
            0.45863817446181193,
            0.38124752862371847,
            0.3374207881812,
            0.1725046524234624,
            0.1725046524234624,
            0.133535628868515,
            0.43303478375614707,
            0.3374207881812,
            0.37253423732903435,
            0.5022739463790181,
            0.7597027007820826,
            0.6635622738440246,
            0.6014874355750358,
            0.4005587819804289,
            0.4005587819804289,
            0.3532907167734789,
            0.7162009924432728,
            0.6014874355750358,
            0.6459027451136966,
            0.66428147541658,
            0.8698763446672758,
            0.7902289919895312,
            0.7455541692150447,
            0.5817579493233062,
            0.5817579493233062,
            0.5446228202018565,
            0.843431450922718,
            0.7455541692150447,
            0.7813195276427451
        ],
        "converged": true,
        "confidence_intervals": {
            "w_p": [
                -12.326700895771705,
                12.546568807862247
            ],
            "delta": [
                -2.735427177025019,
                2.763795204844933
            ]
        }
    },
    "Weber Two-Stage": {
        "model_name": "bayes_weber_sequential",
        "params": {
            "r_div_q": 0.01,
            "delta": 0.0022551769073340428
        },
        "steady_state_weight": 0.9999000099990001,
        "mode": "sequential",
        "model_type": "weber",
        "r_squared": 0.3256756913184031,
        "aic": -104.47367179073997,
        "bic": -101.67127702741566,
        "n_params": 2,
        "mse": 0.02689469453376442,
        "rmse": 0.16399601987171644,
        "predictions": [
            0.25056443269057815,
            0.4810523337120725,
            0.39088862586565326,
            0.34077230282163884,
            0.1603733235934422,
            0.16036123894304852,
            0.1202743882062277,
            0.45095638103453217,
            0.34077717315510714,
            0.38085370233691523,
            0.4911062859061204,
            0.7817246901593132,
            0.671522878815726,
            0.6013612707519931,
            0.38087532986983635,
            0.3808579382546114,
            0.3307497156348864,
            0.7315900647738974,
            0.6013664217424207,
            0.6514623092011503,
            0.6514675213831485,
            0.881960083384078,
            0.7917921408374118,
            0.7416755654328425,
            0.5612799670767732,
            0.5612643279910505,
            0.5211778791154538,
            0.8518772118287712,
            0.7416809892426041,
            0.7817569116427897
        ],
        "converged": true,
        "confidence_intervals": {
            "r_div_q": [
                -1007.901098836824,
                1007.921098836824
            ],
            "delta": [
                -4.344025384863654,
                4.348535738678322
            ]
        }
    },
    "Linear Regression": {
        "model_name": "linear",
        "params": {
            "slope": 0.6563869228176608,
            "intercept": 0.2108968655207283
        },
        "steady_state_weight": null,
        "mode": "linear",
        "model_type": "linear",
        "log_likelihood": null,
        "r_squared": 0.4807627882453266,
        "aic": -112.31384857162364,
        "bic": -109.51145380829932,
        "n_params": 2,
        "mse": 0.020709213683855747,
        "rmse": 0.14390696190197244,