model,scope,k,aic,rmse_to_llm,r2_to_llm,r2_to_truth,rmse_vs_truth,bias_vs_truth,aic_weight
EmpiricalLinear,overall,2.0,41.3632006734169,1.148414418770684,0.6519549265790534,0.7684763534610556,0.9909099624227872,-0.7027334855357582,0.7740980425434917
Equal,overall,0.0,44.197654049631346,1.1778550321885337,0.6338813089645723,0.7445101315743063,1.0409343953248784,-0.703548148148148,0.1876299829095516
Combo_NonOracle,overall,0.0,47.37716195791525,1.191807390235758,0.6251561708201941,0.7350125415577157,1.060105719437376,-0.7037254875549469,0.03827197454695676
Combo_Oracle,overall,0.0,132.87604030710042,1.6358024558283293,0.2938451776835983,0.8874757894185417,0.6908114147987483,3.4721197110869712e-15,1.0400047698922414e-20
LLM(Combined),overall,,,0.0,1.0,0.3406889755286101,1.6721748475386,-1.3022740740740741,
