model,scope,k,aic,rmse_to_llm,r2_to_llm,r2_to_truth,rmse_vs_truth,bias_vs_truth,aic_weight
EmpiricalLinear,overall,3.0,-628.0306019427811,0.12082218739679412,0.4963879179078189,0.12627500492009425,0.19680872387782997,-0.11102992673992695,0.9999997421226047
Bayes(range),overall,0.0,-596.3778814854113,0.1369791887476248,0.3526905725411551,0.04095137464035825,0.20619459598406434,-0.11640116194409858,1.33874842243957e-07
Equal,overall,0.0,-596.2246750955024,0.137049160236242,0.35202908851646075,0.05947929219434611,0.20419313943106995,-0.13217725396825397,1.2400255316453625e-07
Bayes(stimulus),overall,0.0,-547.0670286486514,0.1614504875145909,0.10074787230277926,-0.2725833089652685,0.2375199410318439,-0.13700028408941006,2.6241178146523e-18
LLM(Combined),overall,,,0.0,1.0,-0.28784335539651096,0.23893979467550336,-0.11102992673992676,
