range_category,w_img_bayes,w_txt_bayes
short,0.5192701740484688,0.48072982595153124
medium,0.2712080508738654,0.7287919491261345
long,0.575075123790728,0.424924876209272
