{
  "empirical_linear": {
    "a_txt": 0.7130676241705828,
    "a_img": -0.07815431836189339,
    "intercept": 0.022300408259852293,
    "w_txt_norm": 1.1230944723427212,
    "w_img_norm": -0.12309447234272117
  }
}