{
  "per_range": {
    "regression_effect": {
      "long": {
        "regression_angle": 28.06145175478518,
        "slope": 0.5330859744266542,
        "intercept": 0.3090952772913609,
        "r_squared": 0.6057250931666122,
        "p_value": 2.8947519267289844e-11,
        "regression_strength": 0.4669140255733458,
        "regression_strength_angular": 0.37641218322699604
      },
      "medium": {
        "regression_angle": 35.25209930655763,
        "slope": 0.7067850686824585,
        "intercept": 0.14915088658301545,
        "r_squared": 0.5302218040921445,
        "p_value": 2.0647303373745672e-09,
        "regression_strength": 0.2932149313175415,
        "regression_strength_angular": 0.2166200154098304
      },
      "short": {
        "regression_angle": 24.456114187999397,
        "slope": 0.4548015484087981,
        "intercept": 0.15902565420337933,
        "r_squared": 0.5521275864023989,
        "p_value": 6.440951725985632e-10,
        "regression_strength": 0.5451984515912018,
        "regression_strength_angular": 0.4565307958222356
      }
    },
    "weber_law": {
      "long": {
        "mean_cv": 0.054318822378727406,
        "cv_magnitude_correlation": -0.96261815719005,
        "bin_magnitudes": [
          0.5455462499999999,
          0.63481125,
          0.72407625,
          0.76870875,
          0.8133412499999999,
          0.85797375
        ],
        "coefficient_variations": [
          0.07723618587346577,
          0.06946733241878293,
          0.05507061792929884,
          0.04337719081447754,
          0.03811180930037601,
          0.04264979793596333
        ],
        "p_value": 0.0020699845236362108
      },
      "medium": {
        "mean_cv": 0.06432936711482842,
        "cv_magnitude_correlation": -0.6255300790622369,
        "bin_magnitudes": [
          0.356935,
          0.468515,
          0.580095,
          0.635885,
          0.691675,
          0.747465
        ],
        "coefficient_variations": [
          0.12274387509575528,
          0.04384447014705468,
          0.06734350297014739,
          0.03493856214843424,
          0.07710579232757891,
          0.040000000000000036
        ],
        "p_value": 0.18408605060396985
      },
      "short": {
        "mean_cv": 0.08069229914002903,
        "cv_magnitude_correlation": -0.7826690261333626,
        "bin_magnitudes": [
          0.14554625,
          0.23481125,
          0.32407625,
          0.36870875000000003,
          0.41334125,
          0.45797374999999996
        ],
        "coefficient_variations": [
          0.17923675259631627,
          0.07293102725522926,
          0.07629215101816697,
          0.029347176291736617,
          0.06747449870564523,
          0.05887218897307989
        ],
        "p_value": 0.06571655828551985
      }
    },
    "sequential_effect": [
      {
        "range_category": "long",
        "n_runs": 5,
        "N_total": 50,
        "r_resp_mean": 0.4281497004115682,
        "r_stim_mean": 0.23521755130669839,
        "r_resp_weighted": 0.4313185113332131,
        "r_stim_weighted": 0.23521755130669839
      },
      {
        "range_category": "medium",
        "n_runs": 5,
        "N_total": 50,
        "r_resp_mean": 0.4935704265740398,
        "r_stim_mean": 0.23520721737985428,
        "r_resp_weighted": 0.49859748090382994,
        "r_stim_weighted": 0.23520721737985426
      },
      {
        "range_category": "short",
        "n_runs": 5,
        "N_total": 50,
        "r_resp_mean": 0.5126595426672086,
        "r_stim_mean": 0.23521755130669836,
        "r_resp_weighted": 0.5182594388805135,
        "r_stim_weighted": 0.23521755130669833
      }
    ]
  },
  "overall": {
    "range_effect": {
      "range_analyses_by_category": {
        "short": {
          "slope": 0.4548015484087981,
          "regression_strength": 0.5451984515912018,
          "r_squared": 0.5521275864023989,
          "mean_stimulus_magnitude": 0.30805599999999994
        },
        "medium": {
          "slope": 0.7067850686824585,
          "regression_strength": 0.2932149313175415,
          "r_squared": 0.5302218040921445,
          "mean_stimulus_magnitude": 0.5600700000000001
        },
        "long": {
          "slope": 0.5330859744266542,
          "regression_strength": 0.4669140255733458,
          "r_squared": 0.6057250931666122,
          "mean_stimulus_magnitude": 0.7080560000000001
        }
      },
      "correlation_analysis": {
        "correlation_magnitude_regression": -0.44162301554338873,
        "p_value": 0.7088057572922271,
        "interpretation": "Regression strength decreases with stimulus magnitude (r=-0.442)"
      },
      "pairwise_comparison_on_overlap": {
        "short_vs_medium": {
          "categories": [
            "medium",
            "short"
          ],
          "error": "Insufficient data in common bins for t-test.",
          "t_statistic": NaN,
          "p_value": NaN,
          "is_significant": false,
          "n_overlapping_bins": 0
        },
        "short_vs_long": {
          "error": "No overlapping data found or insufficient data after binning for short vs long."
        },
        "medium_vs_long": {
          "categories": [
            "long",
            "medium"
          ],
          "t_statistic": 1.0517241379310325,
          "p_value": 0.4839541607673799,
          "is_significant": false,
          "n_overlapping_bins": 2,
          "mean_long": 0.7384999999999999,
          "mean_medium": 0.6775
        }
      }
    }
  }
}