model,scope,k,aic,rmse_to_llm,r2_to_llm,r2_to_truth,rmse_vs_truth,bias_vs_truth,aic_weight
Combo_NonOracle,overall,0.0,-786.6279226101434,0.07265064030388507,0.8156854029965834,0.527466640137324,0.14473487903102408,-0.07264558552393881,0.5707127275316637
Equal,overall,0.0,-785.2403646293243,0.07298744184218726,0.8139725114892427,0.4897746753497856,0.15039658351616014,-0.07662333333333332,0.2851761297473653
EmpiricalLinear,overall,2.0,-783.8753203049732,0.07234918665497904,0.8172118047895256,0.5135606177599772,0.14684911363249026,-0.07426471533209877,0.14411114272097106
Combo_Oracle,overall,0.0,-604.891822146414,0.13314639073490683,0.38093017627576575,0.6615667752496905,0.12248797685928425,-1.2101430968414207e-16,1.9630201650792485e-40
LLM(Combined),overall,,,0.0,1.0,0.338118703620926,0.17129592036395183,-0.11825666666666666,
