{
  "empirical_linear": {
    "w_txt_norm": 0.6760162687488486,
    "w_img_norm": 0.32398373125115143
  },
  "combo_oracle": {
    "w_txt_norm": 1.2511454737609,
    "w_img_norm": -0.2511454737609001
  },
  "combo_non_oracle": {
    "w_txt_norm": 0.7968468514473559,
    "w_img_norm": 0.203153148552644
  }
}