model,scope,k,aic,rmse_to_llm,r2_to_llm,r2_to_truth,rmse_vs_truth,bias_vs_truth,aic_weight
EmpiricalLinear,overall,3.0,-712.8514368237588,0.09106593666226549,0.6990041765970922,0.7294561890465838,0.10951554456693628,-0.054189999999999995,0.9999999999997222
Bayes(range),overall,0.0,-655.0281119799504,0.11265479585267708,0.539374558580547,0.8389318559388448,0.08450098912524688,0.01042547104395682,2.7785905063332166e-13
Equal,overall,0.0,-625.4542011325217,0.12432609869479,0.4389866921426332,0.8206730982552184,0.0891619766679347,0.026421666666666663,1.0517957287487013e-19
Bayes(stimulus),overall,0.0,-621.6529045885952,0.12591145607048213,0.42458782857552124,0.8504936115136524,0.08141170321507986,0.017526899672535918,1.572136845870747e-20
LLM(Combined),overall,,,0.0,1.0,0.686382124702564,0.11791182722695802,-0.05419,
