range_category,w_img_bayes,w_txt_bayes
short,0.43603304737786525,0.5639669526221347
medium,0.2870138634077141,0.7129861365922858
long,0.35087603520945526,0.6491239647905447
