{
  "per_range": {
    "regression_effect": {
      "long": {
        "regression_angle": -3.4918372247202916,
        "slope": -0.06101962113972107,
        "intercept": 0.5598053088657065,
        "r_squared": 0.0034015744855747498,
        "p_value": 0.6874501077349229,
        "regression_strength": 1.0610196211397211,
        "regression_strength_angular": 1.077596382771562
      },
      "medium": {
        "regression_angle": 23.42806667524643,
        "slope": 0.4333203532510212,
        "intercept": 0.2505102697547005,
        "r_squared": 0.2516534049405954,
        "p_value": 0.0002061710142448182,
        "regression_strength": 0.5666796467489787,
        "regression_strength_angular": 0.47937629610563487
      },
      "short": {
        "regression_angle": 28.9742664914705,
        "slope": 0.5537220627086596,
        "intercept": 0.3124225962502211,
        "r_squared": 0.1712644407121749,
        "p_value": 0.002812877729934284,
        "regression_strength": 0.44627793729134035,
        "regression_strength_angular": 0.3561274113006555
      }
    },
    "weber_law": {
      "long": {
        "mean_cv": 0.2299057241411269,
        "cv_magnitude_correlation": 0.4733100977093768,
        "bin_magnitudes": [
          0.5455462499999999,
          0.63481125,
          0.72407625,
          0.76870875,
          0.8133412499999999,
          0.85797375
        ],
        "coefficient_variations": [
          0.2178817841617408,
          0.10963225241337864,
          0.28178422678464726,
          0.0928343317805366,
          0.22360679774997902,
          0.453694951956479
        ],
        "p_value": 0.34305089695241436
      },
      "medium": {
        "mean_cv": 0.15046935195294459,
        "cv_magnitude_correlation": -0.6292708347324292,
        "bin_magnitudes": [
          0.356935,
          0.468515,
          0.580095,
          0.635885,
          0.691675,
          0.747465
        ],
        "coefficient_variations": [
          0.25523098781859765,
          0.17992509713523247,
          0.3451855396246785,
          0.0,
          0.12247448713915887,
          0.0
        ],
        "p_value": 0.18068364160494405
      },
      "short": {
        "mean_cv": 0.1221014648930408,
        "cv_magnitude_correlation": -0.606709753855559,
        "bin_magnitudes": [
          0.14554625,
          0.23481125,
          0.32407625,
          0.36870875000000003,
          0.41334125,
          0.45797374999999996
        ],
        "coefficient_variations": [
          0.37421732120582846,
          0.0,
          0.35839146815241635,
          0.0,
          0.0,
          0.0
        ],
        "p_value": 0.20159930605501777
      }
    },
    "sequential_effect": [
      {
        "range_category": "long",
        "n_runs": 5,
        "N_total": 50,
        "r_resp_mean": -0.44096933768265184,
        "r_stim_mean": 0.23521755130669825,
        "r_resp_weighted": -0.4444604420509922,
        "r_stim_weighted": 0.23521755130669827
      },
      {
        "range_category": "medium",
        "n_runs": 5,
        "N_total": 50,
        "r_resp_mean": -0.6299212227629972,
        "r_stim_mean": 0.23520721737985423,
        "r_resp_weighted": -0.6330162728117611,
        "r_stim_weighted": 0.2352072173798542
      },
      {
        "range_category": "short",
        "n_runs": 5,
        "N_total": 50,
        "r_resp_mean": -0.9486832980505138,
        "r_stim_mean": 0.23521755130669839,
        "r_resp_weighted": -0.9486832980505138,
        "r_stim_weighted": 0.23521755130669839
      }
    ]
  },
  "overall": {
    "range_effect": {
      "range_analyses_by_category": {
        "short": {
          "slope": 0.5537220627086596,
          "regression_strength": 0.44627793729134035,
          "r_squared": 0.1712644407121749,
          "mean_stimulus_magnitude": 0.308056
        },
        "medium": {
          "slope": 0.4333203532510212,
          "regression_strength": 0.5666796467489787,
          "r_squared": 0.2516534049405954,
          "mean_stimulus_magnitude": 0.56007
        },
        "long": {
          "slope": -0.06101962113972107,
          "regression_strength": 1.0610196211397211,
          "r_squared": 0.0034015744855747498,
          "mean_stimulus_magnitude": 0.708056
        }
      },
      "correlation_analysis": {
        "correlation_magnitude_regression": 0.8838456252391347,
        "p_value": 0.3098911488061778,
        "interpretation": "Regression strength increases with stimulus magnitude (r=0.884)"
      },
      "pairwise_comparison_on_overlap": {
        "short_vs_medium": {
          "categories": [
            "medium",
            "short"
          ],
          "error": "Insufficient data in common bins for t-test.",
          "t_statistic": NaN,
          "p_value": NaN,
          "is_significant": false,
          "n_overlapping_bins": 0
        },
        "short_vs_long": {
          "error": "No overlapping data found or insufficient data after binning for short vs long."
        },
        "medium_vs_long": {
          "categories": [
            "long",
            "medium"
          ],
          "t_statistic": 5.66666666666679,
          "p_value": 0.11119977557156803,
          "is_significant": false,
          "n_overlapping_bins": 2,
          "mean_long": 0.555,
          "mean_medium": 0.538
        }
      }
    }
  }
}