{
    "Basic Single-Stage": {
        "model_name": "bayes_basic_single",
        "params": {
            "w_p": 0.0,
            "delta": -0.023294003195583952
        },
        "steady_state_weight": null,
        "mode": "single",
        "model_type": "basic",
        "r_squared": 0.7713186582821067,
        "aic": -113.81143372420009,
        "bic": -111.00903896087577,
        "n_params": 2,
        "mse": 0.019700750470666675,
        "rmse": 0.14035936189177647,
        "predictions": [
            0.22652599680441604,
            0.45699599680441605,
            0.36950599680441604,
            0.31616599680441604,
            0.13911599680441605,
            0.13910599680441604,
            0.09993599680441603,
            0.42317599680441603,
            0.31715599680441603,
            0.35993599680441607,
            0.46397599680441604,
            0.7520659968044161,
            0.6427059968044161,
            0.5760359968044161,
            0.35471599680441607,
            0.35470599680441606,
            0.30574599680441605,
            0.7097959968044161,
            0.577265996804416,
            0.630745996804416,
            0.626525996804416,
            0.8569959968044162,
            0.769505996804416,
            0.7161659968044161,
            0.539115996804416,
            0.5391059968044161,
            0.499935996804416,
            0.8231759968044159,
            0.7171559968044161,
            0.759935996804416
        ],
        "converged": true,
        "confidence_intervals": {
            "w_p": [
                -10.610556424022347,
                10.610556424022347
            ],
            "delta": [
                -1.4092232922489225,
                1.3626352858577546
            ]
        }
    },
    "Basic Two-Stage": {
        "model_name": "bayes_basic_sequential",
        "params": {
            "r_div_q": 0.01,
            "delta": -0.023292558272132953
        },
        "steady_state_weight": 0.9999000099990001,
        "mode": "sequential",
        "model_type": "basic",
        "r_squared": 0.7713159169902475,
        "aic": -113.81107412298333,
        "bic": -111.00867935965901,
        "n_params": 2,
        "mse": 0.019700986631196776,
        "rmse": 0.14036020316028605,
        "predictions": [
            0.22652744172786704,
            0.45697439933629436,
            0.36951618667472597,
            0.3161727755356535,
            0.13913514372102617,
            0.13910744449751244,
            0.09994135794493975,
            0.4231451245825947,
            0.31716803837692864,
            0.3599331656427063,
            0.46397744172786703,
            0.7520386384884513,
            0.6427183726614657,
            0.5760441084876752,
            0.35473956996911604,
            0.3547074449400488,
            0.30575233674923297,
            0.7097570452962517,
            0.577280688039094,
            0.630742096121566,
            0.626527441727867,
            0.8569743993362945,
            0.7695161866747259,
            0.7161727755356535,
            0.5391351437210261,
            0.5391074444975125,
            0.49994135794493977,
            0.8231451245825946,
            0.7171680383769287,
            0.7599331656427062
        ],
        "converged": true,
        "confidence_intervals": {
            "r_div_q": [
                -5640.650156469362,
                5640.670156469362
            ],
            "delta": [
                -2.16256497788507,
                2.115979861340804
            ]
        }
    },
    "Weber Single-Stage": {
        "model_name": "bayes_weber_single",
        "params": {
            "w_p": 0.07775400004795059,
            "delta": 0.0048008839440738605
        },
        "steady_state_weight": null,
        "mode": "single",
        "model_type": "weber",
        "r_squared": 0.7662592475860126,
        "aic": -113.15497392641349,
        "bic": -110.35257916308917,
        "n_params": 2,
        "mse": 0.020136615447247628,
        "rmse": 0.14190354275791578,
        "predictions": [
            0.25330228410126,
            0.46285283937452365,
            0.38450436901930163,
            0.33608310124344104,
            0.17028085252833533,
            0.1702711831011854,
            0.13200548006918625,
            0.432710412025746,
            0.33698693980265176,
            0.3758566146609932,
            0.49341893972370937,
            0.7572929819523938,
            0.6582165515558471,
            0.5972035190557904,
            0.3904119377476451,
            0.3904024127036523,
            0.34352119489481137,
            0.7191356865742757,
            0.598333766694414,
            0.6473077357803175,
            0.6565501061360537,
            0.868660455241355,
            0.7887198773941302,
            0.7396492278820315,
            0.5746535933681503,
            0.5746441701302257,
            0.5376307829993178,
            0.8378355335328417,
            0.7405624375531694,
            0.7799352667682274
        ],
        "converged": true,
        "confidence_intervals": {
            "w_p": [
                -10.4940255110124,
                10.649533511108299
            ],
            "delta": [
                -2.683032594813853,
                2.692634362702001
            ]
        }
    },
    "Weber Two-Stage": {
        "model_name": "bayes_weber_sequential",
        "params": {
            "r_div_q": 0.01,
            "delta": -0.003674448085982758
        },
        "steady_state_weight": 0.9999000099990001,
        "mode": "sequential",
        "model_type": "weber",
        "r_squared": 0.765068519007597,
        "aic": -113.00254260117336,
        "bic": -110.20014783784904,
        "n_params": 2,
        "mse": 0.020239195948242746,
        "rmse": 0.14226452807443865,
        "predictions": [
            0.24890373012867234,
            0.4784971623467517,
            0.39136718736317067,
            0.33821989279160364,
            0.16182625205572743,
            0.16180436313747043,
            0.1227814131437594,
            0.44477522816361414,
            0.33921051577949,
            0.3818199039515159,
            0.48548283344285825,
            0.7724803280911178,
            0.6635673879842677,
            0.5971381284248509,
            0.37664092255629683,
            0.3766136063609193,
            0.327837721151138,
            0.7303427415075019,
            0.5983692436227527,
            0.6516356137326463,
            0.6474366479036749,
            0.8770347338118886,
            0.7899005039808245,
            0.7367530060472044,
            0.5603625756754257,
            0.5603372812530804,
            0.5213147054709387,
            0.8433248329164891,
            0.7377441104066874,
            0.7803529581035099
        ],
        "converged": true,
        "confidence_intervals": {
            "r_div_q": [
                -29.622814949041327,
                29.64281494904133
            ],
            "delta": [
                -2.7530156813520934,
                2.745666785180128
            ]
        }
    },
    "Linear Regression": {
        "model_name": "linear",
        "params": {
            "slope": 1.2494947959607248,
            "intercept": -0.1543770688289887
        },
        "steady_state_weight": null,
        "mode": "linear",
        "model_type": "linear",
        "log_likelihood": null,
        "r_squared": 0.8033487514962612,
        "aic": -118.33811568686086,
        "bic": -115.53572092353654,
        "n_params": 2,
        "mse": 0.0169413785462939,
        "rmse": 0.13015905095802557,