model,scope,k,aic,rmse_to_llm,r2_to_llm,r2_to_truth,rmse_vs_truth,bias_vs_truth,aic_weight
Combo_NonOracle,overall,0.0,-750.6688697419398,0.08190218858087049,0.8042837805319911,0.7100257191008366,0.11338006599074196,0.033033199667141404,0.8509890189294909
EmpiricalLinear,overall,2.0,-747.1840915702069,0.08176164997851956,0.8049548757853243,0.7073328145247031,0.11390531276820341,0.03550798610967064,0.14900951141349839
Combo_Oracle,overall,0.0,-724.1306188291155,0.08947744205993466,0.766405332552042,0.7231463368009736,0.11078529092619582,-1.021405182655144e-16,1.469657010439886e-06
Equal,overall,0.0,-678.1778382598987,0.10428864471889279,0.6826709356093615,0.6561464086782658,0.12346496785780693,0.0021015151474263805,1.544174854102903e-16
LLM(Combined),overall,,,0.0,1.0,0.7309536781569199,0.10921203383022099,0.033589999999999995,
