model,scope,k,aic,rmse_to_llm,r2_to_llm,r2_to_truth,rmse_vs_truth,bias_vs_truth,aic_weight
EmpiricalLinear,overall,3.0,-776.2981648411148,0.07370677556897534,0.9125758349194131,0.7260323916604801,0.1102029546219768,-0.07666066666666652,0.9939804062899269
Equal,overall,0.0,-766.076719972189,0.07780192799667628,0.9025913808928107,0.793951765439389,0.0955714286454552,-0.05381400000000001,0.005995415297253969
Bayes(range),overall,0.0,-755.0501396997748,0.0807147617536155,0.895161063565005,0.805479803493172,0.092859422622778,-0.06048258889612191,2.4178412819002277e-05
Bayes(stimulus),overall,0.0,-698.4584172802251,0.0974715513753716,0.8471123430680658,0.7592784393778662,0.10330019095816703,-0.045458743279545216,1.2436306137666784e-17
LLM(Combined),overall,,,0.0,1.0,0.6601743248600476,0.12273593160385701,-0.07666066666666665,
