{
  "empirical_linear": {
    "a_txt": 0.5808580348056784,
    "a_img": 0.4522900137089111,
    "intercept": -0.03355189681674852,
    "w_txt_norm": 0.5622214895927145,
    "w_img_norm": 0.4377785104072857
  }
}