range_category,w_img_bayes,w_txt_bayes
short,0.20697214964396582,0.7930278503560342
medium,0.5443380479896522,0.45566195201034776
long,0.3619132517943132,0.6380867482056868
