{
    "Basic Single-Stage": {
        "model_name": "bayes_basic_single",
        "params": {
            "w_p": 0.0,
            "delta": 0.8800000000000001
        },
        "steady_state_weight": null,
        "mode": "single",
        "model_type": "basic",
        "r_squared": -0.12409946016731133,
        "aic": 209.9310910198629,
        "bic": 212.7334857831872,
        "n_params": 2,
        "mse": 957.5421104000001,
        "rmse": 30.94417732627578,
        "predictions": [
            1.5300000000000002,
            1.7600000000000002,
            1.6700000000000002,
            1.62,
            1.4400000000000002,
            1.5300000000000002,
            1.7600000000000002,
            1.6700000000000002,
            1.62,
            1.4400000000000002,
            1.37,
            1.6600000000000001,
            1.5500000000000003,
            1.48,
            1.2600000000000002,
            1.37,
            1.6600000000000001,
            1.5500000000000003,
            1.48,
            1.2600000000000002,
            1.1300000000000001,
            1.36,
            1.27,
            1.2200000000000002,
            1.04,
            1.1300000000000001,
            1.36,
            1.27,
            1.2200000000000002,
            1.04
        ],
        "converged": true,
        "confidence_intervals": {
            "w_p": [
                -1.96,
                1.96
            ],
            "delta": [
                -1.0799999999999998,
                2.84
            ]
        }
    },
    "Basic Two-Stage": {
        "model_name": "bayes_basic_sequential",
        "params": {
            "r_div_q": 0.01,
            "delta": 0.8800000000000001
        },
        "steady_state_weight": 0.9999000099990001,
        "mode": "sequential",
        "model_type": "basic",
        "r_squared": -0.12409956286793,
        "aic": 209.93109376073997,
        "bic": 212.73348852406428,
        "n_params": 2,
        "mse": 957.5421978835108,
        "rmse": 30.944178739845572,
        "predictions": [
            1.5300000000000002,
            1.7599770045990295,
            1.6700089959013698,
            1.6200049998996602,
            1.44001799690079,
            1.5299910035988806,
            1.7599770036993903,
            1.6700089959012798,
            1.6200049998996602,
            1.44001799690079,
            1.37,
            1.6599710057987762,
            1.5500109949017096,
            1.4800069996996204,
            1.2600219963009298,
            1.3699890043986405,
            1.6599710046992102,
            1.5500109949015997,
            1.4800069996996204,
            1.2600219963009298,
            1.1300000000000001,
            1.3599770045990294,
            1.2700089959013696,
            1.2200049998996603,
            1.0400179969007899,
            1.1299910035988805,
            1.3599770036993903,
            1.2700089959012797,
            1.2200049998996603,
            1.0400179969007899
        ],
        "converged": true,
        "confidence_intervals": {
            "r_div_q": [
                -1.950084802061971,
                1.970084802061971
            ],
            "delta": [
                -0.5058980971238096,
                2.26589809712381
            ]
        }
    },
    "Weber Single-Stage": {
        "model_name": "bayes_weber_single",
        "params": {
            "w_p": 0.0,
            "delta": 0.8800000000000001
        },
        "steady_state_weight": null,
        "mode": "single",
        "model_type": "weber",
        "r_squared": -0.12106292371850613,
        "aic": 209.84994219110365,
        "bic": 212.65233695442797,
        "n_params": 2,
        "mse": 954.9554962946409,
        "rmse": 30.902354219292757,
        "predictions": [
            1.5670862200708933,
            2.1215931525468514,
            1.9046121789693025,
            1.784067193648442,
            1.3501052464933443,
            1.5670862200708933,
            2.1215931525468514,
            1.9046121789693025,
            1.784067193648442,
            1.3501052464933443,
            1.1813422670441396,
            1.8805031819051305,
            1.6153042141992375,
            1.4465412347500326,
            0.9161432993382462,
            1.1813422670441396,
            1.8805031819051305,
            1.6153042141992375,
            1.4465412347500326,
            0.9161432993382462,
            0.6027263375040088,
            1.1572332699799672,
            0.9402522964024184,
            0.8197073110815578,
            0.3857453639264601,
            0.6027263375040088,
            1.1572332699799672,
            0.9402522964024184,
            0.8197073110815578,
            0.3857453639264601
        ],
        "converged": true,
        "confidence_intervals": {
            "w_p": [
                -1.96,
                1.96
            ],
            "delta": [
                -1.0799999999999998,
                2.84
            ]
        }
    },
    "Weber Two-Stage": {
        "model_name": "bayes_weber_sequential",
        "params": {
            "r_div_q": 0.01,
            "delta": 0.8800000000000001
        },
        "steady_state_weight": 0.9999000099990001,
        "mode": "sequential",
        "model_type": "weber",
        "r_squared": -0.12106327615461798,
        "aic": 209.8499516224045,
        "bic": 212.6523463857288,
        "n_params": 2,
        "mse": 954.9557965104406,
        "rmse": 30.902359076783128,
        "predictions": [
            1.5670862200708933,
            2.121528892859101,
            1.9046327178528746,
            1.7840788579925762,
            1.3501428695880404,
            1.5670628741442887,
            2.1215288896986273,
            1.9046327178525908,
            1.7840788579925762,
            1.3501428695880404,
            1.1813422670441396,
            1.8804157790776184,
            1.6153287571927475,
            1.4465571961311898,
            0.9161851385095089,
            1.1813122451157378,
            1.8804157742990577,
            1.6153287571923372,
            1.4465571961311898,
            0.9161851385095089,
            0.6027263375040088,
            1.1571577984514816,
            0.9402718098846912,
            0.8197185570698409,
            0.38577443608279416,
            0.6026994492155356,
            1.1571577932896062,
            0.9402718098842717,
            0.8197185570698409,
            0.38577443608279416
        ],
        "converged": true,
        "confidence_intervals": {
            "r_div_q": [
                -1.95,
                1.97
            ],
            "delta": [
                -1.0799999999999998,
                2.84
            ]
        }
    },
    "Linear Regression": {
        "model_name": "linear",
        "params": {
            "slope": 43.405104886241155,
            "intercept": -11.732643724781868
        },
        "steady_state_weight": null,
        "mode": "linear",
        "model_type": "linear",
        "log_likelihood": null,
        "r_squared": 0.09306292221114754,
        "aic": 203.4911578118859,
        "bic": 206.2935525752102,
        "n_params": 2,
        "mse": 772.5565879523591,
        "rmse": 27.794902193610238,
        "predictions": "[16.48067445 26.46384858 22.55738914 20.38713389 12.57421501 16.48067445\n 26.46384858 22.55738914 20.38713389 12.57421501  9.53585767 22.12333809\n 17.34877655 14.31041921  4.76129613  9.53585767 22.12333809 17.34877655\n 14.31041921  4.76129613 -0.8813675   9.10180662  5.19534718  3.02509194\n -4.78782694 -0.8813675   9.10180662  5.19534718  3.02509194 -4.78782694]",
        "converged": true,
        "confidence_intervals": {}
    }
}