range_category,regression_angle,scalar_variability,short_vs_medium_t,medium_vs_long_t,response_autocorr,stimulus_autocorr
short,14.408601924534471,0.09360993171531322,,,0.4074107337462497,0.23502816576403177
medium,5.706513540878445,0.11169989632995501,,1.829268292682926,0.04175783218194061,0.23525030686203605
long,-2.059405905875126,0.03468502771285389,,,-0.318018233521822,0.23502816576403165
