model,scope,k,aic,rmse_to_llm,r2_to_llm,r2_to_truth,rmse_vs_truth,bias_vs_truth,aic_weight
EmpiricalLinear,overall,2.0,-838.2213379301933,0.060361459834994025,0.8729566023381062,0.46044062521204676,0.15465949463821096,-0.11719430312175741,0.9988626578467871
Combo_NonOracle,overall,0.0,-824.6654915085444,0.063999182328759,0.8571824819023155,0.540508306999788,0.14272360194041683,-0.10306259172720293,0.0011373421338010839
Equal,overall,0.0,-788.893346908232,0.07210409142344143,0.8187189331804288,0.5927441407184084,0.1343663859254489,-0.09099000000000002,1.9411925923703692e-11
Combo_Oracle,overall,0.0,-589.7621209284713,0.14003348079147615,0.31625148023078853,0.7898801541402767,0.09651404153870384,-2.4424906541753444e-17,1.1149934510531004e-54
LLM(Combined),overall,,,0.0,1.0,0.42033414954796844,0.16030454038069747,-0.12505666666666665,
