model,scope,k,aic,rmse_to_llm,r2_to_llm,r2_to_truth,rmse_vs_truth,bias_vs_truth,aic_weight
Equal,overall,0.0,-732.7471071092215,0.08271642402039082,0.853957619249879,0.7836012025888187,0.09855920459746188,-0.08593183673469387,0.4302116380226301
EmpiricalLinear,overall,2.0,-732.4653534467049,0.08167688883977711,0.8576053161281809,0.776377230310666,0.10019078504786211,-0.0868198744264634,0.3736802322802556
Combo_NonOracle,overall,0.0,-731.1050083832616,0.08317971846947653,0.8523170718346379,0.7841399391578872,0.09843644389634726,-0.08575062761404541,0.18928009574618168
Combo_Oracle,overall,0.0,-724.4606261255731,0.08508097834380036,0.8454886621727736,0.9442832581351456,0.0500106644451079,-5.437827059388522e-17,0.006828033950932615
LLM(Combined),overall,,,0.0,1.0,0.8761376910901263,0.07456574377163877,-0.0442651700680272,
