{
  "empirical_linear": {
    "w_txt_norm": 0.6078855708182831,
    "w_img_norm": 0.39211442918171696
  },
  "combo_oracle": {
    "w_txt_norm": 0.4423446371645554,
    "w_img_norm": 0.5576553628354446
  },
  "combo_non_oracle": {
    "w_txt_norm": 0.4779853382352645,
    "w_img_norm": 0.5220146617647354
  }
}