range_category,w_img_bayes,w_txt_bayes
short,0.46348631403634805,0.5365136859636519
medium,0.6035891627461316,0.3964108372538684
long,0.4011065812726762,0.5988934187273238
