llm_model,response_systematic_sqdiff
GPT-5 Mini,0.002415242800000004
anthropic_claude-3.7-sonnet,0.003316000000000002
gemma-3-4b-it,0.0279055482
google_gemini-2.5-flash-lite,0.003270399999999999
meta-llama_llama-4-maverick,0.012037255925925925
microsoft_phi-4-multimodal-instruct,0.01284306666666666
mistralai_mistral-small-3.2-24b-instruct,0.005392691147150416
openai_gpt-4o-2024-08-06,0.011364933333333334
qwen_qwen2.5-vl-32b-instruct,0.010009404029365922
