llm_model,nrmse,bayes_var,seq_var,score
GPT-5 Mini,0.26199644454307586,0.08697044683528728,0.06987738318183014,0.8545379978459589
anthropic_claude-3.7-sonnet,0.4087431105690294,0.10799640673663398,0.026477545990338476,0.7575809729656107
gemma-3-4b-it,1.1777278997979863,0.15081191495840393,0.041999924462124534,0.5034632287219953
google_gemini-2.5-flash-lite,1.6900059629159552,0.02899058837783956,0.1511435286936661,0.4052284915213068
meta-llama_llama-4-maverick,0.7583833824071738,0.10247696008960382,0.11228175245071476,0.6297712815928631
microsoft_phi-4-multimodal-instruct,1.121108100472066,0.14639265428453907,0.029614799614599566,0.5129411964941473
mistralai_mistral-small-3.2-24b-instruct,0.7101718265064996,0.102215742194665,0.042662854176177975,0.6270944717737376
openai_gpt-4o-2024-08-06,0.5782808760440481,0.11648852979611549,0.10740981396635398,0.7045318667665345
qwen_qwen2.5-vl-32b-instruct,0.9011011973197155,0.0832447579324511,0.0556599910154341,0.5625436331225921
