model,scope,k,aic,rmse_to_llm,r2_to_llm,r2_to_truth,rmse_vs_truth,bias_vs_truth,aic_weight
EmpiricalLinear,overall,3.0,-32.948120657077986,0.8782472940971465,0.8233657788295808,0.8904305661281309,0.6718573713579141,0.008976666666670411,0.9998292961624622
Bayes(range),overall,0.0,-15.516488074649573,0.9495931712331398,0.7935017513725041,0.8878513295645921,0.6797190506792411,-0.29712001982486413,0.00016394377740408888
Equal,overall,0.0,-8.985246546562902,0.9704932594648283,0.7843118657761401,0.8785123194663254,0.7074544746248106,-0.27285666666666664,6.258263711737058e-06
Bayes(stimulus),overall,0.0,-3.93831942743782,0.986958061408777,0.776931316426958,0.8208445919287609,0.8591071605415074,-0.34910216807259575,5.017964220708232e-07
LLM(Combined),overall,,,0.0,1.0,0.8422240052941882,0.8062186512768523,0.008976666666666728,
