{
  "empirical_linear": {
    "a_txt": 0.2526926217853671,
    "a_img": 0.8016545959017997,
    "intercept": 0.13591868504273286,
    "w_txt_norm": 0.23966736720724482,
    "w_img_norm": 0.7603326327927551
  }
}