range_category,w_img_bayes,w_txt_bayes
short,0.2844354588273521,0.7155645411726479
medium,0.8011487679589983,0.19885123204100175
long,0.616365473982081,0.38363452601791903
