range_category,regression_angle,scalar_variability,short_vs_medium_t,medium_vs_long_t,response_autocorr,stimulus_autocorr
short,22.85741864927061,0.19929959164236577,,,0.04083490423153981,0.23502816576403177
medium,6.672263560089306,0.21237943947613538,,2.560975609756095,0.10778207827589088,0.23525030686203605
long,1.9132069537756922,0.08711264876123394,,,-0.3524191062430194,0.23502816576403165
