model,scope,k,aic,rmse_to_llm,r2_to_llm,r2_to_truth,rmse_vs_truth,bias_vs_truth,aic_weight
Combo_Oracle,overall,0.0,-860.6508664993354,0.05676494996428679,0.9992141096964242,0.999441367894854,0.04797282826389347,-9.725553695716371e-16,0.9846437027691063
EmpiricalLinear,overall,2.0,-852.3293559784535,0.05758856894762697,0.9991911388344111,0.9994292687950713,0.04848955368966957,0.005791109163015806,0.015356281248912548
Combo_NonOracle,overall,0.0,-824.7782095008819,0.06397514064777483,0.999001785416695,0.9992186494784178,0.0567355580291887,0.007925633495028235,1.598198118029045e-08
Equal,overall,0.0,-490.82195329020277,0.1947432649962112,0.9907503285759288,0.9908805362470353,0.19382822929959787,0.020042476798649546,4.852337276885942e-81
LLM(Combined),overall,,,0.0,1.0,0.9997624224519603,0.031284921924575,-0.0010597071333332956,
