{
  "empirical_linear": {
    "w_txt_norm": 0.9941234801607391,
    "w_img_norm": 0.005876519839260806
  },
  "combo_oracle": {
    "w_txt_norm": 1.0005790295104218,
    "w_img_norm": -0.0005790295104216666
  },
  "combo_non_oracle": {
    "w_txt_norm": 0.9201152433102362,
    "w_img_norm": 0.07988475668976384
  }
}