model,scope,k,aic,rmse_to_llm,r2_to_llm,r2_to_truth,rmse_vs_truth,bias_vs_truth,aic_weight
EmpiricalLinear,overall,3.0,-788.3124387369708,0.07081332220665482,0.9221121522838462,0.8944276841693272,0.06841195313420094,0.006010000000000004,0.9999999103274799
Bayes(range),overall,0.0,-755.8568869271209,0.08049799863844509,0.8993508922022305,0.9165961112772911,0.06080651528387352,0.01731686262682411,8.961205401492627e-08
Bayes(stimulus),overall,0.0,-741.2543387922777,0.08451317868213767,0.8890598786394491,0.890484272551568,0.06967792540931005,0.025078909687455266,6.045933884680372e-11
Equal,overall,0.0,-723.0022401545459,0.08981462390204986,0.8747049612486262,0.9030494318571576,0.06555897345138954,0.02634333333333333,6.5776465489470755e-15
LLM(Combined),overall,,,0.0,1.0,0.8912226679578243,0.06944263099854439,0.006009999999999997,
