range_category,w_img_bayes,w_txt_bayes
short,0.2533235988036677,0.7466764011963323
medium,0.5662739485425705,0.4337260514574295
long,0.22908598538648017,0.7709140146135198
