{
    "Basic Single-Stage": {
        "model_name": "bayes_basic_single",
        "params": {
            "w_p": 0.5019260247990653,
            "delta": 0.020192662052377564
        },
        "steady_state_weight": null,
        "mode": "single",
        "model_type": "basic",
        "r_squared": 0.8490889032364852,
        "aic": -140.1576607695062,
        "bic": -137.3552660061819,
        "n_params": 2,
        "mse": 0.008185610222969078,
        "rmse": 0.09047436224129507,
        "predictions": [
            0.2992428260325759,
            0.4140339350971354,
            0.3704574430068056,
            0.3438901771695877,
            0.25570617986026223,
            0.2557011991205102,
            0.23619164151188962,
            0.39718907325583974,
            0.34438327040503663,
            0.36569087506413267,
            0.5440028766577495,
            0.6874930081733868,
            0.6330236382454126,
            0.5998170463187662,
            0.4895833141272954,
            0.48957833338754336,
            0.4651926315617056,
            0.6664394212416432,
            0.6004296773082634,
            0.6270666735020094,
            0.6992428260325758,
            0.8140339350971354,
            0.7704574430068055,
            0.7438901771695877,
            0.6557061798602621,
            0.6557011991205102,
            0.6361916415118896,
            0.7971890732558397,
            0.7443832704050366,
            0.7656908750641326
        ],
        "converged": true,
        "confidence_intervals": {
            "w_p": [
                -10.10863063396335,
                11.11248268356148
            ],
            "delta": [
                -1.3657366258402628,
                1.406121949945018
            ]
        }
    },
    "Basic Two-Stage": {
        "model_name": "bayes_basic_sequential",
        "params": {
            "r_div_q": 0.9094708042076303,
            "delta": 0.025657182999024083
        },
        "steady_state_weight": 0.5473042915495933,
        "mode": "sequential",
        "model_type": "basic",
        "r_squared": 0.8103562984577137,
        "aic": -133.30472452541264,
        "bic": -130.50232976208832,
        "n_params": 2,
        "mse": 0.010286516070444073,
        "rmse": 0.10142246334241775,
        "predictions": [
            0.2754771829990241,
            0.43412656801367233,
            0.4238653376258664,
            0.3856308964000835,
            0.25715002299477324,
            0.2122213009351435,
            0.17103774703292984,
            0.3668234658898185,
            0.36635769751629554,
            0.3940128169158408,
            0.5129271829990241,
            0.7112406352004821,
            0.6984162445406131,
            0.6506271836652693,
            0.4900226068654639,
            0.4338621114408133,
            0.38238443710206693,
            0.6271172040287888,
            0.6265319585391121,
            0.6611030476001255,
            0.675477182999024,
            0.8341265680136724,
            0.8238653376258664,
            0.7856308964000835,
            0.6571500229947732,
            0.6122213009351435,
            0.5710377470329299,
            0.7668234658898184,
            0.7663576975162956,
            0.7940128169158408
        ],
        "converged": true,
        "confidence_intervals": {
            "r_div_q": [
                -27.702916756341722,
                29.52185836475698
            ],
            "delta": [
                -1.3990386134775894,
                1.4503529794756373
            ]
        }
    },
    "Weber Single-Stage": {
        "model_name": "bayes_weber_single",
        "params": {
            "w_p": 0.5620314794228006,
            "delta": 0.08368040353718749
        },
        "steady_state_weight": null,
        "mode": "single",
        "model_type": "weber",
        "r_squared": 0.8733364374582301,
        "aic": -145.41165255209307,
        "bic": -142.60925778876876,
        "n_params": 2,
        "mse": 0.006870393063568688,
        "rmse": 0.08288783423137974,
        "predictions": [
            0.2899707332472746,
            0.38608512991721,
            0.3535365864442999,
            0.3316459182164626,
            0.24013077863359222,
            0.2401243029650954,
            0.2127831118949538,
            0.3739336373010092,
            0.3320691795912019,
            0.34973802485725414,
            0.5602825610132779,
            0.6866890483093826,
            0.6424530908590038,
            0.6134495720943651,
            0.5013187190928409,
            0.5013129106934036,
            0.47176348961679565,
            0.6700347010934933,
            0.6140006469153351,
            0.6373744434902904,
            0.7352064918939563,
            0.8397459158695039,
            0.8021155198824202,
            0.7780165401174856,
            0.6901304308543591,
            0.6901250565399868,
            0.6686461003224818,
            0.8254603495537588,
            0.7784725653724032,
            0.7978604360987095
        ],
        "converged": true,
        "confidence_intervals": {
            "w_p": [
                -9.171396902205261,
                10.295459861050864
            ],
            "delta": [
                -2.329836609992554,
                2.497197417066929
            ]
        }
    },
    "Weber Two-Stage": {
        "model_name": "bayes_weber_sequential",
        "params": {
            "r_div_q": 0.8117038256555352,
            "delta": 0.06429337725374515
        },
        "steady_state_weight": 0.6028224991248845,
        "mode": "sequential",
        "model_type": "weber",
        "r_squared": 0.8063954731250964,
        "aic": -132.68466916836533,
        "bic": -129.88227440504102,
        "n_params": 2,
        "mse": 0.010501356284513116,
        "rmse": 0.10247612543667484,
        "predictions": [
            0.2664094164434637,
            0.4253314654987238,
            0.4208674777556114,
            0.37940671659436764,
            0.22118775576204938,
            0.18691825541976204,
            0.1466791544739603,
            0.3297691262353436,
            0.3523284043204364,
            0.39019598868606126,
            0.5196273340104435,
            0.7245664719565038,
            0.7146303553078801,
            0.6617626744238294,
            0.4705131014017004,
            0.4230215754599275,
            0.3719608072945948,
            0.6200919800402497,
            0.6340224300453284,
            0.6770267039313579,
            0.6929715012056954,
            0.8611356631561334,
            0.8502675378679213,
            0.8072990729250612,
            0.6580057046760094,
            0.6173429725020432,
            0.5758539172233119,
            0.7845817167971131,
            0.7880448062290529,
            0.8202231209684706
        ],
        "converged": true,
        "confidence_intervals": {
            "r_div_q": [
                -193.87445805350606,
                195.49786570481714
            ],
            "delta": [
                -2.613494116924495,
                2.7420808714319858
            ]
        }
    },
    "Linear Regression": {
        "model_name": "linear",
        "params": {
            "slope": 0.9709957690937635,
            "intercept": 0.03543131555941828
        },
        "steady_state_weight": null,
        "mode": "linear",
        "model_type": "linear",
        "log_likelihood": null,
        "r_squared": 0.7705344280025348,
        "aic": -127.58705214853944,
        "bic": -124.78465738521513,
        "n_params": 2,
        "mse": 0.012446505076464408,
        "rmse": 0.1115639057960253,