range_category,regression_angle,scalar_variability,short_vs_medium_t,medium_vs_long_t,response_autocorr,stimulus_autocorr
short,23.570016564636603,0.1842963700463672,,,0.08472385318467433,0.23502816576403177
medium,10.410999061630415,0.23038807734001007,,2.354838709677418,-0.23802399437028654,0.23525030686203605
long,20.727117401234036,0.17716217602875386,,,0.03179626701821349,0.23502816576403165
