{
  "per_range": {
    "regression_effect": {
      "long": {
        "regression_angle": 42.19759874875211,
        "slope": 0.9066682652439338,
        "intercept": -0.043971905215558826,
        "r_squared": 0.4342733626324818,
        "p_value": 1.959076946219479e-07,
        "regression_strength": 0.09333173475606615,
        "regression_strength_angular": 0.0622755833610643
      },
      "medium": {
        "regression_angle": 41.20461915443918,
        "slope": 0.8755762379177788,
        "intercept": 0.013616016429389532,
        "r_squared": 0.36629514994607143,
        "p_value": 3.224654277266669e-06,
        "regression_strength": 0.12442376208222117,
        "regression_strength_angular": 0.08434179656801824
      },
      "short": {
        "regression_angle": 20.686824618352883,
        "slope": 0.37760574695075955,
        "intercept": 0.22567628401733686,
        "r_squared": 0.3988628330886838,
        "p_value": 8.744872246294297e-07,
        "regression_strength": 0.6223942530492405,
        "regression_strength_angular": 0.5402927862588248
      }
    },
    "weber_law": {
      "long": {
        "mean_cv": 0.12752093797777628,
        "cv_magnitude_correlation": -0.40691453711215364,
        "bin_magnitudes": [
          0.5455462499999999,
          0.63481125,
          0.72407625,
          0.76870875,
          0.8133412499999999,
          0.85797375
        ],
        "coefficient_variations": [
          0.2505423402757297,
          0.0,
          0.2537630221122774,
          0.2608202654786505,
          0.0,
          0.0
        ],
        "p_value": 0.4233165350276283
      },
      "medium": {
        "mean_cv": 0.25844849858083746,
        "cv_magnitude_correlation": 0.024269601131691798,
        "bin_magnitudes": [
          0.356935,
          0.468515,
          0.580095,
          0.635885,
          0.691675,
          0.747465
        ],
        "coefficient_variations": [
          0.26964744052353995,
          0.05266563052934294,
          0.5086143031977889,
          0.22821773229381917,
          0.4564354645876384,
          0.03511042035289529
        ],
        "p_value": 0.9636027458642897
      },
      "short": {
        "mean_cv": 0.057405886644031394,
        "cv_magnitude_correlation": -0.7514691493021797,
        "bin_magnitudes": [
          0.14554625,
          0.23481125,
          0.32407625,
          0.36870875000000003,
          0.41334125,
          0.45797374999999996
        ],
        "coefficient_variations": [
          0.3444353198641882,
          0.0,
          1.6718254612270006e-16,
          0.0,
          0.0,
          0.0
        ],
        "p_value": 0.08497580055558138
      }
    },
    "sequential_effect": [
      {
        "range_category": "long",
        "n_runs": 5,
        "N_total": 50,
        "r_resp_mean": 0.12208335236984802,
        "r_stim_mean": 0.23521755130669839,
        "r_resp_weighted": 0.12263498815094998,
        "r_stim_weighted": 0.23521755130669839
      },
      {
        "range_category": "medium",
        "n_runs": 5,
        "N_total": 50,
        "r_resp_mean": -0.4693328205270305,
        "r_stim_mean": 0.23520721737985428,
        "r_resp_weighted": -0.4882084333030561,
        "r_stim_weighted": 0.23520721737985426
      },
      {
        "range_category": "short",
        "n_runs": 5,
        "N_total": 50,
        "r_resp_mean": -0.4121212121212121,
        "r_stim_mean": 0.23521755130669836,
        "r_resp_weighted": -0.4128303647439069,
        "r_stim_weighted": 0.23521755130669833
      }
    ]
  },
  "overall": {
    "range_effect": {
      "range_analyses_by_category": {
        "short": {
          "slope": 0.37760574695075955,
          "regression_strength": 0.6223942530492405,
          "r_squared": 0.3988628330886838,
          "mean_stimulus_magnitude": 0.30805599999999994
        },
        "medium": {
          "slope": 0.8755762379177788,
          "regression_strength": 0.12442376208222117,
          "r_squared": 0.36629514994607143,
          "mean_stimulus_magnitude": 0.5600700000000001
        },
        "long": {
          "slope": 0.9066682652439338,
          "regression_strength": 0.09333173475606615,
          "r_squared": 0.4342733626324818,
          "mean_stimulus_magnitude": 0.7080560000000001
        }
      },
      "correlation_analysis": {
        "correlation_magnitude_regression": -0.9485495687573364,
        "p_value": 0.20510181374681177,
        "interpretation": "Regression strength decreases with stimulus magnitude (r=-0.949)"
      },
      "pairwise_comparison_on_overlap": {
        "short_vs_medium": {
          "categories": [
            "medium",
            "short"
          ],
          "error": "Insufficient data in common bins for t-test.",
          "t_statistic": NaN,
          "p_value": NaN,
          "is_significant": false,
          "n_overlapping_bins": 0
        },
        "short_vs_long": {
          "error": "No overlapping data found or insufficient data after binning for short vs long."
        },
        "medium_vs_long": {
          "categories": [
            "long",
            "medium"
          ],
          "t_statistic": -8.500000000000002,
          "p_value": 0.07455374230841036,
          "is_significant": false,
          "n_overlapping_bins": 2,
          "mean_long": 0.54,
          "mean_medium": 0.71
        }
      }
    }
  }
}