model,scope,k,aic,rmse_to_llm,r2_to_llm,r2_to_truth,rmse_vs_truth,bias_vs_truth,aic_weight
EmpiricalLinear,overall,3.0,-739.8744760389051,0.08322160798339777,0.2771401338311503,-0.5037087083270584,0.25818964642823106,-0.17319000000000007,1.0
Equal,overall,0.0,-553.4559693926826,0.158048515758084,-1.607130382264082,0.06362319034844433,0.20374280928006597,-0.06312333333333331,3.309296038715129e-41
Bayes(range),overall,0.0,-530.0943317701464,0.1708479830427805,-2.0465030653685163,0.06517052401924517,0.2035744003382728,-0.03745167432752184,2.7978244788610134e-46
Bayes(stimulus),overall,0.0,-487.6115570684537,0.1968384658500983,-3.043913434095696,-0.17270109330856087,0.22800828626566702,-0.0648815207736627,1.6664916853209038e-55
LLM(Combined),overall,,,0.0,1.0,-0.7838038054324565,0.28120983683600637,-0.17319,
