range_category,w_img_bayes,w_txt_bayes
short,0.26645606240391934,0.7335439375960806
medium,0.21811894855311387,0.7818810514468861
long,0.5100103025551158,0.4899896974448842
