{
  "per_range": {
    "regression_effect": {
      "long": {
        "regression_angle": 31.592909549577325,
        "slope": 0.6150335289205883,
        "intercept": 0.10852550984777748,
        "r_squared": 0.3681578040193365,
        "p_value": 2.9978084043943547e-06,
        "regression_strength": 0.38496647107941173,
        "regression_strength_angular": 0.29793534334272614
      },
      "medium": {
        "regression_angle": 25.641973722696445,
        "slope": 0.48002078533266146,
        "intercept": 0.18515475875873627,
        "r_squared": 0.37016210734544447,
        "p_value": 2.7708909576851363e-06,
        "regression_strength": 0.5199792146673385,
        "regression_strength_angular": 0.4301783617178568
      },
      "short": {
        "regression_angle": 31.89490885880997,
        "slope": 0.6223219027603716,
        "intercept": 0.1404937378546675,
        "r_squared": 0.32232948046247073,
        "p_value": 1.7086194004044206e-05,
        "regression_strength": 0.3776780972396284,
        "regression_strength_angular": 0.29122424758200066
      }
    },
    "weber_law": {
      "long": {
        "mean_cv": 0.09996385407176704,
        "cv_magnitude_correlation": -0.6599387076346817,
        "bin_magnitudes": [
          0.54551875,
          0.63479375,
          0.72406875,
          0.7687062499999999,
          0.81334375,
          0.8579812499999999
        ],
        "coefficient_variations": [
          0.16907655348836512,
          0.08383642831611308,
          0.15634719199411432,
          0.05892556509887894,
          0.04721746185389357,
          0.08437992367923733
        ],
        "p_value": 0.1537998938355499
      },
      "medium": {
        "mean_cv": 0.12399271561602143,
        "cv_magnitude_correlation": -0.4394826358268951,
        "bin_magnitudes": [
          0.3569,
          0.4685,
          0.5801000000000001,
          0.6358999999999999,
          0.6917,
          0.7475
        ],
        "coefficient_variations": [
          0.17182719823606382,
          0.085983819282968,
          0.235858755047696,
          0.08408643482754531,
          0.10400316174417623,
          0.06219692455767918
        ],
        "p_value": 0.38321798029390125
      },
      "short": {
        "mean_cv": 0.13186926209324565,
        "cv_magnitude_correlation": -0.42212460569213006,
        "bin_magnitudes": [
          0.14551875,
          0.23479374999999997,
          0.32406874999999996,
          0.36870624999999996,
          0.41334374999999995,
          0.45798125
        ],
        "coefficient_variations": [
          0.19069179402512104,
          0.08720351843349498,
          0.17053802409270755,
          0.11579423344135019,
          0.09134140290429486,
          0.13564659966250536
        ],
        "p_value": 0.4044221107112126
      }
    },
    "sequential_effect": [
      {
        "range_category": "long",
        "n_runs": 5,
        "N_total": 50,
        "r_resp_mean": 0.49254298990925277,
        "r_stim_mean": 0.23502816576403168,
        "r_resp_weighted": 0.4945287198931326,
        "r_stim_weighted": 0.23502816576403165
      },
      {
        "range_category": "medium",
        "n_runs": 5,
        "N_total": 50,
        "r_resp_mean": 0.12121660028198347,
        "r_stim_mean": 0.23525030686203605,
        "r_resp_weighted": 0.12325511326559033,
        "r_stim_weighted": 0.23525030686203605
      },
      {
        "range_category": "short",
        "n_runs": 5,
        "N_total": 50,
        "r_resp_mean": 0.8043396280951596,
        "r_stim_mean": 0.2350281657640318,
        "r_resp_weighted": 0.8181252602928155,
        "r_stim_weighted": 0.23502816576403177
      }
    ]
  },
  "overall": {
    "range_effect": {
      "range_analyses_by_category": {
        "short": {
          "slope": 0.6223219027603716,
          "regression_strength": 0.3776780972396284,
          "r_squared": 0.32232948046247073,
          "mean_stimulus_magnitude": 0.30805000000000005
        },
        "medium": {
          "slope": 0.48002078533266146,
          "regression_strength": 0.5199792146673385,
          "r_squared": 0.37016210734544447,
          "mean_stimulus_magnitude": 0.56007
        },
        "long": {
          "slope": 0.6150335289205883,
          "regression_strength": 0.38496647107941173,
          "r_squared": 0.3681578040193365,
          "mean_stimulus_magnitude": 0.7080500000000001
        }
      },
      "correlation_analysis": {
        "correlation_magnitude_regression": 0.19332058633356877,
        "p_value": 0.8761485156288327,
        "interpretation": "Regression strength increases with stimulus magnitude (r=0.193)"
      },
      "pairwise_comparison_on_overlap": {
        "short_vs_medium": {
          "categories": [
            "medium",
            "short"
          ],
          "error": "Insufficient data in common bins for t-test.",
          "t_statistic": NaN,
          "p_value": NaN,
          "is_significant": false,
          "n_overlapping_bins": 0
        },
        "short_vs_long": {
          "error": "No overlapping data found or insufficient data after binning for short vs long."
        },
        "medium_vs_long": {
          "categories": [
            "long",
            "medium"
          ],
          "t_statistic": 0.5326086956521735,
          "p_value": 0.6884427446896118,
          "is_significant": false,
          "n_overlapping_bins": 2,
          "mean_long": 0.6399999999999999,
          "mean_medium": 0.542
        }
      }
    }
  }
}