range_category,regression_angle,scalar_variability,short_vs_medium_t,medium_vs_long_t,response_autocorr,stimulus_autocorr
short,41.13245720330963,0.20641221686770492,,,-0.10554595078152305,0.24718809267831113
medium,17.407700793903235,0.12981940413331744,,,-0.4069346001667485,0.217956842254054
long,24.32115880966498,0.033006643428264336,,,0.14784204542523413,0.21906490146470325
