range_category,regression_angle,scalar_variability,short_vs_medium_t,medium_vs_long_t,response_autocorr,stimulus_autocorr
short,44.09235163182864,0.08840932889515986,,,0.10558716418447249,0.24718809267831113
medium,47.25151405908792,0.11583948254708001,,,0.06162061229717662,0.217956842254054
long,29.298174475967524,0.07097697389785186,,,-0.20111299099653565,0.21906490146470325
