model,scope,k,aic,rmse_to_llm,r2_to_llm,r2_to_truth,rmse_vs_truth,bias_vs_truth,aic_weight
Combo_NonOracle,overall,0.0,-823.348701413236,0.06428071136590761,0.8709676153759848,0.47145523865217787,0.15307273844335628,-0.07651864541305345,0.7217058559232634
EmpiricalLinear,overall,2.0,-821.4179763235201,0.06383885544244568,0.8727354169570615,0.4900373687137548,0.15035786212276228,-0.07100809971270848,0.27485813978932316
Equal,overall,0.0,-812.6540846088349,0.0666135713075059,0.8614320440696237,0.43811377790663386,0.15782694745108083,-0.08494230880033332,0.0034360042874135247
Combo_Oracle,overall,0.0,-746.4903164244644,0.08305094578726709,0.7846095021429371,0.6047903589374719,0.13236425836981325,-2.486899575160351e-16,1.4749387472548933e-17
LLM(Combined),overall,,,0.0,1.0,0.45906665519278445,0.15485628706853244,-0.05483422221866667,
