range_category,regression_angle,scalar_variability,short_vs_medium_t,medium_vs_long_t,response_autocorr,stimulus_autocorr
short,51.311798970557795,0.24148210311905685,,,0.3096063898396995,0.23502816576403177
medium,52.22881818692905,0.14939530196778975,,1.1500000000000017,0.26966889611570494,0.23525030686203605
long,53.14491002058181,0.08499089438462105,,,0.415399577007036,0.23502816576403165
