range_category,regression_angle,scalar_variability,short_vs_medium_t,medium_vs_long_t,response_autocorr,stimulus_autocorr
short,3.606498301775399,0.045889440679739046,,,-0.2826012923267998,0.23521755130669833
medium,14.118719987070516,0.08234468761179015,,-1.131868131868132,-0.4194425459365536,0.23520721737985426
long,19.05589442204678,0.08779727012087137,,,0.16089921931334117,0.23521755130669839
