{
  "per_range": {
    "regression_effect": {
      "long": {
        "regression_angle": 19.05589442204678,
        "slope": 0.34541918369134134,
        "intercept": 0.34242387447224365,
        "r_squared": 0.21212858458936418,
        "p_value": 0.0007634866342451416,
        "regression_strength": 0.6545808163086586,
        "regression_strength_angular": 0.5765356795100716
      },
      "medium": {
        "regression_angle": 14.118719987070516,
        "slope": 0.251530006403361,
        "intercept": 0.4285255893136696,
        "r_squared": 0.15308594153220917,
        "p_value": 0.004959906954815543,
        "regression_strength": 0.748469993596639,
        "regression_strength_angular": 0.6862506669539885
      },
      "short": {
        "regression_angle": 3.606498301775399,
        "slope": 0.06302853376091491,
        "intercept": 0.48358368200374763,
        "r_squared": 0.024380599965367972,
        "p_value": 0.2788840776627067,
        "regression_strength": 0.9369714662390851,
        "regression_strength_angular": 0.9198555932938801
      }
    },
    "weber_law": {
      "long": {
        "mean_cv": 0.08779727012087137,
        "cv_magnitude_correlation": -0.3681710392276163,
        "bin_magnitudes": [
          0.5455462499999999,
          0.63481125,
          0.72407625,
          0.76870875,
          0.8133412499999999,
          0.85797375
        ],
        "coefficient_variations": [
          0.20327890704543541,
          0.0,
          0.10511966892547162,
          0.10687217057709254,
          0.0,
          0.1115128741772287
        ],
        "p_value": 0.47269621753405683
      },
      "medium": {
        "mean_cv": 0.08234468761179015,
        "cv_magnitude_correlation": 0.2299423373521675,
        "bin_magnitudes": [
          0.356935,
          0.468515,
          0.580095,
          0.635885,
          0.691675,
          0.747465
        ],
        "coefficient_variations": [
          0.12290615714162215,
          0.016151737963978306,
          0.058198300185499735,
          0.05397064372990422,
          0.12138173830249079,
          0.12145954834724568
        ],
        "p_value": 0.661165419587666
      },
      "short": {
        "mean_cv": 0.045889440679739046,
        "cv_magnitude_correlation": -0.6313660760150399,
        "bin_magnitudes": [
          0.14554625,
          0.23481125,
          0.32407625,
          0.36870875000000003,
          0.41334125,
          0.45797374999999996
        ],
        "coefficient_variations": [
          0.13710855601389205,
          0.0,
          0.056202595267083856,
          0.08202549279745841,
          0.0,
          0.0
        ],
        "p_value": 0.17878944413233142
      }
    },
    "sequential_effect": [
      {
        "range_category": "long",
        "n_runs": 5,
        "N_total": 50,
        "r_resp_mean": 0.157196775985963,
        "r_stim_mean": 0.23521755130669839,
        "r_resp_weighted": 0.16089921931334117,
        "r_stim_weighted": 0.23521755130669839
      },
      {
        "range_category": "medium",
        "n_runs": 5,
        "N_total": 50,
        "r_resp_mean": -0.4089458259704193,
        "r_stim_mean": 0.23520721737985428,
        "r_resp_weighted": -0.4194425459365536,
        "r_stim_weighted": 0.23520721737985426
      },
      {
        "range_category": "short",
        "n_runs": 5,
        "N_total": 50,
        "r_resp_mean": -0.27548255131287236,
        "r_stim_mean": 0.23521755130669836,
        "r_resp_weighted": -0.2826012923267998,
        "r_stim_weighted": 0.23521755130669833
      }
    ]
  },
  "overall": {
    "range_effect": {
      "range_analyses_by_category": {
        "short": {
          "slope": 0.06302853376091491,
          "regression_strength": 0.9369714662390851,
          "r_squared": 0.024380599965367972,
          "mean_stimulus_magnitude": 0.30805599999999994
        },
        "medium": {
          "slope": 0.251530006403361,
          "regression_strength": 0.748469993596639,
          "r_squared": 0.15308594153220917,
          "mean_stimulus_magnitude": 0.5600700000000001
        },
        "long": {
          "slope": 0.34541918369134134,
          "regression_strength": 0.6545808163086586,
          "r_squared": 0.21212858458936418,
          "mean_stimulus_magnitude": 0.7080560000000001
        }
      },
      "correlation_analysis": {
        "correlation_magnitude_regression": -0.9991165439990575,
        "p_value": 0.0267620613439108,
        "interpretation": "Regression strength decreases with stimulus magnitude (r=-0.999)"
      },
      "pairwise_comparison_on_overlap": {
        "short_vs_medium": {
          "categories": [
            "medium",
            "short"
          ],
          "error": "Insufficient data in common bins for t-test.",
          "t_statistic": NaN,
          "p_value": NaN,
          "is_significant": false,
          "n_overlapping_bins": 0
        },
        "short_vs_long": {
          "error": "No overlapping data found or insufficient data after binning for short vs long."
        },
        "medium_vs_long": {
          "categories": [
            "long",
            "medium"
          ],
          "t_statistic": -1.131868131868132,
          "p_value": 0.460671564793889,
          "is_significant": false,
          "n_overlapping_bins": 2,
          "mean_long": 0.5800000000000001,
          "mean_medium": 0.683
        }
      }
    }
  }
}