{
  "per_range": {
    "regression_effect": {
      "long": {
        "regression_angle": 25.55704234782782,
        "slope": 0.47819818983461493,
        "intercept": 0.19041177168760087,
        "r_squared": 0.07675757320981719,
        "p_value": 0.05143693927401871,
        "regression_strength": 0.5218018101653851,
        "regression_strength_angular": 0.4320657256038262
      },
      "medium": {
        "regression_angle": 45.158257676472935,
        "slope": 1.0055395500178042,
        "intercept": -0.0931725357784714,
        "r_squared": 0.6069899164556136,
        "p_value": 2.6772930220431713e-11,
        "regression_strength": -0.005539550017804151,
        "regression_strength_angular": 0.0035168372549541182
      },
      "short": {
        "regression_angle": 36.45890419388857,
        "slope": 0.7388516778343905,
        "intercept": 0.08999674064311594,
        "r_squared": 0.47638771075849384,
        "p_value": 2.932398251835453e-08,
        "regression_strength": 0.26114832216560946,
        "regression_strength_angular": 0.18980212902469842
      }
    },
    "weber_law": {
      "long": {
        "mean_cv": 0.3262022737457684,
        "cv_magnitude_correlation": 0.28189562492497444,
        "bin_magnitudes": [
          0.54551875,
          0.63479375,
          0.72406875,
          0.7687062499999999,
          0.81334375,
          0.8579812499999999
        ],
        "coefficient_variations": [
          0.3459048757282874,
          0.08437992367923733,
          0.4472331257572111,
          0.4460514967089148,
          0.11042310999998961,
          0.52322111060097
        ],
        "p_value": 0.5883570007349984
      },
      "medium": {
        "mean_cv": 0.2696628305092655,
        "cv_magnitude_correlation": -0.025664792491494226,
        "bin_magnitudes": [
          0.3569,
          0.4685,
          0.5801000000000001,
          0.6358999999999999,
          0.6917,
          0.7475
        ],
        "coefficient_variations": [
          0.3018916898609215,
          0.20566182530896193,
          0.20539112069216486,
          0.4472945329400301,
          0.2330734287256026,
          0.224664385527912
        ],
        "p_value": 0.9615112637257115
      },
      "short": {
        "mean_cv": 0.25427944466761043,
        "cv_magnitude_correlation": -0.34926156407841163,
        "bin_magnitudes": [
          0.14551875,
          0.23479374999999997,
          0.32406874999999996,
          0.36870624999999996,
          0.41334374999999995,
          0.45798125
        ],
        "coefficient_variations": [
          0.32717527836565985,
          0.17430417219459907,
          0.30317153598052465,
          0.2693511324811909,
          0.22426738057097306,
          0.2274071684127147
        ],
        "p_value": 0.4974097523564562
      }
    },
    "sequential_effect": [
      {
        "range_category": "long",
        "n_runs": 5,
        "N_total": 50,
        "r_resp_mean": 0.6258892959743168,
        "r_stim_mean": 0.23502816576403168,
        "r_resp_weighted": 0.6400262311021448,
        "r_stim_weighted": 0.23502816576403165
      },
      {
        "range_category": "medium",
        "n_runs": 5,
        "N_total": 50,
        "r_resp_mean": 0.1579828096288926,
        "r_stim_mean": 0.23525030686203605,
        "r_resp_weighted": 0.163267071819469,
        "r_stim_weighted": 0.23525030686203605
      },
      {
        "range_category": "short",
        "n_runs": 5,
        "N_total": 50,
        "r_resp_mean": 0.4314740473361729,
        "r_stim_mean": 0.2350281657640318,
        "r_resp_weighted": 0.44292709725340135,
        "r_stim_weighted": 0.23502816576403177
      }
    ]
  },
  "overall": {
    "range_effect": {
      "range_analyses_by_category": {
        "short": {
          "slope": 0.7388516778343905,
          "regression_strength": 0.26114832216560946,
          "r_squared": 0.47638771075849384,
          "mean_stimulus_magnitude": 0.30805000000000005
        },
        "medium": {
          "slope": 1.0055395500178042,
          "regression_strength": -0.005539550017804151,
          "r_squared": 0.6069899164556136,
          "mean_stimulus_magnitude": 0.56007
        },
        "long": {
          "slope": 0.47819818983461493,
          "regression_strength": 0.5218018101653851,
          "r_squared": 0.07675757320981719,
          "mean_stimulus_magnitude": 0.7080500000000001
        }
      },
      "correlation_analysis": {
        "correlation_magnitude_regression": 0.3596914590949155,
        "p_value": 0.7657639035060474,
        "interpretation": "Regression strength increases with stimulus magnitude (r=0.360)"
      },
      "pairwise_comparison_on_overlap": {
        "short_vs_medium": {
          "categories": [
            "medium",
            "short"
          ],
          "error": "Insufficient data in common bins for t-test.",
          "t_statistic": NaN,
          "p_value": NaN,
          "is_significant": false,
          "n_overlapping_bins": 0
        },
        "short_vs_long": {
          "error": "No overlapping data found or insufficient data after binning for short vs long."
        },
        "medium_vs_long": {
          "categories": [
            "long",
            "medium"
          ],
          "t_statistic": -1.028571428571428,
          "p_value": 0.491034117165529,
          "is_significant": false,
          "n_overlapping_bins": 2,
          "mean_long": 0.435,
          "mean_medium": 0.651
        }
      }
    }
  }
}