{
  "per_range": {
    "regression_effect": {
      "long": {
        "regression_angle": 3.246992155290382,
        "slope": 0.05673144921845151,
        "intercept": 7.075446162865387,
        "r_squared": 0.0006194040740631726,
        "p_value": 0.8637843232311802,
        "regression_strength": 0.9432685507815485,
        "regression_strength_angular": 0.9278446187713247
      },
      "medium": {
        "regression_angle": 28.52153074874608,
        "slope": 0.5434423624159115,
        "intercept": 4.487374345439913,
        "r_squared": 0.058403679050984966,
        "p_value": 0.09087560195647922,
        "regression_strength": 0.4565576375840885,
        "regression_strength_angular": 0.3661882055834204
      },
      "short": {
        "regression_angle": 36.68152412266544,
        "slope": 0.7448755265392416,
        "intercept": 2.112003454895633,
        "r_squared": 0.0540232082783411,
        "p_value": 0.10431552973210761,
        "regression_strength": 0.2551244734607584,
        "regression_strength_angular": 0.18485501949632363
      }
    },
    "weber_law": {
      "long": {
        "mean_cv": 0.1753359382479674,
        "cv_magnitude_correlation": -0.33236225678629205,
        "bin_magnitudes": [
          5.43633125,
          5.8685937500000005,
          6.300856250000001,
          7.16538125,
          7.59764375,
          8.02990625,
          8.46216875
        ],
        "coefficient_variations": [
          0.4007016708385061,
          0.21719649151982384,
          0.0,
          0.044323108719730143,
          0.22335142905761712,
          0.23842950820675768,
          0.10334935939333698
        ],
        "p_value": 0.4664049643208946
      },
      "medium": {
        "mean_cv": 0.10044109922877018,
        "cv_magnitude_correlation": -0.2737620547880988,
        "bin_magnitudes": [
          3.39370625,
          4.31933125,
          5.24495625,
          5.70776875,
          6.63339375
        ],
        "coefficient_variations": [
          0.16303222679412427,
          0.0,
          0.26088993202232424,
          0.05328814363332018,
          0.02499519369408226
        ],
        "p_value": 0.6558395336301541
      },
      "short": {
        "mean_cv": 0.265066785103445,
        "cv_magnitude_correlation": 0.015441717907212188,
        "bin_magnitudes": [
          1.47201875,
          2.36009375,
          3.2481687499999996,
          3.69220625,
          4.13624375,
          4.5802812500000005
        ],
        "coefficient_variations": [
          0.3356644346254503,
          0.0,
          0.5646894044201555,
          0.1977138186350273,
          0.2943972981151425,
          0.19793575482489417
        ],
        "p_value": 0.9768392641521493
      }
    },
    "sequential_effect": [
      {
        "range_category": "long",
        "n_runs": 5,
        "N_total": 50,
        "r_resp_mean": 0.10441991874972065,
        "r_stim_mean": 0.2190649014647032,
        "r_resp_weighted": 0.10712866251708855,
        "r_stim_weighted": 0.21906490146470325
      },
      {
        "range_category": "medium",
        "n_runs": 5,
        "N_total": 50,
        "r_resp_mean": -0.0007864592172449447,
        "r_stim_mean": 0.217956842254054,
        "r_resp_weighted": -0.0005907781124191192,
        "r_stim_weighted": 0.217956842254054
      },
      {
        "range_category": "short",
        "n_runs": 5,
        "N_total": 50,
        "r_resp_mean": 0.7846042928726755,
        "r_stim_mean": 0.24718809267831113,
        "r_resp_weighted": 0.8066494590710713,
        "r_stim_weighted": 0.24718809267831113
      }
    ]
  },
  "overall": {
    "range_effect": {
      "range_analyses_by_category": {
        "short": {
          "slope": 0.7448755265392416,
          "regression_strength": 0.2551244734607584,
          "r_squared": 0.0540232082783411,
          "mean_stimulus_magnitude": 3.0697699999999997
        },
        "medium": {
          "slope": 0.5434423624159115,
          "regression_strength": 0.4565576375840885,
          "r_squared": 0.058403679050984966,
          "mean_stimulus_magnitude": 5.0383
        },
        "long": {
          "slope": 0.05673144921845151,
          "regression_strength": 0.9432685507815485,
          "r_squared": 0.0006194040740631726,
          "mean_stimulus_magnitude": 7.0569999999999995
        }
      },
      "correlation_analysis": {
        "correlation_magnitude_regression": 0.9741965360680604,
        "p_value": 0.14493471943520492,
        "interpretation": "Regression strength increases with stimulus magnitude (r=0.974)"
      },
      "pairwise_comparison_on_overlap": {
        "short_vs_medium": {
          "error": "No overlapping data found or insufficient data after binning for short vs medium."
        },
        "short_vs_long": {
          "error": "No overlapping data found or insufficient data after binning for short vs long."
        },
        "medium_vs_long": {
          "error": "No overlapping data found or insufficient data after binning for medium vs long."
        }
      }
    }
  }
}