{
  "per_range": {
    "regression_effect": {
      "long": {
        "regression_angle": 38.636780344737524,
        "slope": 0.7993410747745193,
        "intercept": 0.12002655200590162,
        "r_squared": 0.5431443160771181,
        "p_value": 1.0453547531427952e-09,
        "regression_strength": 0.20065892522548068,
        "regression_strength_angular": 0.14140488122805503
      },
      "medium": {
        "regression_angle": 32.44514252027755,
        "slope": 0.6357250506225816,
        "intercept": 0.23694947089781088,
        "r_squared": 0.6048855414839538,
        "p_value": 3.048348352597137e-11,
        "regression_strength": 0.36427494937741844,
        "regression_strength_angular": 0.27899683288272115
      },
      "short": {
        "regression_angle": 39.22428185277545,
        "slope": 0.8162860394097609,
        "intercept": 0.09194308555982311,
        "r_squared": 0.7775181465824137,
        "p_value": 2.794604140176921e-17,
        "regression_strength": 0.18371396059023914,
        "regression_strength_angular": 0.1283492921605456
      }
    },
    "weber_law": {
      "long": {
        "mean_cv": 0.12538484709121972,
        "cv_magnitude_correlation": -0.5893475451779073,
        "bin_magnitudes": [
          0.54551875,
          0.63479375,
          0.72406875,
          0.7687062499999999,
          0.81334375,
          0.8579812499999999
        ],
        "coefficient_variations": [
          0.15167312751219128,
          0.14662740836064192,
          0.12332324447477652,
          0.17860828507404525,
          0.06368866947734489,
          0.08838834764831847
        ],
        "p_value": 0.21832787955101518
      },
      "medium": {
        "mean_cv": 0.11896834291460064,
        "cv_magnitude_correlation": -0.6286185379602607,
        "bin_magnitudes": [
          0.3569,
          0.4685,
          0.5801000000000001,
          0.6358999999999999,
          0.6917,
          0.7475
        ],
        "coefficient_variations": [
          0.15508861381194552,
          0.11134044285378084,
          0.16796370308955316,
          0.1454745424598353,
          0.06857869069951436,
          0.06536406457297465
        ],
        "p_value": 0.18127504178934534
      },
      "short": {
        "mean_cv": 0.16560909260632198,
        "cv_magnitude_correlation": -0.58896344997029,
        "bin_magnitudes": [
          0.14551875,
          0.23479374999999997,
          0.32406874999999996,
          0.36870624999999996,
          0.41334374999999995,
          0.45798125
        ],
        "coefficient_variations": [
          0.19888262039368412,
          0.26607131941662965,
          0.1831587718603865,
          0.11015181275809892,
          0.05453824335365339,
          0.18085178785547934
        ],
        "p_value": 0.2187040407655268
      }
    },
    "sequential_effect": [
      {
        "range_category": "long",
        "n_runs": 5,
        "N_total": 50,
        "r_resp_mean": 0.025419421577083802,
        "r_stim_mean": 0.23502816576403168,
        "r_resp_weighted": 0.025710981489343296,
        "r_stim_weighted": 0.23502816576403165
      },
      {
        "range_category": "medium",
        "n_runs": 5,
        "N_total": 50,
        "r_resp_mean": -0.1141608392979478,
        "r_stim_mean": 0.23525030686203605,
        "r_resp_weighted": -0.117908290898756,
        "r_stim_weighted": 0.23525030686203605
      },
      {
        "range_category": "short",
        "n_runs": 5,
        "N_total": 50,
        "r_resp_mean": 0.2396198702721636,
        "r_stim_mean": 0.2350281657640318,
        "r_resp_weighted": 0.24145041808664364,
        "r_stim_weighted": 0.23502816576403177
      }
    ]
  },
  "overall": {
    "range_effect": {
      "range_analyses_by_category": {
        "short": {
          "slope": 0.8162860394097609,
          "regression_strength": 0.18371396059023914,
          "r_squared": 0.7775181465824137,
          "mean_stimulus_magnitude": 0.30805000000000005
        },
        "medium": {
          "slope": 0.6357250506225816,
          "regression_strength": 0.36427494937741844,
          "r_squared": 0.6048855414839538,
          "mean_stimulus_magnitude": 0.56007
        },
        "long": {
          "slope": 0.7993410747745193,
          "regression_strength": 0.20065892522548068,
          "r_squared": 0.5431443160771181,
          "mean_stimulus_magnitude": 0.7080500000000001
        }
      },
      "correlation_analysis": {
        "correlation_magnitude_regression": 0.23199076183953166,
        "p_value": 0.8509521710842721,
        "interpretation": "Regression strength increases with stimulus magnitude (r=0.232)"
      },
      "pairwise_comparison_on_overlap": {
        "short_vs_medium": {
          "categories": [
            "medium",
            "short"
          ],
          "error": "Insufficient data in common bins for t-test.",
          "t_statistic": NaN,
          "p_value": NaN,
          "is_significant": false,
          "n_overlapping_bins": 0
        },
        "short_vs_long": {
          "error": "No overlapping data found or insufficient data after binning for short vs long."
        },
        "medium_vs_long": {
          "categories": [
            "long",
            "medium"
          ],
          "t_statistic": -11.0,
          "p_value": 0.05771587675260895,
          "is_significant": false,
          "n_overlapping_bins": 2,
          "mean_long": 0.6699999999999999,
          "mean_medium": 0.7250000000000001
        }
      }
    }
  }
}