{
  "per_range": {
    "regression_effect": {
      "long": {
        "regression_angle": 14.611350277784915,
        "slope": 0.26069204103662796,
        "intercept": 0.5097354361917692,
        "r_squared": 0.16185099830442137,
        "p_value": 0.0037763699411708083,
        "regression_strength": 0.739307958963372,
        "regression_strength_angular": 0.6753033271603353
      },
      "medium": {
        "regression_angle": 16.71391518969624,
        "slope": 0.3002791230122303,
        "intercept": 0.2827226715745402,
        "r_squared": 0.1726290899179693,
        "p_value": 0.002694855444466133,
        "regression_strength": 0.6997208769877696,
        "regression_strength_angular": 0.6285796624511947
      },
      "short": {
        "regression_angle": 3.3255148439001214,
        "slope": 0.05810644726781675,
        "intercept": 0.20587996028046546,
        "r_squared": 0.013687524345492462,
        "p_value": 0.4184401008954838,
        "regression_strength": 0.9418935527321832,
        "regression_strength_angular": 0.9260996701355528
      }
    },
    "weber_law": {
      "long": {
        "mean_cv": 0.06947831671546113,
        "cv_magnitude_correlation": -0.5787556440651173,
        "bin_magnitudes": [
          0.5455462499999999,
          0.63481125,
          0.72407625,
          0.76870875,
          0.8133412499999999,
          0.85797375
        ],
        "coefficient_variations": [
          0.18922240062543472,
          0.016586409811787908,
          0.046647766493824114,
          0.05725811973435318,
          0.04656242845397474,
          0.060592775173392135
        ],
        "p_value": 0.228795978061061
      },
      "medium": {
        "mean_cv": 0.11034772253267035,
        "cv_magnitude_correlation": 0.05279798664000457,
        "bin_magnitudes": [
          0.356935,
          0.468515,
          0.580095,
          0.635885,
          0.691675,
          0.747465
        ],
        "coefficient_variations": [
          0.1340713627109649,
          0.0243139844852281,
          0.13753500794599122,
          0.19562680522007284,
          0.08188829877575991,
          0.08865087605800527
        ],
        "p_value": 0.9208766105969259
      },
      "short": {
        "mean_cv": 0.21101431358292988,
        "cv_magnitude_correlation": 0.4939417167199317,
        "bin_magnitudes": [
          0.14554625,
          0.23481125,
          0.32407625,
          0.36870875000000003,
          0.41334125,
          0.45797374999999996
        ],
        "coefficient_variations": [
          0.2373866334297263,
          0.05817127397423896,
          0.20836556514855634,
          0.23602241593445225,
          0.2237090479129851,
          0.30243094509762025
        ],
        "p_value": 0.3193429846093343
      }
    },
    "sequential_effect": [
      {
        "range_category": "long",
        "n_runs": 5,
        "N_total": 50,
        "r_resp_mean": 0.5208445785767257,
        "r_stim_mean": 0.23521755130669839,
        "r_resp_weighted": 0.5284449641496085,
        "r_stim_weighted": 0.23521755130669839
      },
      {
        "range_category": "medium",
        "n_runs": 5,
        "N_total": 50,
        "r_resp_mean": 0.37850624249992715,
        "r_stim_mean": 0.23520721737985428,
        "r_resp_weighted": 0.3821708681983609,
        "r_stim_weighted": 0.23520721737985426
      },
      {
        "range_category": "short",
        "n_runs": 5,
        "N_total": 50,
        "r_resp_mean": 0.35969466256141513,
        "r_stim_mean": 0.23521755130669836,
        "r_resp_weighted": 0.3691821377775062,
        "r_stim_weighted": 0.23521755130669833
      }
    ]
  },
  "overall": {
    "range_effect": {
      "range_analyses_by_category": {
        "short": {
          "slope": 0.05810644726781675,
          "regression_strength": 0.9418935527321832,
          "r_squared": 0.013687524345492462,
          "mean_stimulus_magnitude": 0.30805599999999994
        },
        "medium": {
          "slope": 0.3002791230122303,
          "regression_strength": 0.6997208769877696,
          "r_squared": 0.1726290899179693,
          "mean_stimulus_magnitude": 0.5600700000000001
        },
        "long": {
          "slope": 0.26069204103662796,
          "regression_strength": 0.739307958963372,
          "r_squared": 0.16185099830442137,
          "mean_stimulus_magnitude": 0.7080560000000001
        }
      },
      "correlation_analysis": {
        "correlation_magnitude_regression": -0.8640566494938497,
        "p_value": 0.33583154554384187,
        "interpretation": "Regression strength decreases with stimulus magnitude (r=-0.864)"
      },
      "pairwise_comparison_on_overlap": {
        "short_vs_medium": {
          "categories": [
            "medium",
            "short"
          ],
          "error": "Insufficient data in common bins for t-test.",
          "t_statistic": NaN,
          "p_value": NaN,
          "is_significant": false,
          "n_overlapping_bins": 0
        },
        "short_vs_long": {
          "error": "No overlapping data found or insufficient data after binning for short vs long."
        },
        "medium_vs_long": {
          "categories": [
            "long",
            "medium"
          ],
          "t_statistic": 1.022206800832755,
          "p_value": 0.4930092608520236,
          "is_significant": false,
          "n_overlapping_bins": 2,
          "mean_long": 0.7166,
          "mean_medium": 0.5693
        }
      }
    }
  }
}