{
    "Basic Single-Stage": {
        "model_name": "bayes_basic_single",
        "params": {
            "w_p": 0.04778388639802162,
            "delta": -0.015964285835040476
        },
        "steady_state_weight": null,
        "mode": "single",
        "model_type": "basic",
        "r_squared": 0.9599450267866575,
        "aic": -50.707720021428656,
        "bic": -47.90532525810435,
        "n_params": 2,
        "mse": 0.16144401359638355,
        "rmse": 0.4018009626623405,
        "predictions": [
            2.518769343348817,
            4.711056501694652,
            3.856728204570957,
            3.3761447320360385,
            1.6625366139979185,
            1.3284992013463444,
            4.39663474098328,
            1.2028066743508834,
            4.760381296379235,
            4.2956998329414695,
            4.490057017280051,
            6.729288430026463,
            5.910096907494681,
            5.359525550610018,
            3.6649617548439366,
            3.3263537048470733,
            6.421056074053503,
            5.78402349405378,
            3.176189223732041,
            6.798704984708048,
            6.516930619400221,
            8.750734400299102,
            7.889264482323393,
            7.4053482533908666,
            5.7141172140223935,
            5.298284437212409,
            8.382798094003297,
            7.779759629259165,
            5.182875844243849,
            8.804344167494893
        ],
        "converged": true,
        "confidence_intervals": {
            "w_p": [
                -0.9411409536881649,
                1.036708726484208
            ],
            "delta": [
                -1.4060734147461245,
                1.3741448430760437
            ]
        }
    },
    "Basic Two-Stage": {
        "model_name": "bayes_basic_sequential",
        "params": {
            "r_div_q": 0.2172131783274247,
            "delta": -0.006369997684524405
        },
        "steady_state_weight": 0.9549442365838907,
        "mode": "sequential",
        "model_type": "basic",
        "r_squared": 0.960897659008561,
        "aic": -51.42983060885094,
        "bic": -48.627435845526634,
        "n_params": 2,
        "mse": 0.1576043712986301,
        "rmse": 0.39699417035849544,
        "predictions": [
            2.4936300023154754,
            4.696670243480101,
            3.933195872977581,
            3.417318570324207,
            1.6731673018607955,
            1.2621833070067987,
            4.32735697162906,
            1.2505291440871826,
            4.692353592329086,
            4.374097245438662,
            4.465730002315476,
            6.71594475761354,
            5.989810223753474,
            5.405220497732916,
            3.6772374116049074,
            3.262359110100708,
            6.3540594610215635,
            5.847498018830768,
            3.2052123391240777,
            6.731060459715868,
            6.493630002315475,
            8.738390503443954,
            7.969538631950006,
            7.450080233926472,
            5.728259232790592,
            5.2360501034923255,
            8.314172422514188,
            7.841182479861667,
            5.211350149855599,
            8.736683689750556
        ],
        "converged": true,
        "confidence_intervals": {
            "r_div_q": [
                -1.6068994295157197,
                2.041325786170569
            ],
            "delta": [
                -1.393999891426696,
                1.3812598960576472
            ]
        }
    },
    "Weber Single-Stage": {
        "model_name": "bayes_weber_single",
        "params": {
            "w_p": 0.014850665992166752,
            "delta": -0.012098661671350396
        },
        "steady_state_weight": null,
        "mode": "single",
        "model_type": "weber",
        "r_squared": 0.9603795216214835,
        "aic": -51.03491975027686,
        "bic": -48.232524986952555,
        "n_params": 2,
        "mse": 0.15969275565276675,
        "rmse": 0.3996157600155013,
        "predictions": [
            2.4745814299540663,
            4.707612717605722,
            3.8398781551661507,
            3.350486315434245,
            1.5950487031503748,
            1.250092786097937,
            4.388563564929761,
            1.119937597895692,
            4.757633284670916,
            4.286070171807768,
            4.425313420969999,
            6.710072799016274,
            5.875845901363884,
            5.314177555579609,
            3.579308362900623,
            3.2312801270805975,
            6.396377840748616,
            5.747305797770756,
            3.0767603435294233,
            6.780688711502753,
            6.429516645183465,
            8.710027961683702,
            7.831762316564984,
            7.337769047294179,
            5.607115247448657,
            5.180435648059555,
            8.335089772341837,
            7.720019348832662,
            5.06192447709066,
            8.764637374490142
        ],
        "converged": true,
        "confidence_intervals": {
            "w_p": [
                -1.0840670469040483,
                1.1137683788883819
            ],
            "delta": [
                -0.2995538990464951,
                0.27535657570379435
            ]
        }
    },
    "Weber Two-Stage": {
        "model_name": "bayes_weber_sequential",
        "params": {
            "r_div_q": 0.14762489179826205,
            "delta": -0.009828663489912527
        },
        "steady_state_weight": 0.9786717012540483,
        "mode": "sequential",
        "model_type": "weber",
        "r_squared": 0.9609445048818936,
        "aic": -51.46579290043485,
        "bic": -48.66339813711054,
        "n_params": 2,
        "mse": 0.157415556147738,
        "rmse": 0.39675629314194627,
        "predictions": [
            2.475548690132919,
            4.690944050003618,
            3.8825440666399094,
            3.377176402290803,
            1.6103907168453704,
            1.2445983461901453,
            4.312479131789503,
            1.1389669680966052,
            4.664185365999482,
            4.330255768193983,
            4.428360526572636,
            6.697599899841812,
            5.920632017647977,
            5.344197824908666,
            3.6005491008552046,
            3.225769957725765,
            6.344201645748894,
            5.785342055662974,
            3.1030293461874647,
            6.717525184681741,
            6.436426609994421,
            8.703195886616966,
            7.880216063984844,
            7.370804462302811,
            5.633786668992938,
            5.178447625597415,
            8.293012256078368,
            7.760634985837941,
            5.094676528459282,
            8.714734657040644
        ],
        "converged": true,
        "confidence_intervals": {
            "r_div_q": [
                -1.9820258252799154,
                2.2772756088764394
            ],
            "delta": [
                -0.28701345466959327,
                0.26735612768976824
            ]
        }
    },
    "Linear Regression": {
        "model_name": "linear",
        "params": {
            "slope": 0.9219193202439939,
            "intercept": 0.38998472254285604
        },
        "steady_state_weight": null,
        "mode": "linear",
        "model_type": "linear",
        "log_likelihood": null,
        "r_squared": 0.9657597898627799,
        "aic": -55.413253039100866,
        "bic": -52.61085827577656,
        "n_params": 2,
        "mse": 0.13800725621494178,
        "rmse": 0.3714932788287586,