{
  "per_range": {
    "regression_effect": {
      "long": {
        "regression_angle": 41.25800460320797,
        "slope": 0.877223646652988,
        "intercept": 0.07287653364547186,
        "r_squared": 0.9340865048421555,
        "p_value": 5.353495377631753e-30,
        "regression_strength": 0.12277635334701198,
        "regression_strength_angular": 0.08315545326204507
      },
      "medium": {
        "regression_angle": 42.74490511684531,
        "slope": 0.924225598658755,
        "intercept": 0.022368968959190938,
        "r_squared": 0.9540104928770234,
        "p_value": 9.390169831206563e-34,
        "regression_strength": 0.07577440134124502,
        "regression_strength_angular": 0.05011321962565979
      },
      "short": {
        "regression_angle": 32.93697813125398,
        "slope": 0.6478448921427256,
        "intercept": 0.03622749390608054,
        "r_squared": 0.8835915279983348,
        "p_value": 4.6604172141494816e-24,
        "regression_strength": 0.35215510785727444,
        "regression_strength_angular": 0.26806715263880043
      }
    },
    "weber_law": {
      "long": {
        "mean_cv": 0.028762010459597143,
        "cv_magnitude_correlation": -0.7691628038102087,
        "bin_magnitudes": [
          0.5455462499999999,
          0.63481125,
          0.72407625,
          0.76870875,
          0.8133412499999999,
          0.85797375
        ],
        "coefficient_variations": [
          0.05167473681307818,
          0.041001272988695936,
          0.033700113725984866,
          0.005978791383689282,
          0.01186242958885831,
          0.02835471825727627
        ],
        "p_value": 0.07377854309646822
      },
      "medium": {
        "mean_cv": 0.042224267258395703,
        "cv_magnitude_correlation": -0.6117317622427368,
        "bin_magnitudes": [
          0.356935,
          0.468515,
          0.580095,
          0.635885,
          0.691675,
          0.747465
        ],
        "coefficient_variations": [
          0.11303895802612933,
          0.0,
          0.07042952122737638,
          0.03493856214843425,
          0.03493856214843425,
          0.0
        ],
        "p_value": 0.1968621864138821
      },
      "short": {
        "mean_cv": 0.07970456498133943,
        "cv_magnitude_correlation": -0.731836277620701,
        "bin_magnitudes": [
          0.14554625,
          0.23481125,
          0.32407625,
          0.36870875000000003,
          0.41334125,
          0.45797374999999996
        ],
        "coefficient_variations": [
          0.09958465337957499,
          0.09721635184681472,
          0.1128576002825557,
          0.05627286549710606,
          0.05240784322265137,
          0.05988807565933375
        ],
        "p_value": 0.09822560742841514
      }
    },
    "sequential_effect": [
      {
        "range_category": "long",
        "n_runs": 5,
        "N_total": 50,
        "r_resp_mean": 0.26431568224527013,
        "r_stim_mean": 0.23521755130669839,
        "r_resp_weighted": 0.2656722341285815,
        "r_stim_weighted": 0.23521755130669839
      },
      {
        "range_category": "medium",
        "n_runs": 5,
        "N_total": 50,
        "r_resp_mean": 0.28992640206551706,
        "r_stim_mean": 0.23520721737985428,
        "r_resp_weighted": 0.29111530814341496,
        "r_stim_weighted": 0.23520721737985426
      },
      {
        "range_category": "short",
        "n_runs": 5,
        "N_total": 50,
        "r_resp_mean": -0.049708295005218756,
        "r_stim_mean": 0.23521755130669836,
        "r_resp_weighted": -0.04988305922371541,
        "r_stim_weighted": 0.23521755130669833
      }
    ]
  },
  "overall": {
    "range_effect": {
      "range_analyses_by_category": {
        "short": {
          "slope": 0.6478448921427256,
          "regression_strength": 0.35215510785727444,
          "r_squared": 0.8835915279983348,
          "mean_stimulus_magnitude": 0.30805599999999994
        },
        "medium": {
          "slope": 0.924225598658755,
          "regression_strength": 0.07577440134124502,
          "r_squared": 0.9540104928770234,
          "mean_stimulus_magnitude": 0.5600700000000001
        },
        "long": {
          "slope": 0.877223646652988,
          "regression_strength": 0.12277635334701198,
          "r_squared": 0.9340865048421555,
          "mean_stimulus_magnitude": 0.7080560000000001
        }
      },
      "correlation_analysis": {
        "correlation_magnitude_regression": -0.8606980720375825,
        "p_value": 0.34005496715456496,
        "interpretation": "Regression strength decreases with stimulus magnitude (r=-0.861)"
      },
      "pairwise_comparison_on_overlap": {
        "short_vs_medium": {
          "categories": [
            "medium",
            "short"
          ],
          "error": "Insufficient data in common bins for t-test.",
          "t_statistic": NaN,
          "p_value": NaN,
          "is_significant": false,
          "n_overlapping_bins": 0
        },
        "short_vs_long": {
          "error": "No overlapping data found or insufficient data after binning for short vs long."
        },
        "medium_vs_long": {
          "categories": [
            "long",
            "medium"
          ],
          "t_statistic": 0.3333333333333333,
          "p_value": 0.7951672353008665,
          "is_significant": false,
          "n_overlapping_bins": 2,
          "mean_long": 0.692,
          "mean_medium": 0.69
        }
      }
    }
  }
}