{
    "Basic Single-Stage": {
        "model_name": "bayes_basic_single",
        "params": {
            "w_p": 0.34502203855507846,
            "delta": -0.034727337856659116
        },
        "steady_state_weight": null,
        "mode": "single",
        "model_type": "basic",
        "r_squared": 0.8815192613621118,
        "aic": -165.06553317791332,
        "bic": -162.263138414589,
        "n_params": 2,
        "mse": 0.0035678289129398508,
        "rmse": 0.05973130597048629,
        "predictions": [
            0.23518536558063446,
            0.3861381363548455,
            0.3288341145080293,
            0.29389759004455723,
            0.17793374197073386,
            0.1779271921911194,
            0.1522717054413218,
            0.36398678169877824,
            0.2945460182263877,
            0.32256597541700144,
            0.47766026655015065,
            0.6663528674628181,
            0.5947244775992014,
            0.5510570969096685,
            0.4060973744826785,
            0.40609082470306407,
            0.3740231037107207,
            0.6386669490325412,
            0.5518627198022457,
            0.5868909411803201,
            0.6351853655806344,
            0.7861381363548455,
            0.7288341145080292,
            0.6938975900445571,
            0.5779337419707338,
            0.5779271921911193,
            0.5522717054413218,
            0.7639867816987781,
            0.6945460182263877,
            0.7225659754170014
        ],
        "converged": true,
        "confidence_intervals": {
            "w_p": [
                -10.265535358213242,
                10.9555794353234
            ],
            "delta": [
                -1.4206566223464194,
                1.3512019466331013
            ]
        }
    },
    "Basic Two-Stage": {
        "model_name": "bayes_basic_sequential",
        "params": {
            "r_div_q": 0.8646447717123776,
            "delta": -0.029481877084405334
        },
        "steady_state_weight": 0.5722098565488173,
        "mode": "sequential",
        "model_type": "basic",
        "r_squared": 0.8682080240751711,
        "aic": -161.8721521647342,
        "bic": -159.06975740140987,
        "n_params": 2,
        "mse": 0.003968672271998406,
        "rmse": 0.06299739893041939,
        "predictions": [
            0.22033812291559465,
            0.3817549442709751,
            0.36938690767752724,
            0.3297255725419239,
            0.1984138672521319,
            0.15471488904935315,
            0.11403792754140202,
            0.3161658284539315,
            0.3126979276525834,
            0.34008655186891523,
            0.4577881229155947,
            0.6595609005624535,
            0.6441030343903185,
            0.5945304174572302,
            0.43038712767985043,
            0.3757638557265822,
            0.32491947186280834,
            0.5775799530424073,
            0.5732419424066187,
            0.6074800154577406,
            0.6203381229155946,
            0.7817549442709751,
            0.7693869076775273,
            0.7297255725419239,
            0.5984138672521319,
            0.5547148890493532,
            0.5140379275414021,
            0.7161658284539314,
            0.7126979276525834,
            0.7400865518689153
        ],
        "converged": true,
        "confidence_intervals": {
            "r_div_q": [
                -30.517982698601433,
                32.247272242026185
            ],
            "delta": [
                -1.42434203135083,
                1.365378277182019
            ]
        }
    },
    "Weber Single-Stage": {
        "model_name": "bayes_weber_single",
        "params": {
            "w_p": 0.28018158884073296,
            "delta": -0.06290297433072412
        },
        "steady_state_weight": null,
        "mode": "single",
        "model_type": "weber",
        "r_squared": 0.8883215562802199,
        "aic": -166.83882218293633,
        "bic": -164.036427419612,
        "n_params": 2,
        "mse": 0.0033629903479360937,
        "rmse": 0.05799129544971464,
        "predictions": [
            0.24235891537853244,
            0.38797030711705605,
            0.3356875471887117,
            0.3022115471003752,
            0.17776349780907796,
            0.17775561907782633,
            0.1457266847947536,
            0.36810534809406464,
            0.3028457138966393,
            0.32978017723989883,
            0.4705034992351498,
            0.6573164885404146,
            0.5891766258265152,
            0.5460996631597597,
            0.3919142765530524,
            0.39190681357241997,
            0.3546653213074783,
            0.6313202991878877,
            0.5469061722242247,
            0.5815413429208378,
            0.6224236900529831,
            0.7744292105490398,
            0.7182195873191118,
            0.6830987453374646,
            0.5609506770884201,
            0.5609434975640023,
            0.5325383465479469,
            0.7528953088709491,
            0.6837569266986548,
            0.7119683476963069
        ],
        "converged": true,
        "confidence_intervals": {
            "w_p": [
                -11.858263604875173,
                12.41862678255664
            ],
            "delta": [
                -2.9271001688862777,
                2.80129422022483
            ]
        }
    },
    "Weber Two-Stage": {
        "model_name": "bayes_weber_sequential",
        "params": {
            "r_div_q": 0.5133538216527307,
            "delta": -0.07132593724113408
        },
        "steady_state_weight": 0.7914321792311483,
        "mode": "sequential",
        "model_type": "weber",
        "r_squared": 0.8773509700845917,
        "aic": -164.02852515330375,
        "bic": -161.22613038997943,
        "n_params": 2,
        "mse": 0.0036933493165806765,
        "rmse": 0.06077293243361453,
        "predictions": [
            0.23262190852647763,
            0.39951866995619206,
            0.37154799395194615,
            0.32532012927203824,
            0.17332740008822556,
            0.15493870900376958,
            0.12104877841635045,
            0.33374102632322916,
            0.3199285728672672,
            0.34997602629266183,
            0.4537254571857661,
            0.6663657949292437,
            0.6281306455400936,
            0.5699459823602627,
            0.3835242017108034,
            0.3573981741502186,
            0.3149051926740774,
            0.5947816290812451,
            0.5653892098255504,
            0.6010082836470877,
            0.6050852459184145,
            0.777854274467671,
            0.7451210001466365,
            0.6983013966971149,
            0.5512214852652573,
            0.5284837061698013,
            0.49431508027124266,
            0.7253666998519833,
            0.6957337254838658,
            0.723216415122848
        ],
        "converged": true,
        "confidence_intervals": {
            "r_div_q": [
                -40.27128751122645,
                41.297995154531904
            ],
            "delta": [
                -17.291354662627782,
                17.148702788145513
            ]
        }
    },
    "Linear Regression": {
        "model_name": "linear",
        "params": {
            "slope": 0.7765053781745228,
            "intercept": 0.08269540000604171
        },
        "steady_state_weight": null,
        "mode": "linear",
        "model_type": "linear",
        "log_likelihood": null,
        "r_squared": 0.8876053819627406,
        "aic": -166.64710849784893,
        "bic": -163.84471373452462,
        "n_params": 2,
        "mse": 0.0033845566165632422,
        "rmse": 0.05817694231019058,