{
  "per_range": {
    "regression_effect": {
      "long": {
        "regression_angle": 31.163499869797086,
        "slope": 0.6047511605921505,
        "intercept": 0.3118023122357642,
        "r_squared": 0.5331189501198762,
        "p_value": 1.7753491680493585e-09,
        "regression_strength": 0.3952488394078495,
        "regression_strength_angular": 0.30747778067117587
      },
      "medium": {
        "regression_angle": 42.83633715706453,
        "slope": 0.9271888744665521,
        "intercept": 0.037309327077518106,
        "r_squared": 0.8822521033868488,
        "p_value": 6.1374100565403285e-24,
        "regression_strength": 0.07281112553344793,
        "regression_strength_angular": 0.048081396509677174
      },
      "short": {
        "regression_angle": 29.291698927326042,
        "slope": 0.5609833369025388,
        "intercept": 0.10718571716715158,
        "r_squared": 0.5778864015422915,
        "p_value": 1.5216112595186379e-10,
        "regression_strength": 0.43901666309746123,
        "regression_strength_angular": 0.3490733571705324
      }
    },
    "weber_law": {
      "long": {
        "mean_cv": 0.06348475541103116,
        "cv_magnitude_correlation": -0.8111152931190795,
        "bin_magnitudes": [
          0.5455462499999999,
          0.63481125,
          0.72407625,
          0.76870875,
          0.8133412499999999,
          0.85797375
        ],
        "coefficient_variations": [
          0.10839373108436728,
          0.08380891004365534,
          0.07566034832855474,
          0.015558955621008725,
          0.052257843329162515,
          0.045228744059438324
        ],
        "p_value": 0.05014668805083843
      },
      "medium": {
        "mean_cv": 0.06352726190279953,
        "cv_magnitude_correlation": -0.263915765424146,
        "bin_magnitudes": [
          0.356935,
          0.468515,
          0.580095,
          0.635885,
          0.691675,
          0.747465
        ],
        "coefficient_variations": [
          0.13319064332556252,
          0.0,
          0.08640987597877145,
          0.02413022997301924,
          0.06536406457297467,
          0.07206875756646929
        ],
        "p_value": 0.6133174204537878
      },
      "short": {
        "mean_cv": 0.1900036715310398,
        "cv_magnitude_correlation": -0.38147277802296964,
        "bin_magnitudes": [
          0.14554625,
          0.23481125,
          0.32407625,
          0.36870875000000003,
          0.41334125,
          0.45797374999999996
        ],
        "coefficient_variations": [
          0.24716948314961076,
          0.1738486278344019,
          0.18951493355876778,
          0.14019790118715375,
          0.27308830199323847,
          0.11620278146306609
        ],
        "p_value": 0.4555470746554137
      }
    },
    "sequential_effect": [
      {
        "range_category": "long",
        "n_runs": 5,
        "N_total": 50,
        "r_resp_mean": 0.1596943019605675,
        "r_stim_mean": 0.23521755130669839,
        "r_resp_weighted": 0.16096965034084448,
        "r_stim_weighted": 0.23521755130669839
      },
      {
        "range_category": "medium",
        "n_runs": 5,
        "N_total": 50,
        "r_resp_mean": 0.05064355445763188,
        "r_stim_mean": 0.23520721737985428,
        "r_resp_weighted": 0.050746894359938274,
        "r_stim_weighted": 0.23520721737985426
      },
      {
        "range_category": "short",
        "n_runs": 5,
        "N_total": 50,
        "r_resp_mean": 0.21829662823025098,
        "r_stim_mean": 0.23521755130669836,
        "r_resp_weighted": 0.23057428165488708,
        "r_stim_weighted": 0.23521755130669833
      }
    ]
  },
  "overall": {
    "range_effect": {
      "range_analyses_by_category": {
        "short": {
          "slope": 0.5609833369025388,
          "regression_strength": 0.43901666309746123,
          "r_squared": 0.5778864015422915,
          "mean_stimulus_magnitude": 0.30805599999999994
        },
        "medium": {
          "slope": 0.9271888744665521,
          "regression_strength": 0.07281112553344793,
          "r_squared": 0.8822521033868488,
          "mean_stimulus_magnitude": 0.5600700000000001
        },
        "long": {
          "slope": 0.6047511605921505,
          "regression_strength": 0.3952488394078495,
          "r_squared": 0.5331189501198762,
          "mean_stimulus_magnitude": 0.7080560000000001
        }
      },
      "correlation_analysis": {
        "correlation_magnitude_regression": -0.2558045837431916,
        "p_value": 0.8353192695772034,
        "interpretation": "Regression strength decreases with stimulus magnitude (r=-0.256)"
      },
      "pairwise_comparison_on_overlap": {
        "short_vs_medium": {
          "categories": [
            "medium",
            "short"
          ],
          "error": "Insufficient data in common bins for t-test.",
          "t_statistic": NaN,
          "p_value": NaN,
          "is_significant": false,
          "n_overlapping_bins": 0
        },
        "short_vs_long": {
          "error": "No overlapping data found or insufficient data after binning for short vs long."
        },
        "medium_vs_long": {
          "categories": [
            "long",
            "medium"
          ],
          "t_statistic": 6.333333333333349,
          "p_value": 0.09969585127662633,
          "is_significant": false,
          "n_overlapping_bins": 2,
          "mean_long": 0.7289999999999999,
          "mean_medium": 0.653
        }
      }
    }
  }
}