model,scope,k,aic,rmse_to_llm,r2_to_llm,r2_to_truth,rmse_vs_truth,bias_vs_truth,aic_weight
Combo_NonOracle,overall,0.0,-762.5955873530759,0.0631004428941253,0.8294536524756981,0.5095744910855878,0.1485290534063305,-0.09544875906520665,0.6017167941378049
EmpiricalLinear,overall,2.0,-761.7703402166158,0.062378774213718804,0.8333323620841763,0.48731914502006235,0.15186176303066024,-0.09935965384124391,0.39828320586219507
Equal,overall,0.0,-672.6943899257249,0.08739663359439107,0.6728348643995015,0.5601306927574466,0.14066521591732276,-0.07420215579710143,1.8096523594134202e-20
Combo_Oracle,overall,0.0,-572.5024303914711,0.12564633696334204,0.3237967222247239,0.7734093787334666,0.10095918885418695,-2.0595441616234788e-16,3.1709367182340166e-42
LLM(Combined),overall,,,0.0,1.0,0.5336108588911476,0.14484353071204262,-0.105563115942029,
