model,scope,k,aic,rmse_to_llm,r2_to_llm,r2_to_truth,rmse_vs_truth,bias_vs_truth,aic_weight
EmpiricalLinear,overall,2.0,-634.685707985291,0.11896185779426109,0.431056693943237,0.5250353678425865,0.14510674529194612,-0.08264417928547554,0.5929467052468916
Equal,overall,0.0,-633.245886241564,0.12113863798097554,0.41004499599416233,0.5705557661017517,0.137978161327725,-0.07831623163267494,0.28864387158691635
Combo_NonOracle,overall,0.0,-631.4637955552599,0.12186037966889737,0.4029941727869961,0.44305853833198183,0.15713095155181728,-0.08764585487723776,0.11840942316619202
Combo_Oracle,overall,0.0,-503.31902465054867,0.1867975101602472,-0.40279975961831904,0.7118450609927605,0.11302382461053467,2.3684757858670008e-17,1.7664559873312833e-29
LLM(Combined),overall,,,0.0,1.0,-0.06921552705116896,0.21771562262119212,-0.16425666666666666,
