range_category,regression_angle,scalar_variability,short_vs_medium_t,medium_vs_long_t,response_autocorr,stimulus_autocorr
short,37.402640747093116,0.24259518863023102,,,0.2793266890879998,0.24718809267831113
medium,34.591033229535086,0.31113601419874604,,,0.22518791904952176,0.217956842254054
long,26.583732669351363,0.20547709786300944,,,-0.02741543414964722,0.21906490146470325
