range_category,regression_angle,scalar_variability,short_vs_medium_t,medium_vs_long_t,response_autocorr,stimulus_autocorr
short,32.29309364168497,0.2266832078343868,,,0.17320122640965063,0.24718809267831113
medium,22.956854536504817,0.13299170838688942,,,0.07630913985424942,0.217956842254054
long,32.95766135864424,0.3421875950238297,,,0.45456550575015536,0.21906490146470325
