range_category,regression_angle,scalar_variability,short_vs_medium_t,medium_vs_long_t,response_autocorr,stimulus_autocorr
short,28.28000416989244,0.11914183893142556,,,0.23359202414108543,0.23521755130669833
medium,5.556488800676538,0.13539038255758037,,2.3170731707317085,-0.3657751632463638,0.23520721737985426
long,44.43090731586999,0.15117250880911595,,,0.28055897961376625,0.23521755130669839
