{
    "Basic Single-Stage": {
        "model_name": "bayes_basic_single",
        "params": {
            "w_p": 0.1797316995315606,
            "delta": 0.01691666189084498
        },
        "steady_state_weight": null,
        "mode": "single",
        "model_type": "basic",
        "r_squared": 0.6154548816200203,
        "aic": -130.6045724078732,
        "bic": -127.80217764454889,
        "n_params": 2,
        "mse": 0.011255392603830811,
        "rmse": 0.10609143511061961,
        "predictions": [
            0.6802168076561804,
            0.8688785167639216,
            0.795054369721762,
            0.75404095469834,
            0.606392660614021,
            0.6802168076561804,
            0.8688785167639216,
            0.795054369721762,
            0.75404095469834,
            0.606392660614021,
            0.5238114416468117,
            0.7616892487826592,
            0.6714597357311308,
            0.61404095469834,
            0.43358192859528333,
            0.5238114416468117,
            0.7616892487826592,
            0.6714597357311308,
            0.61404095469834,
            0.43358192859528333,
            0.2802168076561805,
            0.46887851676392156,
            0.395054369721762,
            0.35404095469834007,
            0.20639266061402092,
            0.2802168076561805,
            0.46887851676392156,
            0.395054369721762,
            0.35404095469834007,
            0.20639266061402092
        ],
        "converged": true,
        "confidence_intervals": {
            "w_p": [
                -11.286113060334971,
                11.645576459398091
            ],
            "delta": [
                -1.3690126296245997,
                1.4028459534062896
            ]
        }
    },
    "Basic Two-Stage": {
        "model_name": "bayes_basic_sequential",
        "params": {
            "r_div_q": 0.01,
            "delta": 0.016915698490261904
        },
        "steady_state_weight": 0.9999000099990001,
        "mode": "sequential",
        "model_type": "basic",
        "r_squared": 0.5993214183638813,
        "aic": -129.371726557562,
        "bic": -126.56933179423768,
        "n_params": 2,
        "mse": 0.011727608877885523,
        "rmse": 0.10829408514727627,
        "predictions": [
            0.6669156984902619,
            0.8968927030892913,
            0.8069246943916315,
            0.756920698389922,
            0.5769336953910517,
            0.6669067020891423,
            0.8968927021896521,
            0.8069246943915416,
            0.756920698389922,
            0.5769336953910517,
            0.506915698490262,
            0.796886704289038,
            0.6869266933919713,
            0.6169226981898821,
            0.3969376947911916,
            0.5069047028889023,
            0.796886703189472,
            0.6869266933918614,
            0.6169226981898821,
            0.3969376947911916,
            0.2669156984902619,
            0.49689270308929123,
            0.4069246943916315,
            0.35692069838992213,
            0.17693369539105164,
            0.2669067020891423,
            0.49689270218965204,
            0.40692469439154155,
            0.35692069838992213,
            0.17693369539105164
        ],
        "converged": true,
        "confidence_intervals": {
            "r_div_q": [
                -1677.8517853917617,
                1677.8717853917617
            ],
            "delta": [
                -5.072170953302276,
                5.1060023502828
            ]
        }
    },
    "Weber Single-Stage": {
        "model_name": "bayes_weber_single",
        "params": {
            "w_p": 0.08182660691069966,
            "delta": -0.0019766252103623457
        },
        "steady_state_weight": null,
        "mode": "single",
        "model_type": "weber",
        "r_squared": 0.5930526210917768,
        "aic": -128.90603626720934,
        "bic": -126.10364150388503,
        "n_params": 2,
        "mse": 0.01191109261250841,
        "rmse": 0.10913795220961593,
        "predictions": [
            0.6538180073395122,
            0.8634959867967417,
            0.7820576616242324,
            0.7364900775789229,
            0.5702007750932211,
            0.6538180073395122,
            0.8634959867967417,
            0.7820576616242324,
            0.7364900775789229,
            0.5702007750932211,
            0.49487778135052063,
            0.758360683941538,
            0.6595658843947457,
            0.5960134392176489,
            0.39185027502774233,
            0.49487778135052063,
            0.758360683941538,
            0.6595658843947457,
            0.5960134392176489,
            0.39185027502774233,
            0.25344978167046706,
            0.4613298749691861,
            0.3812534576318681,
            0.33612730491690246,
            0.16824089106311668,
            0.25344978167046706,
            0.4613298749691861,
            0.3812534576318681,
            0.33612730491690246,
            0.16824089106311668
        ],
        "converged": true,
        "confidence_intervals": {
            "w_p": [
                -12.97696469367861,
                13.140617907500008
            ],
            "delta": [
                -2.63572044532885,
                2.6317671949081256
            ]
        }
    },
    "Weber Two-Stage": {
        "model_name": "bayes_weber_sequential",
        "params": {
            "r_div_q": 0.01,
            "delta": -0.009104256587197195
        },
        "steady_state_weight": 0.9999000099990001,
        "mode": "sequential",
        "model_type": "weber",
        "r_squared": 0.5904829890618049,
        "aic": -128.71721538242102,
        "bic": -125.9148206190967,
        "n_params": 2,
        "mse": 0.011986304118161005,
        "rmse": 0.10948198079209658,
        "predictions": [
            0.644109081023248,
            0.8719981929491326,
            0.7828487116263424,
            0.7332982108962239,
            0.5549402094586878,
            0.6440994852927207,
            0.8719981916501027,
            0.7828487116262258,
            0.7332982108962239,
            0.5549402094586878,
            0.48555915115587917,
            0.77289497440171,
            0.6639379100101368,
            0.5945687884465891,
            0.3765732712655395,
            0.48554681142999306,
            0.7728949724376081,
            0.6639379100099682,
            0.5945687884465891,
            0.3765732712655395,
            0.24773425635482563,
            0.4756187599477775,
            0.38647346549362277,
            0.3369232142736067,
            0.1585618701514306,
            0.2477232046294046,
            0.47561875782612417,
            0.3864734654934504,
            0.3369232142736067,
            0.1585618701514306
        ],
        "converged": true,
        "confidence_intervals": {
            "r_div_q": [
                -748.5229862315218,
                748.5429862315218
            ],
            "delta": [
                -2.4426622619807477,
                2.4244537488063536
            ]
        }
    },
    "Linear Regression": {
        "model_name": "linear",
        "params": {
            "slope": 0.7084495215159384,
            "intercept": 0.17552012696199584
        },
        "steady_state_weight": null,
        "mode": "linear",
        "model_type": "linear",
        "log_likelihood": null,
        "r_squared": 0.7215271626795903,
        "aic": -140.28577532477874,
        "bic": -137.48338056145442,
        "n_params": 2,
        "mse": 0.008150723969005923,
        "rmse": 0.09028136003077226,