range_category,regression_angle,scalar_variability,short_vs_medium_t,medium_vs_long_t,response_autocorr,stimulus_autocorr
short,42.769077145573846,0.15310977042000343,,,0.2075217132972299,0.24718809267831113
medium,41.0840004510407,0.11066083258654816,,,-0.014418767063266546,0.217956842254054
long,39.97290930776411,0.05325351542999773,,,0.11099317904115856,0.21906490146470325
