{
  "per_range": {
    "regression_effect": {
      "long": {
        "regression_angle": 20.398473998411177,
        "slope": 0.3718663492602174,
        "intercept": 0.21096446687487413,
        "r_squared": 0.06711414449103056,
        "p_value": 0.06926621558295934,
        "regression_strength": 0.6281336507397826,
        "regression_strength_angular": 0.546700577813085
      },
      "medium": {
        "regression_angle": 16.437152900180646,
        "slope": 0.2950207495100695,
        "intercept": 0.3152877288218954,
        "r_squared": 0.12028382991555556,
        "p_value": 0.013607000964821338,
        "regression_strength": 0.7049792504899305,
        "regression_strength_angular": 0.6347299355515412
      },
      "short": {
        "regression_angle": 18.556543715898357,
        "slope": 0.33569304086433216,
        "intercept": 0.35978774460349733,
        "r_squared": 0.08745032758993698,
        "p_value": 0.0370644978035444,
        "regression_strength": 0.6643069591356678,
        "regression_strength_angular": 0.5876323618689254
      }
    },
    "weber_law": {
      "long": {
        "mean_cv": 0.26404781203664307,
        "cv_magnitude_correlation": -0.11380316221371524,
        "bin_magnitudes": [
          0.5455462499999999,
          0.63481125,
          0.72407625,
          0.76870875,
          0.8133412499999999,
          0.85797375
        ],
        "coefficient_variations": [
          0.4716687636644821,
          0.0,
          0.2548545855183314,
          0.4197327831969814,
          0.11494867464997988,
          0.32308206519008364
        ],
        "p_value": 0.8300321981452227
      },
      "medium": {
        "mean_cv": 0.11659219682248129,
        "cv_magnitude_correlation": -0.44134356957912824,
        "bin_magnitudes": [
          0.356935,
          0.468515,
          0.580095,
          0.635885,
          0.691675,
          0.747465
        ],
        "coefficient_variations": [
          0.3478382069762061,
          0.0,
          0.031309679803647336,
          0.0876996993043267,
          0.10199391704515323,
          0.1307116778055544
        ],
        "p_value": 0.3809680108680597
      },
      "short": {
        "mean_cv": 0.24436564850983822,
        "cv_magnitude_correlation": -0.039272204962729096,
        "bin_magnitudes": [
          0.14554625,
          0.23481125,
          0.32407625,
          0.36870875000000003,
          0.41334125,
          0.45797374999999996
        ],
        "coefficient_variations": [
          0.35965152394932,
          0.0,
          0.28166035839556414,
          0.393346598439346,
          0.3301053070331019,
          0.1014301032416974
        ],
        "p_value": 0.9411219774362027
      }
    },
    "sequential_effect": [
      {
        "range_category": "long",
        "n_runs": 5,
        "N_total": 50,
        "r_resp_mean": -0.6046232499287162,
        "r_stim_mean": 0.23521755130669839,
        "r_resp_weighted": -0.6194375852981301,
        "r_stim_weighted": 0.23521755130669839
      },
      {
        "range_category": "medium",
        "n_runs": 5,
        "N_total": 50,
        "r_resp_mean": -0.5980163316051456,
        "r_stim_mean": 0.23520721737985428,
        "r_resp_weighted": -0.5992753153127842,
        "r_stim_weighted": 0.23520721737985426
      },
      {
        "range_category": "short",
        "n_runs": 5,
        "N_total": 50,
        "r_resp_mean": -0.5918618584226442,
        "r_stim_mean": 0.23521755130669836,
        "r_resp_weighted": -0.6464910877925261,
        "r_stim_weighted": 0.23521755130669833
      }
    ]
  },
  "overall": {
    "range_effect": {
      "range_analyses_by_category": {
        "short": {
          "slope": 0.33569304086433216,
          "regression_strength": 0.6643069591356678,
          "r_squared": 0.08745032758993698,
          "mean_stimulus_magnitude": 0.30805599999999994
        },
        "medium": {
          "slope": 0.2950207495100695,
          "regression_strength": 0.7049792504899305,
          "r_squared": 0.12028382991555556,
          "mean_stimulus_magnitude": 0.5600700000000001
        },
        "long": {
          "slope": 0.3718663492602174,
          "regression_strength": 0.6281336507397826,
          "r_squared": 0.06711414449103056,
          "mean_stimulus_magnitude": 0.7080560000000001
        }
      },
      "correlation_analysis": {
        "correlation_magnitude_regression": -0.3342149333919351,
        "p_value": 0.783057716352732,
        "interpretation": "Regression strength decreases with stimulus magnitude (r=-0.334)"
      },
      "pairwise_comparison_on_overlap": {
        "short_vs_medium": {
          "categories": [
            "medium",
            "short"
          ],
          "error": "Insufficient data in common bins for t-test.",
          "t_statistic": NaN,
          "p_value": NaN,
          "is_significant": false,
          "n_overlapping_bins": 0
        },
        "short_vs_long": {
          "error": "No overlapping data found or insufficient data after binning for short vs long."
        },
        "medium_vs_long": {
          "categories": [
            "long",
            "medium"
          ],
          "t_statistic": -0.24498123061857335,
          "p_value": 0.8470523758810047,
          "is_significant": false,
          "n_overlapping_bins": 2,
          "mean_long": 0.45466666666666666,
          "mean_medium": 0.5046999999999999
        }
      }
    }
  }
}