model,scope,k,aic,rmse_to_llm,r2_to_llm,r2_to_truth,rmse_vs_truth,bias_vs_truth,aic_weight
EmpiricalLinear,overall,2.0,147.08993806617062,1.611179404545846,0.5620089167113039,0.6071930142902218,1.2721021274555335,0.34122753935494593,0.9997018561398671
Combo_Oracle,overall,0.0,163.32521056118716,1.7236038639321616,0.49875231055989677,0.7516705233912393,1.0114548801860477,-1.1368683772161603e-15,0.0002981438601329717
Equal,overall,0.0,255.52379704749382,2.34373542056481,0.07318163092155472,0.4902047717522334,1.4492064578000001,-1.0558416032930733,2.842871272479348e-24
Combo_NonOracle,overall,0.0,316.7399471841277,2.874273147277277,-0.39390617094602076,0.054782372789707656,1.9733234808039424,-1.6195557698964784,1.44823517360596e-37
LLM(Combined),overall,,,0.0,1.0,0.37570086171616135,1.603720738496254,0.6570838704499914,
