model,scope,k,aic,rmse_to_llm,r2_to_llm,r2_to_truth,rmse_vs_truth,bias_vs_truth,aic_weight
Combo_Oracle,overall,0.0,-115.35990878866457,0.680768460918426,0.8894597668044462,0.9256089524654212,0.5535957083861133,-1.782278028864918e-15,0.39128635054674166
Equal,overall,0.0,-114.8033360159682,0.6820326238531409,0.8890488470261345,0.928455545808083,0.5429006542023441,-0.08292333333333334,0.2962350597446909
Combo_NonOracle,overall,0.0,-114.37448880589744,0.6830082803259842,0.8887311858661209,0.9279956757787209,0.5446426748290086,-0.08769299792591077,0.2390636070722799
EmpiricalLinear,overall,2.0,-112.01328557189674,0.6792874132836794,0.8899402158106018,0.9292995781136707,0.5396887687734215,-0.08512678322384604,0.0734149826362875
LLM(Combined),overall,,,0.0,1.0,0.9314354983066271,0.5314740197475946,0.04391000000000007,
