{
    "Basic Single-Stage": {
        "model_name": "bayes_basic_single",
        "params": {
            "w_p": 0.23648774136516645,
            "delta": -0.014927337807363744
        },
        "steady_state_weight": null,
        "mode": "single",
        "model_type": "basic",
        "r_squared": 0.7787091917306431,
        "aic": -149.3064514786959,
        "bic": -146.50405671537158,
        "n_params": 2,
        "mse": 0.006033785007816226,
        "rmse": 0.07767744207822645,
        "predictions": [
            0.24866476229877807,
            0.42463143254634816,
            0.35783174503838655,
            0.3171060011628045,
            0.18192615577150728,
            0.18191852064892092,
            0.1520117454781945,
            0.39880944795931805,
            0.31786187829885304,
            0.35052493272325125,
            0.48955896976402025,
            0.7095192163541296,
            0.6260215157498241,
            0.5751181534666397,
            0.40613762038557844,
            0.40612998526299204,
            0.36874842508023065,
            0.6772455531816352,
            0.5760572735447606,
            0.6168899091365515,
            0.648664762298778,
            0.8246314325463482,
            0.7578317450383865,
            0.7171060011628045,
            0.5819261557715072,
            0.5819185206489208,
            0.5520117454781944,
            0.798809447959318,
            0.7178618782988531,
            0.750524932723251
        ],
        "converged": true,
        "confidence_intervals": {
            "w_p": [
                -10.374068273157606,
                10.84704375588794
            ],
            "delta": [
                -1.4008566233378446,
                1.371001947723117
            ]
        }
    },
    "Basic Two-Stage": {
        "model_name": "bayes_basic_sequential",
        "params": {
            "r_div_q": 0.5114905832513511,
            "delta": -0.012118354746775351
        },
        "steady_state_weight": 0.7926300517441874,
        "mode": "sequential",
        "model_type": "basic",
        "r_squared": 0.764714067739426,
        "aic": -147.46703327723034,
        "bic": -144.66463851390603,
        "n_params": 2,
        "mse": 0.006415380474799878,
        "rmse": 0.08009607028312861,
        "predictions": [
            0.23770164525322462,
            0.42858747833638755,
            0.389159735345909,
            0.33829195993477634,
            0.18359455510665412,
            0.15618279411460465,
            0.11909568410021183,
            0.37850625620876927,
            0.3372197267308825,
            0.3651079288810562,
            0.4751516452532246,
            0.7137610072219338,
            0.6644787394438608,
            0.6008985610839791,
            0.40752143798043916,
            0.3732578431453162,
            0.3269012087616984,
            0.6511648230243936,
            0.5995526175946287,
            0.6344162682749611,
            0.6377016452532246,
            0.8285874783363876,
            0.7891597353459089,
            0.7382919599347764,
            0.5835945551066541,
            0.5561827941146047,
            0.5190956841002118,
            0.7785062562087691,
            0.7372197267308825,
            0.7651079288810562
        ],
        "converged": true,
        "confidence_intervals": {
            "r_div_q": [
                -22.130212204236926,
                23.15319337073963
            ],
            "delta": [
                -1.4100834372658968,
                1.385846727772346
            ]
        }
    },
    "Weber Single-Stage": {
        "model_name": "bayes_weber_single",
        "params": {
            "w_p": 0.1323505406558077,
            "delta": -0.04981815192459033
        },
        "steady_state_weight": null,
        "mode": "single",
        "model_type": "weber",
        "r_squared": 0.7884806419470424,
        "aic": -150.66105750758157,
        "bic": -147.85866274425726,
        "n_params": 2,
        "mse": 0.005767353562780482,
        "rmse": 0.07594309424023019,
        "predictions": [
            0.24136573355838187,
            0.4255796196574499,
            0.35744331822156983,
            0.3149292906688387,
            0.16611644746384588,
            0.16610757292328113,
            0.13073283811075315,
            0.3994537985690039,
            0.31572603743827055,
            0.349875020695567,
            0.4697373713616555,
            0.702893107111771,
            0.6160260949056052,
            0.5621518372161087,
            0.3768621658005431,
            0.3768535156370694,
            0.33412015639979986,
            0.6695228502604419,
            0.563152708287352,
            0.60641617567287,
            0.6240582663957035,
            0.8121003838403681,
            0.7415911226288113,
            0.6981022386365382,
            0.5505398699857204,
            0.5505313766054301,
            0.5171052456255557,
            0.7849596900347722,
            0.6989130977737782,
            0.7338178208776461
        ],
        "converged": true,
        "confidence_intervals": {
            "w_p": [
                -12.32568053413816,
                12.590381615449774
            ],
            "delta": [
                -2.9270196852971835,
                2.8273833814480027
            ]
        }
    },
    "Weber Two-Stage": {
        "model_name": "bayes_weber_sequential",
        "params": {
            "r_div_q": 0.22610857786692762,
            "delta": -0.05853407382756684
        },
        "steady_state_weight": 0.9513615558026758,
        "mode": "sequential",
        "model_type": "weber",
        "r_squared": 0.7830866368121521,
        "aic": -149.90574171334507,
        "bic": -147.10334695002075,
        "n_params": 2,
        "mse": 0.00591442820889669,
        "rmse": 0.07690531976980974,
        "predictions": [
            0.23561670266113227,
            0.43945617733695597,
            0.3734201672587551,
            0.3224585936355922,
            0.15856912917904964,
            0.15341385382156417,
            0.11773337801840862,
            0.39686647267557074,
            0.32427182134744587,
            0.3596232108212087,
            0.45956674487890364,
            0.715690771980205,
            0.6319568581392833,
            0.5681940549102251,
            0.36432667412926706,
            0.3568688032918364,
            0.3123548170828216,
            0.6663396047544102,
            0.5707095850253621,
            0.6146298009063914,
            0.612875143962916,
            0.8186343832566108,
            0.7508817475867143,
            0.6998173314746144,
            0.537311681013312,
            0.5307434438943376,
            0.4951548330409253,
            0.7808142086088814,
            0.701985002538313,
            0.7369518423160587
        ],
        "converged": true,
        "confidence_intervals": {
            "r_div_q": [
                -22.461789781439204,
                22.91400693717306
            ],
            "delta": [
                -4.404953973501777,
                4.287885825846643
            ]
        }
    },
    "Linear Regression": {
        "model_name": "linear",
        "params": {
            "slope": 0.7287260953142568,
            "intercept": 0.12759834854512836
        },
        "steady_state_weight": null,
        "mode": "linear",
        "model_type": "linear",
        "log_likelihood": null,
        "r_squared": 0.8633550729090219,
        "aic": -163.76612987830546,
        "bic": -160.96373511498115,
        "n_params": 2,
        "mse": 0.0037258037011284897,
        "rmse": 0.06103936189974867,