{
  "per_range": {
    "regression_effect": {
      "long": {
        "regression_angle": 17.3934757012848,
        "slope": 0.3132559550644974,
        "intercept": 0.2665206523306105,
        "r_squared": 0.1343921413060719,
        "p_value": 0.0001758899443379604,
        "regression_strength": 0.6867440449355027,
        "regression_strength_angular": 0.6134783177492267
      },
      "medium": {
        "regression_angle": 17.535863134590716,
        "slope": 0.3159870803465706,
        "intercept": 0.3498899165716357,
        "r_squared": 0.22094693000310728,
        "p_value": 8.047966107643506e-07,
        "regression_strength": 0.6840129196534295,
        "regression_strength_angular": 0.6103141525646507
      },
      "short": {
        "regression_angle": 25.468936176981252,
        "slope": 0.4763101928691416,
        "intercept": 0.3161653961373141,
        "r_squared": 0.2540824622220147,
        "p_value": 8.966838630805497e-08,
        "regression_strength": 0.5236898071308584,
        "regression_strength_angular": 0.43402364051152775
      }
    },
    "weber_law": {
      "long": {
        "mean_cv": 0.16063681584509318,
        "cv_magnitude_correlation": -0.7546532948093156,
        "bin_magnitudes": [
          0.531963125,
          0.5794293749999999,
          0.626895625,
          0.674361875,
          0.7218281249999999,
          0.769294375,
          0.816760625,
          0.864226875
        ],
        "coefficient_variations": [
          0.19057535511622312,
          0.18942496547533968,
          0.2559392487443644,
          0.15074615578650272,
          0.223473817186478,
          0.12219305610175768,
          0.10049743719100179,
          0.052244491159078046
        ],
        "p_value": 0.030461042760110683
      },
      "medium": {
        "mean_cv": 0.12293372589129256,
        "cv_magnitude_correlation": -0.31179604283537643,
        "bin_magnitudes": [
          0.33995625,
          0.39928875,
          0.45862125,
          0.51795375,
          0.57728625,
          0.63661875,
          0.69595125,
          0.75528375
        ],
        "coefficient_variations": [
          0.1425269895550169,
          0.20962507415488316,
          0.147660268799445,
          0.0,
          0.10892001173794721,
          0.16216808513683995,
          0.12900392177883405,
          0.0835654559673742
        ],
        "p_value": 0.45216711988120667
      },
      "short": {
        "mean_cv": 0.17133370013598692,
        "cv_magnitude_correlation": -0.2560769353351921,
        "bin_magnitudes": [
          0.13196312500000001,
          0.179429375,
          0.22689562500000002,
          0.274361875,
          0.321828125,
          0.369294375,
          0.416760625,
          0.46422687500000004
        ],
        "coefficient_variations": [
          0.17305997145200086,
          0.22508782756057535,
          0.2141386914798738,
          0.04861017342390846,
          0.32915476168947827,
          0.14637754289080243,
          0.07710579232757896,
          0.15713484026367722
        ],
        "p_value": 0.5404332427592691
      }
    },
    "sequential_effect": [
      {
        "range_category": "long",
        "n_runs": 5,
        "N_total": 100,
        "r_resp_mean": -0.242069961038268,
        "r_stim_mean": 0.09934107071035805,
        "r_resp_weighted": -0.244619264270006,
        "r_stim_weighted": 0.09934107071035804
      },
      {
        "range_category": "medium",
        "n_runs": 5,
        "N_total": 100,
        "r_resp_mean": 0.061574372898444474,
        "r_stim_mean": 0.09933723055793858,
        "r_resp_weighted": 0.06470518259264593,
        "r_stim_weighted": 0.09933723055793858
      },
      {
        "range_category": "short",
        "n_runs": 5,
        "N_total": 100,
        "r_resp_mean": -0.5271952444300595,
        "r_stim_mean": 0.09934107071035803,
        "r_resp_weighted": -0.5295228657431094,
        "r_stim_weighted": 0.09934107071035803
      }
    ]
  },
  "overall": {
    "range_effect": {
      "range_analyses_by_category": {
        "short": {
          "slope": 0.4763101928691416,
          "regression_strength": 0.5236898071308584,
          "r_squared": 0.2540824622220147,
          "mean_stimulus_magnitude": 0.2830815
        },
        "medium": {
          "slope": 0.3159870803465706,
          "regression_strength": 0.6840129196534295,
          "r_squared": 0.22094693000310728,
          "mean_stimulus_magnitude": 0.5288510000000001
        },
        "long": {
          "slope": 0.3132559550644974,
          "regression_strength": 0.6867440449355027,
          "r_squared": 0.1343921413060719,
          "mean_stimulus_magnitude": 0.6830815
        }
      },
      "correlation_analysis": {
        "correlation_magnitude_regression": 0.9295494856379193,
        "p_value": 0.24039225988762436,
        "interpretation": "Regression strength increases with stimulus magnitude (r=0.930)"
      },
      "pairwise_comparison_on_overlap": {
        "short_vs_medium": {
          "categories": [
            "medium",
            "short"
          ],
          "t_statistic": 0.3228732015003794,
          "p_value": 0.7679861386615802,
          "is_significant": false,
          "n_overlapping_bins": 4,
          "mean_medium": 0.4925,
          "mean_short": 0.47
        },
        "short_vs_long": {
          "error": "No overlapping data found or insufficient data after binning for short vs long."
        },
        "medium_vs_long": {
          "categories": [
            "long",
            "medium"
          ],
          "t_statistic": -2.6000000000000023,
          "p_value": 0.23375012250468663,
          "is_significant": false,
          "n_overlapping_bins": 2,
          "mean_long": 0.4425,
          "mean_medium": 0.54
        }
      }
    }
  }
}