model,scope,k,aic,rmse_to_llm,r2_to_llm,r2_to_truth,rmse_vs_truth,bias_vs_truth,aic_weight
Combo_NonOracle,overall,0.0,-856.0963293626186,0.05763331855624904,0.9991923630103676,0.9998844970995708,0.021813674210244986,0.003067408106444538,0.676484875852379
Combo_Oracle,overall,0.0,-853.9555147710586,0.05804606365381241,0.9991807536890626,0.9998989471494774,0.020403593472492192,8.496906881797865e-16,0.23194558462317394
EmpiricalLinear,overall,2.0,-852.0967065376926,0.05763324609679059,0.9991923650411686,0.9998841719054883,0.021844360417110163,0.00307799340693599,0.09156953952444706
Equal,overall,0.0,-493.6017177318404,0.19294713121736903,0.9909479780485291,0.9909944547105412,0.19261379359508476,0.024403989304247004,1.3048281457934321e-79
LLM(Combined),overall,,,0.0,1.0,0.9992940565052493,0.05392837671106379,0.0012399544666666796,
