model,scope,k,aic,rmse_to_llm,r2_to_llm,r2_to_truth,rmse_vs_truth,bias_vs_truth,aic_weight
Combo_Oracle,overall,0.0,-82.81793037182204,0.6909257572602369,0.8646308815246804,0.8600466704667213,0.7653973824120669,-3.251367429259387e-16,0.9840615044645228
Combo_NonOracle,overall,0.0,-73.30503501510485,0.720900163620886,0.8526306789804183,0.8239714146344995,0.8583945559120023,-0.38613059838955,0.008459082542948875
EmpiricalLinear,overall,2.0,-73.05885414665939,0.7089198951280864,0.8574880890755022,0.8232692672027132,0.860104845441148,-0.35173899245909307,0.007479382888568809
Equal,overall,0.0,-48.21284586799109,0.8063511841269021,0.8156236172003226,0.8020749268808042,0.9102187179758343,-0.4527044642857142,3.010395943168743e-08
LLM(Combined),overall,,,0.0,1.0,0.8788417421435502,0.7121506338323775,-0.13466874999999992,
