{
  "per_range": {
    "regression_effect": {
      "long": {
        "regression_angle": 38.26122860589457,
        "slope": 0.7886542539771165,
        "intercept": 0.017588623545978788,
        "r_squared": 0.5793588932691358,
        "p_value": 1.3975383359557089e-10,
        "regression_strength": 0.21134574602288347,
        "regression_strength_angular": 0.14975047542456504
      },
      "medium": {
        "regression_angle": 41.28545219269112,
        "slope": 0.8780716937181573,
        "intercept": -0.022781613500728437,
        "r_squared": 0.870242379315021,
        "p_value": 6.35536475316624e-23,
        "regression_strength": 0.1219283062818427,
        "regression_strength_angular": 0.08254550682908628
      },
      "short": {
        "regression_angle": 51.55097477971501,
        "slope": 1.2594706677668956,
        "intercept": 0.0460125039704013,
        "r_squared": 0.7610929426324478,
        "p_value": 1.5600822897828086e-16,
        "regression_strength": -0.25947066776689565,
        "regression_strength_angular": 0.14557721732700027
      }
    },
    "weber_law": {
      "long": {
        "mean_cv": 0.07833084780621179,
        "cv_magnitude_correlation": 0.29620368471183356,
        "bin_magnitudes": [
          0.5455462499999999,
          0.63481125,
          0.72407625,
          0.76870875,
          0.8133412499999999,
          0.85797375
        ],
        "coefficient_variations": [
          0.07904047645321259,
          0.0,
          0.062005444317027016,
          0.13073923179399227,
          0.16798279944196062,
          0.03021713483107827
        ],
        "p_value": 0.5686884284164758
      },
      "medium": {
        "mean_cv": 0.04659623592547635,
        "cv_magnitude_correlation": -0.6060067425131436,
        "bin_magnitudes": [
          0.356935,
          0.468515,
          0.580095,
          0.635885,
          0.691675,
          0.747465
        ],
        "coefficient_variations": [
          0.13156935671660844,
          0.0,
          0.062005444317027,
          0.08600261451922267,
          0.0,
          0.0
        ],
        "p_value": 0.20226610841194437
      },
      "short": {
        "mean_cv": 0.13662197070564405,
        "cv_magnitude_correlation": -0.4240001797081549,
        "bin_magnitudes": [
          0.14554625,
          0.23481125,
          0.32407625,
          0.36870875000000003,
          0.41334125,
          0.45797374999999996
        ],
        "coefficient_variations": [
          0.4239708751692162,
          0.0,
          0.0,
          0.08600261451922267,
          0.20327890704543541,
          0.10647942749998997
        ],
        "p_value": 0.40211229089860795
      }
    },
    "sequential_effect": [
      {
        "range_category": "long",
        "n_runs": 5,
        "N_total": 50,
        "r_resp_mean": -0.15260375008306837,
        "r_stim_mean": 0.23521755130669839,
        "r_resp_weighted": -0.15466241588085242,
        "r_stim_weighted": 0.23521755130669839
      },
      {
        "range_category": "medium",
        "n_runs": 5,
        "N_total": 50,
        "r_resp_mean": 0.3137109281696539,
        "r_stim_mean": 0.23520721737985428,
        "r_resp_weighted": 0.31526362899808974,
        "r_stim_weighted": 0.23520721737985426
      },
      {
        "range_category": "short",
        "n_runs": 5,
        "N_total": 50,
        "r_resp_mean": 0.23450856907177747,
        "r_stim_mean": 0.23521755130669836,
        "r_resp_weighted": 0.23459455235341578,
        "r_stim_weighted": 0.23521755130669833
      }
    ]
  },
  "overall": {
    "range_effect": {
      "range_analyses_by_category": {
        "short": {
          "slope": 1.2594706677668956,
          "regression_strength": -0.25947066776689565,
          "r_squared": 0.7610929426324478,
          "mean_stimulus_magnitude": 0.30805599999999994
        },
        "medium": {
          "slope": 0.8780716937181573,
          "regression_strength": 0.1219283062818427,
          "r_squared": 0.870242379315021,
          "mean_stimulus_magnitude": 0.5600700000000001
        },
        "long": {
          "slope": 0.7886542539771165,
          "regression_strength": 0.21134574602288347,
          "r_squared": 0.5793588932691358,
          "mean_stimulus_magnitude": 0.7080560000000001
        }
      },
      "correlation_analysis": {
        "correlation_magnitude_regression": 0.981088384767315,
        "p_value": 0.12400701456749716,
        "interpretation": "Regression strength increases with stimulus magnitude (r=0.981)"
      },
      "pairwise_comparison_on_overlap": {
        "short_vs_medium": {
          "categories": [
            "medium",
            "short"
          ],
          "error": "Insufficient data in common bins for t-test.",
          "t_statistic": NaN,
          "p_value": NaN,
          "is_significant": false,
          "n_overlapping_bins": 0
        },
        "short_vs_long": {
          "error": "No overlapping data found or insufficient data after binning for short vs long."
        },
        "medium_vs_long": {
          "categories": [
            "long",
            "medium"
          ],
          "t_statistic": -1.363636363636364,
          "p_value": 0.40282041930494183,
          "is_significant": false,
          "n_overlapping_bins": 2,
          "mean_long": 0.54,
          "mean_medium": 0.615
        }
      }
    }
  }
}