{
    "Basic Single-Stage": {
        "model_name": "bayes_basic_single",
        "params": {
            "w_p": 1.0,
            "delta": 0.3202253607147681
        },
        "steady_state_weight": null,
        "mode": "single",
        "model_type": "basic",
        "r_squared": 0.0098698682432804,
        "aic": 36.52400099674687,
        "bic": 39.32639576007118,
        "n_params": 2,
        "mse": 2.956875180251539,
        "rmse": 1.7195566813139773,
        "predictions": [
            0.6282813607147681,
            0.6282813607147681,
            0.6282813607147681,
            0.6282813607147681,
            0.6282813607147681,
            0.6282813607147681,
            0.6282813607147681,
            0.6282813607147681,
            0.6282813607147681,
            0.6282813607147681,
            0.8802953607147681,
            0.8802953607147681,
            0.8802953607147681,
            0.8802953607147681,
            0.8802953607147681,
            0.8802953607147681,
            0.8802953607147681,
            0.8802953607147681,
            0.8802953607147681,
            0.8802953607147681,
            1.028281360714768,
            1.028281360714768,
            1.028281360714768,
            1.028281360714768,
            1.028281360714768,
            1.028281360714768,
            1.028281360714768,
            1.028281360714768,
            1.028281360714768,
            1.028281360714768
        ],
        "converged": true,
        "confidence_intervals": {
            "w_p": [
                -9.568816846446596,
                11.568816846446596
            ],
            "delta": [
                -1.0657073381070734,
                1.7061580595366095
            ]
        }
    },
    "Basic Two-Stage": {
        "model_name": "bayes_basic_sequential",
        "params": {
            "r_div_q": 1.0992368414650586,
            "delta": 0.3263440508000544
        },
        "steady_state_weight": 0.45283258777588975,
        "mode": "sequential",
        "model_type": "basic",
        "r_squared": -0.0015109572852400888,
        "aic": 36.866862337774144,
        "bic": 39.66925710109845,
        "n_params": 2,
        "mse": 2.990862309273004,
        "rmse": 1.7294109717684238,
        "predictions": [
            0.5761640508000544,
            0.7251259611802623,
            0.7215620258051936,
            0.6888124035133889,
            0.5715957537454753,
            0.5230724034365107,
            0.4800301034250547,
            0.6514888806281907,
            0.6604518042383696,
            0.689218474388699,
            0.8136140508000544,
            0.9998180546245614,
            0.9953651516336219,
            0.9544318639884186,
            0.8079081970399584,
            0.7472542917031166,
            0.6934529978070009,
            0.9077771244823394,
            0.9189781224169036,
            0.9549382873261907,
            0.9761640508000544,
            1.1251259611802624,
            1.1215620258051935,
            1.0888124035133888,
            0.9715957537454754,
            0.9230724034365108,
            0.8800301034250546,
            1.0514888806281906,
            1.0604518042383697,
            1.089218474388699
        ],
        "converged": true,
        "confidence_intervals": {
            "r_div_q": [
                -19.98824253770909,
                22.186716220639205
            ],
            "delta": [
                -1.061897119587826,
                1.7145852211879347
            ]
        }
    },
    "Weber Single-Stage": {
        "model_name": "bayes_weber_single",
        "params": {
            "w_p": 1.0,
            "delta": 0.47006004825738823
        },
        "steady_state_weight": null,
        "mode": "single",
        "model_type": "weber",
        "r_squared": 0.004879563890125671,
        "aic": 36.674822659094566,
        "bic": 39.477217422418875,
        "n_params": 2,
        "mse": 2.9717779759654364,
        "rmse": 1.723884559930112,
        "predictions": [
            0.4490310422587193,
            0.4490310422587193,
            0.4490310422587193,
            0.4490310422587193,
            0.4490310422587193,
            0.4490310422587193,
            0.4490310422587193,
            0.4490310422587193,
            0.4490310422587193,
            0.4490310422587193,
            0.8612759772475692,
            0.8612759772475692,
            0.8612759772475692,
            0.8612759772475692,
            0.8612759772475692,
            0.8612759772475692,
            0.8612759772475692,
            0.8612759772475692,
            0.8612759772475692,
            0.8612759772475692,
            1.116023156743458,
            1.116023156743458,
            1.116023156743458,
            1.116023156743458,
            1.116023156743458,
            1.116023156743458,
            1.116023156743458,
            1.116023156743458,
            1.116023156743458,
            1.116023156743458
        ],
        "converged": true,
        "confidence_intervals": {
            "w_p": [
                -4.553264210653874,
                6.553264210653874
            ],
            "delta": [
                -1.1542961642334424,
                2.094416260748219
            ]
        }
    },
    "Weber Two-Stage": {
        "model_name": "bayes_weber_sequential",
        "params": {
            "r_div_q": 1.705242464556756,
            "delta": 0.4306311895679797
        },
        "steady_state_weight": 0.2558950633432767,
        "mode": "sequential",
        "model_type": "weber",
        "r_squared": -0.00933471155975707,
        "aic": 37.100310123531536,
        "bic": 39.902704886855844,
        "n_params": 2,
        "mse": 3.0142267783349252,
        "rmse": 1.7361528672138653,
        "predictions": [
            0.38428068985129343,
            0.5589984851694907,
            0.5801931777823863,
            0.5532510433849461,
            0.3890271838631799,
            0.3200872936415219,
            0.25424940841188043,
            0.393400519485757,
            0.44606847735425115,
            0.5041699736730474,
            0.7495329594971182,
            0.9782636410535817,
            1.0000992861084546,
            0.9640260071257069,
            0.7706098671173315,
            0.6807222933759408,
            0.5975870147068891,
            0.7898522496437208,
            0.8461076520253527,
            0.9129600209470956,
            0.9995719421500087,
            1.1896003643052413,
            1.2038160539231282,
            1.1734062032610242,
            1.0252133837349449,
            0.9513475397574948,
            0.8839289892664788,
            1.0478804226054488,
            1.0869588703547048,
            1.1372165501915557
        ],
        "converged": true,
        "confidence_intervals": {
            "r_div_q": [
                -1617.8442890064791,
                1621.2547739355925
            ],
            "delta": [
                -3.405753705981103,
                4.267016085117063
            ]
        }
    },
    "Linear Regression": {
        "model_name": "linear",
        "params": {
            "slope": 0.40484295675449367,
            "intercept": 0.6329173188892747
        },
        "steady_state_weight": null,
        "mode": "linear",
        "model_type": "linear",
        "log_likelihood": null,
        "r_squared": 0.00243287457521002,
        "aic": 36.74849270459605,
        "bic": 39.55088746792036,
        "n_params": 2,
        "mse": 2.979084646752462,
        "rmse": 1.7260025048511551,