model,scope,k,aic,rmse_to_llm,r2_to_llm,r2_to_truth,rmse_vs_truth,bias_vs_truth,aic_weight
EmpiricalLinear,overall,2.0,-565.8464851475708,0.14964517548685682,0.42782324048158404,0.11090650838314742,0.19852597826478255,-0.09842332017471978,0.9115885764615098
Combo_NonOracle,overall,0.0,-561.1801096006626,0.15403115907844048,0.3937916124750027,0.09856116719819963,0.19989952432058788,-0.10770553995670158,0.08841140635924731
Equal,overall,0.0,-530.2724901534624,0.17074655316189158,0.2550816633887808,-0.08148563825448552,0.21895456661143195,-0.07751066666666664,1.717924255635715e-08
Combo_Oracle,overall,0.0,-493.3842532227742,0.19308704576588032,0.047398963320053666,0.35758283330468266,0.1687532703630418,7.105427357601002e-17,1.6781282115924667e-16
LLM(Combined),overall,,,0.0,1.0,-0.07682168639917597,0.2184819311522122,-0.11119399999999999,
