model,scope,k,aic,rmse_to_llm,r2_to_llm,r2_to_truth,rmse_vs_truth,bias_vs_truth,aic_weight
EmpiricalLinear,overall,3.0,-817.1904566702152,0.06431462725898668,0.07690590750613935,0.013030523484397816,0.2091681185733479,0.003660222266666449,0.9999999999841369
Bayes(stimulus),overall,0.0,-767.456409465403,0.07744494116875048,-0.3384820952069272,0.019050471148186365,0.2085292401148538,-0.008853261988754434,1.5863129443881302e-11
Bayes(range),overall,0.0,-742.3965239174584,0.08419202478013858,-0.5818611720847906,0.0038453276169304607,0.21013917231535229,-0.022767481134486095,5.73725116495963e-17
Equal,overall,0.0,-731.8398051951714,0.08720740627016935,-0.6972006810633447,-0.0027314570099243873,0.21083171861305244,-0.024744,2.9264527655004466e-19
LLM(Combined),overall,,,0.0,1.0,0.056946109936808265,0.20446166101659505,0.003660222266666698,
