range_category,w_img_bayes,w_txt_bayes
short,0.5680840366707982,0.4319159633292018
medium,0.5212829249008806,0.4787170750991194
long,0.581073465794359,0.41892653420564097
