{
    "Basic Single-Stage": {
        "model_name": "bayes_basic_single",
        "params": {
            "w_p": 0.0,
            "delta": 0.018646668952093607
        },
        "steady_state_weight": null,
        "mode": "single",
        "model_type": "basic",
        "r_squared": 0.9282220708560892,
        "aic": -27.085735326102075,
        "bic": -24.283340562777763,
        "n_params": 2,
        "mse": 0.3548024951555552,
        "rmse": 0.5956529989478397,
        "predictions": [
            2.8470466689520935,
            5.018646668952093,
            4.261246668952094,
            3.6242466689520936,
            2.2547466689520936,
            2.2547466689520936,
            1.4328466689520936,
            5.018646668952093,
            3.6242466689520936,
            4.261246668952094,
            5.018646668952093,
            7.089746668952093,
            6.4217466689520935,
            5.6755466689520935,
            4.261246668952094,
            4.261246668952094,
            3.6242466689520936,
            7.089746668952093,
            5.6755466689520935,
            6.4217466689520935,
            7.089746668952093,
            9.238146668952094,
            8.503946668952095,
            7.828846668952093,
            5.6755466689520935,
            5.6755466689520935,
            5.6755466689520935,
            8.503946668952095,
            7.828846668952093,
            8.503946668952095
        ],
        "converged": true,
        "confidence_intervals": {
            "w_p": [
                -1.153093039403623,
                1.153093039403623
            ],
            "delta": [
                -1.367282872820264,
                1.4045762107244513
            ]
        }
    },
    "Basic Two-Stage": {
        "model_name": "bayes_basic_sequential",
        "params": {
            "r_div_q": 0.01,
            "delta": 0.018660776421090926
        },
        "steady_state_weight": 0.9999000099990001,
        "mode": "sequential",
        "model_type": "basic",
        "r_squared": 0.9282107864522068,
        "aic": -27.081019328322096,
        "bic": -24.278624564997784,
        "n_params": 2,
        "mse": 0.3548582746228871,
        "rmse": 0.5956998192234803,
        "predictions": [
            2.847060776421091,
            5.018443659843926,
            4.26133647956956,
            3.624324471253076,
            2.254897705406146,
            2.2547607901112516,
            1.4329429499885677,
            5.018302276334881,
            3.6244001526972203,
            4.261197103092748,
            5.018660776421091,
            7.089553707834349,
            6.4218275423617115,
            5.67563538817608,
            4.2614021856018445,
            4.261260790559182,
            3.6243244636856886,
            7.089414302081221,
            5.675702133503654,
            6.421686185474242,
            7.08976077642109,
            9.237945979380024,
            8.504034160265352,
            7.828928280259382,
            5.675776070114888,
            5.675560797946155,
            5.675560776423243,
            8.503677992974955,
            7.8289282446497745,
            8.50389328666519
        ],
        "converged": true,
        "confidence_intervals": {
            "r_div_q": [
                -1.9499999985691676,
                1.9699999985691676
            ],
            "delta": [
                -1.3672685153205755,
                1.4045900681627572
            ]
        }
    },
    "Weber Single-Stage": {
        "model_name": "bayes_weber_single",
        "params": {
            "w_p": 0.0,
            "delta": 0.009946721004219068
        },
        "steady_state_weight": null,
        "mode": "single",
        "model_type": "weber",
        "r_squared": 0.9288397372290021,
        "aic": -27.345008985910194,
        "bic": -24.542614222585883,
        "n_params": 2,
        "mse": 0.35174933420626364,
        "rmse": 0.5930845927911664,
        "predictions": [
            2.8566736978172313,
            5.049981780292065,
            4.285010541727671,
            3.6416428641919967,
            2.258452857308002,
            2.258452857308002,
            1.4283368539067927,
            5.049981780292065,
            3.6416428641919967,
            4.285010541727671,
            5.049981780292065,
            7.141785229183952,
            6.467107664672446,
            5.713448385273515,
            4.285010541727671,
            4.285010541727671,
            3.6416428641919967,
            7.141785229183952,
            5.713448385273515,
            6.467107664672446,
            7.141785229183952,
            9.311661396244617,
            8.570122073094396,
            7.888273534469067,
            5.713448385273515,
            5.713448385273515,
            5.713448385273515,
            8.570122073094396,
            7.888273534469067,
            8.570122073094396
        ],
        "converged": true,
        "confidence_intervals": {
            "w_p": [
                -1.1701848723749124,
                1.1701848723749124
            ],
            "delta": [
                -0.243172746245979,
                0.26306618825441713
            ]
        }
    },
    "Weber Two-Stage": {
        "model_name": "bayes_weber_sequential",
        "params": {
            "r_div_q": 0.01,
            "delta": 0.00995558009512684
        },
        "steady_state_weight": 0.9999000099990001,
        "mode": "sequential",
        "model_type": "weber",
        "r_squared": 0.9288252283271639,
        "aic": -27.338892911662533,
        "bic": -24.53649814833822,
        "n_params": 2,
        "mse": 0.35182105255528257,
        "rmse": 0.5931450518678231,
        "predictions": [
            2.8566990054701744,
            5.049738870980021,
            4.285118852206462,
            3.6417343663225323,
            2.258580749580631,
            2.25847287603068,
            1.4284149387465788,
            5.049388955098793,
            3.641794122627268,
            4.284978819070363,
            5.050026518746768,
            7.1416010321274745,
            6.467229098851147,
            5.713569787214784,
            4.285171766375108,
            4.285048515526287,
            3.6417343603460735,
            7.141367599818481,
            5.713626429956562,
            6.467084856380582,
            7.141848499197658,
            9.311496897162446,
            8.570269080537397,
            7.888408809517175,
            5.713683263827145,
            5.713499019887477,
            5.713499001467064,
            8.569850586885941,
            7.888408771004157,
            8.570126967575609
        ],
        "converged": true,
        "confidence_intervals": {
            "r_div_q": [
                -113.92182692924749,
                113.9418269292475
            ],
            "delta": [
                -0.2909570745670083,
                0.31086823475726194
            ]
        }
    },
    "Linear Regression": {
        "model_name": "linear",
        "params": {
            "slope": 1.0579331747991605,
            "intercept": -0.2982512754752296
        },
        "steady_state_weight": null,
        "mode": "linear",
        "model_type": "linear",
        "log_likelihood": null,
        "r_squared": 0.9310139355555713,
        "aic": -28.275907373232215,
        "bic": -25.473512609907903,
        "n_params": 2,
        "mse": 0.3410021449179922,
        "rmse": 0.5839538893765434,
        "predictions": "[2.69400692 4.9914146  4.19013601 3.51623258 2.0673931  2.0673931\n 1.19787782 4.9914146  3.51623258 4.19013601 4.9914146  7.1825\n 6.47580064 5.6863709  4.19013601 4.19013601 3.51623258 7.1825\n 5.6863709  6.47580064 7.1825     9.45536363 8.67862909 7.96441841\n 5.6863709  5.6863709  5.6863709  8.67862909 7.96441841 8.67862909]",
        "converged": true,
        "confidence_intervals": {}
    }
}