model,scope,k,aic,rmse_to_llm,r2_to_llm,r2_to_truth,rmse_vs_truth,bias_vs_truth,aic_weight
EmpiricalLinear,overall,2.0,388.03254571285,3.597029930747047,-0.6039970426925518,-5.8999013735895085,5.331554083764178,4.502563684219404,0.9999999644700251
Equal,overall,0.0,422.3383239122749,4.08693137354707,-1.0706664674255904,-2.1642804734268117,3.6105208990416697,3.1149016666666665,3.552997483308069e-08
Combo_NonOracle,overall,0.0,473.0980084721374,4.840380636657509,-1.904520793427411,-0.6848087678932484,2.6345575177977376,2.186032401937884,3.374966342604664e-19
Combo_Oracle,overall,0.0,578.2832416420224,6.873069509295581,-4.856213915409669,0.4866573442050146,1.4542398930203457,-9.000207986294603e-16,4.87064272919515e-42
LLM(Combined),overall,,,0.0,1.0,-10.195710963258776,6.791382895527734,6.431643333333333,
