model,scope,k,aic,rmse_to_llm,r2_to_llm,r2_to_truth,rmse_vs_truth,bias_vs_truth,aic_weight
EmpiricalLinear,overall,3.0,-833.1878991737664,0.060974898629133474,0.9340396053477695,0.9131931186360451,0.0620327031061453,-0.022060666666666166,0.9999999999996523
Equal,overall,0.0,-775.4006977673666,0.07542104038882873,0.8990825868920709,0.9124506392228783,0.06229742830433157,-0.02646066666666666,2.829232591277876e-13
Bayes(range),overall,0.0,-772.4537863332255,0.07616555485362654,0.8970803520716758,0.9481893218930366,0.047924022943342665,-0.00969338354500468,6.482685682301566e-14
Bayes(stimulus),overall,0.0,-755.158338214914,0.08068565627797011,0.8845021916966413,0.8716843532402532,0.07541946334963179,-0.036195807476088235,1.137879111865453e-17
LLM(Combined),overall,,,0.0,1.0,0.8932331670053973,0.06879578165362564,-0.02206066666666666,
