range_category,w_img_bayes,w_txt_bayes
short,0.33611486397738166,0.6638851360226183
medium,0.7737261428590754,0.22627385714092463
long,0.5971994694432298,0.40280053055677023
