{
  "empirical_linear": {
    "w_txt_norm": 0.3706679856413091,
    "w_img_norm": 0.6293320143586909
  },
  "combo_oracle": {
    "w_txt_norm": 0.6564130364845387,
    "w_img_norm": 0.34358696351546125
  },
  "combo_non_oracle": {
    "w_txt_norm": 0.5903321263918864,
    "w_img_norm": 0.4096678736081137
  }
}