{
    "Basic Single-Stage": {
        "model_name": "bayes_basic_single",
        "params": {
            "w_p": 0.3092638596085714,
            "delta": -0.026594005349699787
        },
        "steady_state_weight": null,
        "mode": "single",
        "model_type": "basic",
        "r_squared": 0.4825096280318062,
        "aic": -125.50487410450293,
        "bic": -122.70247934117862,
        "n_params": 2,
        "mse": 0.013341122585232075,
        "rmse": 0.11550377736347879,
        "predictions": [
            0.24123628477846493,
            0.4004302430544775,
            0.33999773813163137,
            0.3031538724031526,
            0.18085903874685022,
            0.18085213138544626,
            0.153795996766314,
            0.37706954678643934,
            0.30383770118214015,
            0.3333873932680854,
            0.48319040362980414,
            0.6821845783151709,
            0.6066456740019642,
            0.5605942955220677,
            0.4077205729306367,
            0.4077136655692328,
            0.37389522413566845,
            0.6529871616608252,
            0.5614439009747492,
            0.5983844697628826,
            0.641236284778465,
            0.8004302430544776,
            0.7399977381316314,
            0.7031538724031526,
            0.5808590387468502,
            0.5808521313854462,
            0.553795996766314,
            0.7770695467864392,
            0.7038377011821402,
            0.7333873932680854
        ],
        "converged": true,
        "confidence_intervals": {
            "w_p": [
                -10.301293511705387,
                10.919821230922528
            ],
            "delta": [
                -1.4125232996568522,
                1.3593352889574526
            ]
        }
    },
    "Basic Two-Stage": {
        "model_name": "bayes_basic_sequential",
        "params": {
            "r_div_q": 0.6252415631926154,
            "delta": -0.02288947601532555
        },
        "steady_state_weight": 0.7189449849817208,
        "mode": "sequential",
        "model_type": "basic",
        "r_squared": 0.4497873301459483,
        "aic": -123.66558915258052,
        "bic": -120.86319438925621,
        "n_params": 2,
        "mse": 0.014184717386243257,
        "rmse": 0.11909961119266199,
        "predictions": [
            0.22693052398467445,
            0.40683668173860055,
            0.3784215462448019,
            0.33086296238391477,
            0.1837416756309485,
            0.14973286014868376,
            0.11175567466604604,
            0.35151412681323796,
            0.32540760171087313,
            0.3522671139938077,
            0.46438052398467444,
            0.6892651726909207,
            0.6537485991715103,
            0.5943047542268961,
            0.41039839232075925,
            0.36788819661781635,
            0.32041882734016613,
            0.6201173807652691,
            0.5874804927845081,
            0.6210578651618739,
            0.6269305239846744,
            0.8068366817386007,
            0.7784215462448019,
            0.7308629623839148,
            0.5837416756309485,
            0.5497328601486837,
            0.511755674666046,
            0.7515141268132378,
            0.7254076017108732,
            0.7522671139938077
        ],
        "converged": true,
        "confidence_intervals": {
            "r_div_q": [
                -25.51647036574087,
                26.766953492126103
            ],
            "delta": [
                -1.41935894147709,
                1.3735799894464389
            ]
        }
    },
    "Weber Single-Stage": {
        "model_name": "bayes_weber_single",
        "params": {
            "w_p": 0.17022407680678342,
            "delta": -0.08275678907181885
        },
        "steady_state_weight": null,
        "mode": "single",
        "model_type": "weber",
        "r_squared": 0.5186259549736477,
        "aic": -127.67509475773684,
        "bic": -124.87269999441253,
        "n_params": 2,
        "mse": 0.012410028267038572,
        "rmse": 0.11140030640459914,
        "predictions": [
            0.23457582631538265,
            0.40349400838248706,
            0.34148451642274075,
            0.3025362474834729,
            0.16409795103636662,
            0.16408956699389488,
            0.13050168063962422,
            0.3797727837285188,
            0.3032681905437094,
            0.33456651323393777,
            0.45623353723173427,
            0.670781411357697,
            0.5912778339462775,
            0.5417276964621384,
            0.369564975889561,
            0.3695568634896759,
            0.3293767911925546,
            0.6402936720478881,
            0.542650066600534,
            0.5824535914680521,
            0.6054581194531078,
            0.778889264524793,
            0.7140889853866788,
            0.6739884842889364,
            0.5370613857604606,
            0.5370534619803182,
            0.5058267858868686,
            0.7539763861804184,
            0.6747371439032707,
            0.7069290418574372
        ],
        "converged": true,
        "confidence_intervals": {
            "w_p": [
                -12.688920729140548,
                13.029368882754117
            ],
            "delta": [
                -3.0464638379789655,
                2.880950259835328
            ]
        }
    },
    "Weber Two-Stage": {
        "model_name": "bayes_weber_sequential",
        "params": {
            "r_div_q": 0.29144393147433684,
            "delta": -0.0922644221504412
        },
        "steady_state_weight": 0.921710325700869,
        "mode": "sequential",
        "model_type": "weber",
        "r_squared": 0.5113241056378843,
        "aic": -127.22348481407579,
        "bic": -124.42109005075147,
        "n_params": 2,
        "mse": 0.012598273058370267,
        "rmse": 0.11224202893021075,
        "predictions": [
            0.2278017764998839,
            0.41765967483355926,
            0.3622191689709149,
            0.31311255733520355,
            0.15641436266571515,
            0.14867919158826629,
            0.11468915115731464,
            0.3711607323244267,
            0.3145183103813544,
            0.34677720165994497,
            0.4443238834480485,
            0.6835754028113868,
            0.6125684613020449,
            0.5510784300572961,
            0.3567037125764427,
            0.3455479434660409,
            0.3031483657872088,
            0.6309855977599467,
            0.5533218743629048,
            0.5931410011167122,
            0.5925473767494768,
            0.7852067211981791,
            0.727299522961699,
            0.6780221054473353,
            0.5234004993199095,
            0.5135963557702399,
            0.4796874196612803,
            0.7455257002604361,
            0.6800911281354669,
            0.711652670514911
        ],
        "converged": true,
        "confidence_intervals": {
            "r_div_q": [
                -20.212927168654833,
                20.795815031603507
            ],
            "delta": [
                -2.895977543034706,
                2.711448698733823
            ]
        }
    },
    "Linear Regression": {
        "model_name": "linear",
        "params": {
            "slope": 0.6219013672473269,
            "intercept": 0.1720567530564584
        },
        "steady_state_weight": null,
        "mode": "linear",
        "model_type": "linear",
        "log_likelihood": null,
        "r_squared": 0.665028382717441,
        "aic": -138.5520024520801,
        "bic": -135.7496076887558,
        "n_params": 2,
        "mse": 0.008635711214767744,
        "rmse": 0.09292852745399414,