model,scope,k,aic,rmse_to_llm,r2_to_llm,r2_to_truth,rmse_vs_truth,bias_vs_truth,aic_weight
EmpiricalLinear,overall,3.0,-685.8220774732537,0.09965175791080902,0.49782114965274127,0.33905327051067524,0.17117494395425426,-0.07380000000000003,0.9999999999982674
Equal,overall,0.0,-631.6591612673301,0.12178104770344837,0.2500230746136295,0.5456437189579898,0.14192380084747389,-0.025993920634920637,1.7324957742351321e-12
Bayes(range),overall,0.0,-613.322298278131,0.1294568496173009,0.1525022425497966,0.5785911365756051,0.13668120479148924,-0.012095751531550309,1.8066456436175232e-16
Bayes(stimulus),overall,0.0,-582.9704390588248,0.143239847730917,-0.037567096474302675,0.5679050707892582,0.13840333344859856,0.01073715401554093,4.63500803074269e-23
LLM(Combined),overall,,,0.0,1.0,0.1952366718508305,0.18888220950281862,-0.0738,
