range_category,w_img_bayes,w_txt_bayes
short,0.5114015737042437,0.48859842629575634
medium,0.3231786393708373,0.6768213606291626
long,0.5758147865850838,0.4241852134149162
