model,scope,k,aic,rmse_to_llm,r2_to_llm,r2_to_truth,rmse_vs_truth,bias_vs_truth,aic_weight
EmpiricalLinear,overall,3.0,-726.7337398518556,0.08132009493026295,0.8366950149336204,0.5437054316429464,0.14409669754165624,0.005415753424658229,0.9999999999861331
Bayes(range),overall,0.0,-676.7307076964269,0.0985125904820255,0.760344628659305,0.5501314852879381,0.14307843381205076,-0.01957159016806043,1.3866904615178224e-11
Equal,overall,0.0,-465.3565805412322,0.20317513870132187,-0.019400443452609828,-0.031009887350913035,0.21660216498620768,-0.05944726027397261,1.7485216252560358e-57
LLM(Combined),overall,,,0.0,1.0,0.6531055014478991,0.12564062388361105,0.005415753424657533,
Bayes(stimulus),overall,0.0,,0.19043109709916078,0.10610933481701457,0.17407723928773056,0.1945105300102788,-0.06018267921864885,
