range_category,w_img_bayes,w_txt_bayes
short,0.0562642227061016,0.9437357772938983
medium,0.19312058002081314,0.8068794199791869
long,0.12472884459614626,0.8752711554038537
