{
  "empirical_linear": {
    "a_txt": 0.9626035723113358,
    "a_img": -0.008446545677232428,
    "intercept": 0.030801479041522462,
    "w_txt_norm": 1.008852364381813,
    "w_img_norm": -0.008852364381813098
  }
}