model,scope,k,aic,rmse_to_llm,r2_to_llm,r2_to_truth,rmse_vs_truth,bias_vs_truth,aic_weight
EmpiricalLinear,overall,3.0,201.129404560973,1.9247510979247224,0.4744282364089045,0.5449819236444496,1.3716732355126213,-0.4177164878910639,0.9999982789978525
Equal,overall,0.0,227.67469435145958,2.146865865107455,0.3461280696142366,0.31075243159941834,1.688200252603919,-1.164949467289476,1.7209284500311433e-06
Bayes(range),overall,0.0,247.7915096107805,2.2967960566211953,0.2516104058823556,0.05124331970305862,1.980677476663794,-1.5926613992824836,7.369735206743629e-11
Bayes(stimulus),overall,0.0,335.4814353692747,3.0826099630576613,-0.3480935414059336,-0.8884793806638276,2.7944250338733894,-2.4116177708610844,6.6961696217365e-30
LLM(Combined),overall,,,0.0,1.0,0.20262850647878283,1.8157944831548318,-0.41771648789106236,
