range_category,w_img_bayes,w_txt_bayes
short,0.20657153307593346,0.7934284669240665
medium,0.5025672787823713,0.4974327212176287
long,0.39277666129157796,0.607223338708422
