model,scope,k,aic,rmse_to_llm,r2_to_llm,r2_to_truth,rmse_vs_truth,bias_vs_truth,aic_weight
Combo_NonOracle,overall,0.0,-683.3952230967717,0.10249061177507213,0.8101361845101607,0.545576826526759,0.14192988939442608,-0.10444767268469701,0.8229025145814899
EmpiricalLinear,overall,2.0,-680.3229483041155,0.10217415758458044,0.8113068369499651,0.5316253097841512,0.1440921556733684,-0.10812325541308342,0.17709748541850912
Equal,overall,0.0,-614.8351766677147,0.12880565140293082,0.7001225081322139,0.24265485738187653,0.18322745583927463,-0.143944,1.065917194224802e-15
Combo_Oracle,overall,0.0,-566.514765855131,0.15131635721837833,0.5861473043450027,0.7800812516812354,0.09873582440385333,2.1908401019269756e-16,3.428305995805209e-26
LLM(Combined),overall,,,0.0,1.0,0.5855069704927309,0.13555084989282312,-0.10296066666666667,
