range_category,regression_angle,scalar_variability,short_vs_medium_t,medium_vs_long_t,response_autocorr,stimulus_autocorr
short,26.57620542543845,0.2993006297146845,,,0.2897304686110988,0.24718809267831113
medium,19.832083824037298,0.31102902607234023,,,0.06612109270853622,0.217956842254054
long,12.660012191432552,0.1934775520351903,,,-0.11191660767053692,0.21906490146470325
