{
    "Basic Single-Stage": {
        "model_name": "bayes_basic_single",
        "params": {
            "w_p": 0.0,
            "delta": 0.014539329109693098
        },
        "steady_state_weight": null,
        "mode": "single",
        "model_type": "basic",
        "r_squared": 0.8641317156851818,
        "aic": -147.30702658995008,
        "bic": -144.50463182662577,
        "n_params": 2,
        "mse": 0.006449694026222241,
        "rmse": 0.0803099870889184,
        "predictions": [
            0.26435932910969306,
            0.4948293291096931,
            0.40733932910969306,
            0.35399932910969306,
            0.1769493291096931,
            0.1769393291096931,
            0.13776932910969308,
            0.46100932910969306,
            0.35498932910969305,
            0.3977693291096931,
            0.5018093291096931,
            0.7898993291096932,
            0.6805393291096932,
            0.6138693291096932,
            0.3925493291096931,
            0.3925393291096931,
            0.3435793291096931,
            0.7476293291096932,
            0.6150993291096931,
            0.6685793291096931,
            0.6643593291096931,
            0.8948293291096933,
            0.8073393291096931,
            0.7539993291096931,
            0.5769493291096931,
            0.5769393291096931,
            0.5377693291096931,
            0.861009329109693,
            0.7549893291096932,
            0.7977693291096931
        ],
        "converged": true,
        "confidence_intervals": {
            "w_p": [
                -10.61055607544394,
                10.61055607544394
            ],
            "delta": [
                -1.3713899599096881,
                1.4004686181290744
            ]
        }
    },
    "Basic Two-Stage": {
        "model_name": "bayes_basic_sequential",
        "params": {
            "r_div_q": 0.01,
            "delta": 0.014540773690703274
        },
        "steady_state_weight": 0.9999000099990001,
        "mode": "sequential",
        "model_type": "basic",
        "r_squared": 0.8641244410642428,
        "aic": -147.30542063049418,
        "bic": -144.50302586716987,
        "n_params": 2,
        "mse": 0.00645003935390081,
        "rmse": 0.08031213702735603,
        "predictions": [
            0.26436077369070327,
            0.4948077312991306,
            0.4073495186375622,
            0.3540061074984897,
            0.1769684756838624,
            0.17694077646034867,
            0.13777468990777597,
            0.4609784565454309,
            0.35500137033976487,
            0.3977664976055425,
            0.5018107736907033,
            0.7898719704512875,
            0.6805517046243019,
            0.6138774404505114,
            0.39257290193195227,
            0.392540776902885,
            0.3435856687120692,
            0.747590377259088,
            0.6151140200019303,
            0.6685754280844022,
            0.6643607736907032,
            0.8948077312991307,
            0.8073495186375621,
            0.7540061074984897,
            0.5769684756838623,
            0.5769407764603487,
            0.537774689907776,
            0.8609784565454308,
            0.7550013703397649,
            0.7977664976055424
        ],
        "converged": true,
        "confidence_intervals": {
            "r_div_q": [
                -1.9499999994789496,
                1.9699999994789497
            ],
            "delta": [
                -1.3713885220611657,
                1.4004700694425722
            ]
        }
    },
    "Weber Single-Stage": {
        "model_name": "bayes_weber_single",
        "params": {
            "w_p": 0.0,
            "delta": 0.018508255301922606
        },
        "steady_state_weight": null,
        "mode": "single",
        "model_type": "weber",
        "r_squared": 0.8620336644318347,
        "aic": -146.847383567995,
        "bic": -144.04498880467068,
        "n_params": 2,
        "mse": 0.006549288929504208,
        "rmse": 0.08092767715376618,
        "predictions": [
            0.25448680483624136,
            0.4892621214853962,
            0.4001377562594034,
            0.34580133334073326,
            0.16544393405782054,
            0.16543374725187404,
            0.12553202835940475,
            0.45481034377430835,
            0.3468098271294374,
            0.39038898296859587,
            0.4963725120360583,
            0.7898442045489887,
            0.6784412947179843,
            0.6105258594726198,
            0.38507147026451904,
            0.3850612834585725,
            0.33518668154447256,
            0.7467845758131021,
            0.6117788366040402,
            0.6662578748059614,
            0.6619590426965354,
            0.8967343593456905,
            0.8076099941196975,
            0.7532735712010273,
            0.5729161719181146,
            0.5729059851121681,
            0.5330042662196988,
            0.8622825816346023,
            0.7542820649897316,
            0.79786122082889
        ],
        "converged": true,
        "confidence_intervals": {
            "w_p": [
                -10.218432900056293,
                10.218432900056293
            ],
            "delta": [
                -2.6030091236745934,
                2.6400256342784383
            ]
        }
    },
    "Weber Two-Stage": {
        "model_name": "bayes_weber_sequential",
        "params": {
            "r_div_q": 0.01,
            "delta": 0.018519206519981544
        },
        "steady_state_weight": 0.9999000099990001,
        "mode": "sequential",
        "model_type": "weber",
        "r_squared": 0.8620216186755165,
        "aic": -146.84476480053112,
        "bic": -144.0423700372068,
        "n_params": 2,
        "mse": 0.006549860743912242,
        "rmse": 0.08093120994963712,
        "predictions": [
            0.2544895918029457,
            0.48923550606919214,
            0.4001501805878942,
            0.34581016687561356,
            0.16545794135566066,
            0.16543556121142527,
            0.12553686731090188,
            0.4547567921348679,
            0.34682302119264674,
            0.3903886392773437,
            0.49637794796039225,
            0.7898161731851236,
            0.6784590343775868,
            0.6105389849290768,
            0.3850934323942748,
            0.3850655031752365,
            0.33519500097010435,
            0.7467329447496147,
            0.611797728525993,
            0.6662594900419507,
            0.6619662920050036,
            0.8967169643984085,
            0.8076272885833367,
            0.7532870669451993,
            0.5729381238355833,
            0.5729122617617343,
            0.5330139504707486,
            0.8622505538000483,
            0.7543004134366579,
            0.7978654789169334
        ],
        "converged": true,
        "confidence_intervals": {
            "r_div_q": [
                -2893.2499467471503,
                2893.2699467471507
            ],
            "delta": [
                -7.612546539775042,
                7.6495849528150055
            ]
        }
    },
    "Linear Regression": {
        "model_name": "linear",
        "params": {
            "slope": 0.9626831800391478,
            "intercept": 0.034145366639845715
        },
        "steady_state_weight": null,
        "mode": "linear",
        "model_type": "linear",
        "log_likelihood": null,
        "r_squared": 0.8654321112872482,
        "aic": -147.59549459618538,
        "bic": -144.79309983286106,
        "n_params": 2,
        "mse": 0.006387963992692564,
        "rmse": 0.07992473955348597,