model,scope,k,aic,rmse_to_llm,r2_to_llm,r2_to_truth,rmse_vs_truth,bias_vs_truth,aic_weight
EmpiricalLinear,overall,3.0,-788.3988025333109,0.07079293944955456,0.8552964675688668,0.8936265025312957,0.06866894079527047,0.01647266666666641,0.955604806736806
Equal,overall,0.0,-782.0837494022766,0.07375947396775549,0.8429149466623276,0.9164999315458491,0.06083969734748304,0.016426000000000003,0.04064264480410404
Bayes(stimulus),overall,0.0,-776.6073696920384,0.07511828816141185,0.8370739205335276,0.9264627858394368,0.057094886747851396,0.01598290343133858,0.0026290643564126502
Bayes(range),overall,0.0,-774.9069829677353,0.07554526419217558,0.8352164970120739,0.9193355604363258,0.05979772885231047,0.015438721959053454,0.001123484102677302
LLM(Combined),overall,,,0.0,1.0,0.8449528539413727,0.0829040061758176,0.01647266666666668,
