range_category,w_img_bayes,w_txt_bayes
short,0.49052598130867603,0.509474018691324
medium,0.38806769554334425,0.6119323044566558
long,0.3480616292647617,0.6519383707352383
