{
  "empirical_linear": {
    "a_txt": 0.3868832917509756,
    "a_img": 0.5094385673631853,
    "intercept": 0.0556765945025428,
    "w_txt_norm": 0.43163433739453166,
    "w_img_norm": 0.5683656626054684
  }
}