model,scope,k,aic,rmse_to_llm,r2_to_llm,r2_to_truth,rmse_vs_truth,bias_vs_truth,aic_weight
EmpiricalLinear,overall,2.0,-681.6821587641143,0.10171228406770916,0.7538835570724098,0.8054998156335524,0.09285749723089755,0.01579957969826443,0.8311972500844134
Combo_Oracle,overall,0.0,-677.8767719474603,0.1043933565777854,0.7407375986921709,0.849823745052587,0.08159388278705779,-1.6135241291218942e-16,0.12398662824847491
Combo_NonOracle,overall,0.0,-675.8382813358082,0.1051051216409151,0.7371901889431746,0.8244501116238597,0.08821800743135187,0.027955072901330376,0.04474270511570301
Equal,overall,0.0,-663.0132127557955,0.10969581712441588,0.7137312439875101,0.7134898198257559,0.11270079880288267,-0.0030523790829053996,7.341655140890212e-05
LLM(Combined),overall,,,0.0,1.0,0.7591184144768878,0.1033376939940117,-0.008123333333333333,
