range_category,regression_angle,scalar_variability,short_vs_medium_t,medium_vs_long_t,response_autocorr,stimulus_autocorr
short,37.99395128597335,0.17468390928372132,,,0.6498714855523745,0.23502816576403177
medium,24.048679841003498,0.14085262896376138,,12.333333333333217,-0.14070783244777885,0.23525030686203605
long,7.214932920144995,0.17663905540841127,,,-0.3269889629638951,0.23502816576403165
