model,scope,k,aic,rmse_to_llm,r2_to_llm,r2_to_truth,rmse_vs_truth,bias_vs_truth,aic_weight
Combo_NonOracle,overall,0.0,-729.512666468435,0.07113599331826566,0.8288855580731218,0.6395328710549426,0.12801312672095347,-0.07242680526955557,0.8050328615185113
EmpiricalLinear,overall,2.0,-726.6765620556893,0.07083664353438836,0.8303226728740525,0.6272575039540668,0.13017456232809263,-0.07506287520487018,0.19496711278868914
Equal,overall,0.0,-694.9923007273966,0.08061358895767934,0.7802522798943152,0.6726605835747825,0.12198904278426112,-0.05950333333333334,2.56927997118385e-08
Combo_Oracle,overall,0.0,-651.2020901362052,0.09447425996871886,0.6981891404742386,0.8545060210259641,0.08132876588317194,1.8342815189459108e-16,7.959540938442513e-18
LLM(Combined),overall,,,0.0,1.0,0.7445914010129078,0.10775549568015248,-0.06609753623188405,
