{
    "Basic Single-Stage": {
        "model_name": "bayes_basic_single",
        "params": {
            "w_p": 0.0,
            "delta": -0.03472733805910174
        },
        "steady_state_weight": null,
        "mode": "single",
        "model_type": "basic",
        "r_squared": 0.7120258369942679,
        "aic": -137.09192417933383,
        "bic": -134.28952941600951,
        "n_params": 2,
        "mse": 0.009066450559555577,
        "rmse": 0.09521791091782879,
        "predictions": [
            0.21509266194089824,
            0.4455626619408983,
            0.35807266194089826,
            0.30473266194089826,
            0.12768266194089825,
            0.12767266194089824,
            0.08850266194089826,
            0.41174266194089826,
            0.30572266194089825,
            0.3485026619408983,
            0.45254266194089826,
            0.7406326619408983,
            0.6312726619408983,
            0.5646026619408983,
            0.3432826619408983,
            0.3432726619408983,
            0.2943126619408983,
            0.6983626619408982,
            0.5658326619408982,
            0.6193126619408982,
            0.6150926619408982,
            0.8455626619408984,
            0.7580726619408982,
            0.7047326619408982,
            0.5276826619408982,
            0.5276726619408982,
            0.48850266194089825,
            0.8117426619408981,
            0.7057226619408983,
            0.7485026619408982
        ],
        "converged": true,
        "confidence_intervals": {
            "w_p": [
                -10.577419764092271,
                10.577419764092271
            ],
            "delta": [
                -1.4206566111604435,
                1.35120193504224
            ]
        }
    },
    "Basic Two-Stage": {
        "model_name": "bayes_basic_sequential",
        "params": {
            "r_div_q": 0.01,
            "delta": -0.03472588888751207
        },
        "steady_state_weight": 0.9999000099990001,
        "mode": "sequential",
        "model_type": "basic",
        "r_squared": 0.7120144126393724,
        "aic": -137.09073419045166,
        "bic": -134.28833942712734,
        "n_params": 2,
        "mse": 0.009066810238867616,
        "rmse": 0.09521979961577118,
        "predictions": [
            0.2150941111124879,
            0.44554106872091526,
            0.35808285605934687,
            0.3047394449202744,
            0.12770181310564704,
            0.12767411388213332,
            0.08850802732956062,
            0.4117117939672156,
            0.30573470776154954,
            0.3484998350273272,
            0.45254411111248793,
            0.7406053078730722,
            0.6312850420460866,
            0.5646107778722961,
            0.34330623935373694,
            0.3432741143246697,
            0.29431900613385387,
            0.6983237146808726,
            0.565847357423715,
            0.6193087655061869,
            0.6150941111124879,
            0.8455410687209154,
            0.7580828560593468,
            0.7047394449202744,
            0.527701813105647,
            0.5276741138821334,
            0.48850802732956067,
            0.8117117939672155,
            0.7057347077615496,
            0.7484998350273271
        ],
        "converged": true,
        "confidence_intervals": {
            "r_div_q": [
                -24354.76771612237,
                24354.787716122366
            ],
            "delta": [
                -7.216665970204742,
                7.147214192429718
            ]
        }
    },
    "Weber Single-Stage": {
        "model_name": "bayes_weber_single",
        "params": {
            "w_p": 0.0,
            "delta": -0.09557469228160599
        },
        "steady_state_weight": null,
        "mode": "single",
        "model_type": "weber",
        "r_squared": 0.7582631356650438,
        "aic": -142.34192037434565,
        "bic": -139.53952561102133,
        "n_params": 2,
        "mse": 0.00761073599811539,
        "rmse": 0.08723953231256681,
        "predictions": [
            0.2270489345156699,
            0.43651170348956103,
            0.3569963754315676,
            0.30851829109491924,
            0.14760631449567677,
            0.14759722599092673,
            0.11199755288506782,
            0.40577438042496694,
            0.309418053065172,
            0.348298676385791,
            0.44285547980508044,
            0.7046862131486319,
            0.6052943252023276,
            0.5447012640338922,
            0.3435544769062765,
            0.34354538840152643,
            0.2990480691453902,
            0.6662691035702643,
            0.5458191501181455,
            0.5944244735212943,
            0.5905891245167826,
            0.8000518934906738,
            0.7205365654326803,
            0.672058481096032,
            0.5111465044967894,
            0.5111374159920394,
            0.4755377428861805,
            0.7693145704260794,
            0.6729582430662848,
            0.7118388663869037
        ],
        "converged": true,
        "confidence_intervals": {
            "w_p": [
                -11.918328226881746,
                11.918328226881746
            ],
            "delta": [
                -3.034612600790057,
                2.843463216226845
            ]
        }
    },
    "Weber Two-Stage": {
        "model_name": "bayes_weber_sequential",
        "params": {
            "r_div_q": 0.01,
            "delta": -0.09556574086477383
        },
        "steady_state_weight": 0.9999000099990001,
        "mode": "sequential",
        "model_type": "weber",
        "r_squared": 0.7582312440764417,
        "aic": -142.33796334909547,
        "bic": -139.53556858577116,
        "n_params": 2,
        "mse": 0.007611740058716899,
        "rmse": 0.08724528674213237,
        "predictions": [
            0.227050966943372,
            0.43648708475216597,
            0.35700674627277285,
            0.30852555524054576,
            0.1476185163719838,
            0.14759854920646653,
            0.1120016461366671,
            0.40572579113810653,
            0.30942920579705646,
            0.3482976732211622,
            0.4428594440157706,
            0.7046597948328112,
            0.6053089417410991,
            0.5447118850368724,
            0.3435733840847536,
            0.3435484661336697,
            0.2990548935504574,
            0.6662217068498679,
            0.5458349136232434,
            0.5944247258744323,
            0.5905944111588255,
            0.800034774083805,
            0.7205505543142108,
            0.6720691777742429,
            0.5111650674136388,
            0.5111419937326235,
            0.4755454320202295,
            0.7692844572866518,
            0.6729732674399975,
            0.7118412418402946
        ],
        "converged": true,
        "confidence_intervals": {
            "r_div_q": [
                -996.7532908966524,
                996.7732908966524
            ],
            "delta": [
                -3.4294676474644987,
                3.2383361657349514
            ]
        }
    },
    "Linear Regression": {
        "model_name": "linear",
        "params": {
            "slope": 0.752849600568726,
            "intercept": 0.0951240036254617
        },
        "steady_state_weight": null,
        "mode": "linear",
        "model_type": "linear",
        "log_likelihood": null,
        "r_squared": 0.7980313159591463,
        "aic": -147.73325857230728,
        "bic": -144.93086380898296,
        "n_params": 2,
        "mse": 0.006358692284482663,
        "rmse": 0.07974140884435553,