model,scope,k,aic,rmse_to_llm,r2_to_llm,r2_to_truth,rmse_vs_truth,bias_vs_truth,aic_weight
Combo_NonOracle,overall,0.0,-1164.3887354904848,0.020624083458103744,0.9911363721146583,0.9851706269530927,0.025640020057058427,-0.010619161474310539,0.690386710841169
EmpiricalLinear,overall,2.0,-1162.7848798371688,0.020460011958334804,0.991276837423172,0.9837198121942552,0.026864989220257512,-0.012379859327713195,0.309613289158831
Combo_Oracle,overall,0.0,-1080.9799746006265,0.02723461287003522,0.9845437329466927,0.9901512278464847,0.020895271119721698,6.087722918361275e-17,5.334701511440061e-19
Equal,overall,0.0,-930.9201972038518,0.04491123358783504,0.957968763315107,0.9723468473478893,0.03501299734954888,0.014733281488958678,1.386894689305947e-51
LLM(Combined),overall,,,0.0,1.0,0.9816876400781578,0.028492405936375767,-0.01405867571918939,
