range_category,regression_angle,scalar_variability,short_vs_medium_t,medium_vs_long_t,response_autocorr,stimulus_autocorr
short,46.49697951606573,0.1433995424259388,,,0.18037981358564734,0.24718809267831113
medium,37.64775319663273,0.1785008620135792,,,0.04650318254372665,0.217956842254054
long,32.18728425511091,0.06420438009941543,,,0.08411442329507202,0.21906490146470325
