model,scope,k,aic,rmse_to_llm,r2_to_llm,r2_to_truth,rmse_vs_truth,bias_vs_truth,aic_weight
EmpiricalLinear,overall,3.0,-72.19180079420565,0.7485634851633619,0.8394246163849272,0.8532844924442026,0.7888138510411313,-0.1170925925925932,1.0
Bayes(range),overall,0.0,1.5049600556917808,1.0055894893606179,0.7102235137281583,0.7189364764099945,1.0917891171866907,-0.7460629882391855,9.93005638163736e-17
Equal,overall,0.0,18.770332230561745,1.0719932317918197,0.6706893485619454,0.6886425021150158,1.149122112932065,-0.8303184835823197,1.7693908724499028e-20
Bayes(stimulus),overall,0.0,83.05430705388791,1.360168439488256,0.46983985258339167,0.5104309526758486,1.4409320249751685,-0.957928879753382,1.9441779457928557e-34
LLM(Combined),overall,,,0.0,1.0,0.8603787661031395,0.7695064307964145,-0.11709259259259244,
