range_category,w_img_bayes,w_txt_bayes
short,0.6597293704466651,0.34027062955333487
medium,0.5517661430162003,0.4482338569837997
long,0.5842267982709616,0.4157732017290384
