model,scope,k,aic,rmse_to_llm,r2_to_llm,r2_to_truth,rmse_vs_truth,bias_vs_truth,aic_weight
Combo_Oracle,overall,0.0,-710.4520443965326,0.0936516265941223,0.6573691212664055,0.8059797148048824,0.09274287071347219,6.809367884367626e-17,0.9963202827863465
EmpiricalLinear,overall,2.0,-698.629246709359,0.0961258038074376,0.6390260854035973,0.7554300284184432,0.10412584334814813,0.023903793886334464,0.002698429484506128
Equal,overall,0.0,-696.3540969119297,0.09815765945058923,0.62360465932798,0.7487329857910644,0.10554185059321845,0.03311286217008798,0.0008651045023807793
Combo_NonOracle,overall,0.0,-692.3387332607258,0.09948028674759937,0.6133928272623986,0.7434750455889798,0.10664040233492325,0.03577665238734131,0.00011618322676646961
LLM(Combined),overall,,,0.0,1.0,0.7305122178211976,0.1093015965116704,-0.0057233333333333355,
