{
  "per_range": {
    "regression_effect": {
      "long": {
        "regression_angle": 40.31283820349553,
        "slope": 0.8484469672867089,
        "intercept": 0.044852034130842044,
        "r_squared": 0.6771839906494733,
        "p_value": 2.2624321682466002e-13,
        "regression_strength": 0.15155303271329112,
        "regression_strength_angular": 0.10415915103343265
      },
      "medium": {
        "regression_angle": 29.314874465426463,
        "slope": 0.5615152408332631,
        "intercept": 0.1477121590665143,
        "r_squared": 0.2813550454414015,
        "p_value": 7.426996706412987e-05,
        "regression_strength": 0.4384847591667369,
        "regression_strength_angular": 0.34855834521274526
      },
      "short": {
        "regression_angle": 35.192125221888205,
        "slope": 0.7052165867745398,
        "intercept": 0.020353799144582407,
        "r_squared": 0.5226853063873543,
        "p_value": 3.0453740810078503e-09,
        "regression_strength": 0.2947834132254602,
        "regression_strength_angular": 0.2179527728469288
      }
    },
    "weber_law": {
      "long": {
        "mean_cv": 0.07177939745759705,
        "cv_magnitude_correlation": -0.4473777533806552,
        "bin_magnitudes": [
          0.5455462499999999,
          0.63481125,
          0.72407625,
          0.76870875,
          0.8133412499999999,
          0.85797375
        ],
        "coefficient_variations": [
          0.12001827945427887,
          0.03132873322063405,
          0.08986026684897715,
          0.08894556580360681,
          0.04318846307193703,
          0.057335076346148435
        ],
        "p_value": 0.3737039949225745
      },
      "medium": {
        "mean_cv": 0.1415173322259784,
        "cv_magnitude_correlation": -0.3975807377054507,
        "bin_magnitudes": [
          0.356935,
          0.468515,
          0.580095,
          0.635885,
          0.691675,
          0.747465
        ],
        "coefficient_variations": [
          0.19974872608211686,
          0.1004354690221453,
          0.2586598930357907,
          0.1020620726159658,
          0.05457057244795983,
          0.13362726015189202
        ],
        "p_value": 0.43505177510939635
      },
      "short": {
        "mean_cv": 0.20082239269728142,
        "cv_magnitude_correlation": 0.5577251133146107,
        "bin_magnitudes": [
          0.14554625,
          0.23481125,
          0.32407625,
          0.36870875000000003,
          0.41334125,
          0.45797374999999996
        ],
        "coefficient_variations": [
          0.15216729579597407,
          0.11571603327573933,
          0.27735009811261446,
          0.2430366747211531,
          0.2206775626453303,
          0.19598669163287716
        ],
        "p_value": 0.25015456453680546
      }
    },
    "sequential_effect": [
      {
        "range_category": "long",
        "n_runs": 5,
        "N_total": 50,
        "r_resp_mean": 0.5444124942790242,
        "r_stim_mean": 0.23521755130669839,
        "r_resp_weighted": 0.545653106937787,
        "r_stim_weighted": 0.23521755130669839
      },
      {
        "range_category": "medium",
        "n_runs": 5,
        "N_total": 50,
        "r_resp_mean": 0.7338627674367774,
        "r_stim_mean": 0.23520721737985428,
        "r_resp_weighted": 0.7408998543160631,
        "r_stim_weighted": 0.23520721737985426
      },
      {
        "range_category": "short",
        "n_runs": 5,
        "N_total": 50,
        "r_resp_mean": 0.23098892158059417,
        "r_stim_mean": 0.23521755130669836,
        "r_resp_weighted": 0.24029576319619592,
        "r_stim_weighted": 0.23521755130669833
      }
    ]
  },
  "overall": {
    "range_effect": {
      "range_analyses_by_category": {
        "short": {
          "slope": 0.7052165867745398,
          "regression_strength": 0.2947834132254602,
          "r_squared": 0.5226853063873543,
          "mean_stimulus_magnitude": 0.30805599999999994
        },
        "medium": {
          "slope": 0.5615152408332631,
          "regression_strength": 0.4384847591667369,
          "r_squared": 0.2813550454414015,
          "mean_stimulus_magnitude": 0.5600700000000001
        },
        "long": {
          "slope": 0.8484469672867089,
          "regression_strength": 0.15155303271329112,
          "r_squared": 0.6771839906494733,
          "mean_stimulus_magnitude": 0.7080560000000001
        }
      },
      "correlation_analysis": {
        "correlation_magnitude_regression": -0.36498158768729494,
        "p_value": 0.7621505601851011,
        "interpretation": "Regression strength decreases with stimulus magnitude (r=-0.365)"
      },
      "pairwise_comparison_on_overlap": {
        "short_vs_medium": {
          "categories": [
            "medium",
            "short"
          ],
          "error": "Insufficient data in common bins for t-test.",
          "t_statistic": NaN,
          "p_value": NaN,
          "is_significant": false,
          "n_overlapping_bins": 0
        },
        "short_vs_long": {
          "error": "No overlapping data found or insufficient data after binning for short vs long."
        },
        "medium_vs_long": {
          "categories": [
            "long",
            "medium"
          ],
          "t_statistic": 0.367741935483871,
          "p_value": 0.7756600930606615,
          "is_significant": false,
          "n_overlapping_bins": 2,
          "mean_long": 0.663,
          "mean_medium": 0.606
        }
      }
    }
  }
}