range_category,regression_angle,scalar_variability,short_vs_medium_t,medium_vs_long_t,response_autocorr,stimulus_autocorr
short,30.088553538611492,0.1231129866171758,,,0.3948928716146615,0.23502816576403177
medium,32.19830017640787,0.14259960156687687,,1.818181818181818,0.24799940233367995,0.23525030686203605
long,28.778783409654654,0.08278999917004917,,,-0.03364737360133345,0.23502816576403165
