{
  "per_range": {
    "regression_effect": {
      "long": {
        "regression_angle": 30.98300031958305,
        "slope": 0.6004568718217341,
        "intercept": 0.29364290916539015,
        "r_squared": 0.4486239099305132,
        "p_value": 1.0417335628826527e-07,
        "regression_strength": 0.39954312817826587,
        "regression_strength_angular": 0.31148888178704337
      },
      "medium": {
        "regression_angle": 26.986440124235802,
        "slope": 0.5092273790252584,
        "intercept": 0.2075970218293235,
        "r_squared": 0.24360634544574006,
        "p_value": 0.00027031201446943193,
        "regression_strength": 0.4907726209747416,
        "regression_strength_angular": 0.40030133057253775
      },
      "short": {
        "regression_angle": 29.756881907423853,
        "slope": 0.5717064467461832,
        "intercept": 0.04808239884115781,
        "r_squared": 0.533844260567739,
        "p_value": 1.7092436198646674e-09,
        "regression_strength": 0.4282935532538168,
        "regression_strength_angular": 0.3387359576128033
      }
    },
    "weber_law": {
      "long": {
        "mean_cv": 0.07148240242391715,
        "cv_magnitude_correlation": -0.541098162557718,
        "bin_magnitudes": [
          0.5455462499999999,
          0.63481125,
          0.72407625,
          0.76870875,
          0.8133412499999999,
          0.85797375
        ],
        "coefficient_variations": [
          0.18362464536460082,
          0.023171688886008204,
          0.057119110930109435,
          0.027611315424387977,
          0.07106914247613852,
          0.06629851146225792
        ],
        "p_value": 0.26756606995675203
      },
      "medium": {
        "mean_cv": 0.1322486158192068,
        "cv_magnitude_correlation": -0.38508674576553276,
        "bin_magnitudes": [
          0.356935,
          0.468515,
          0.580095,
          0.635885,
          0.691675,
          0.747465
        ],
        "coefficient_variations": [
          0.16401847860607216,
          0.12597176896623632,
          0.2632925507532467,
          0.10505215778924565,
          0.012638368980877286,
          0.1225183698195627
        ],
        "p_value": 0.4509224850342595
      },
      "short": {
        "mean_cv": 0.13844683720675008,
        "cv_magnitude_correlation": -0.0948931448394641,
        "bin_magnitudes": [
          0.14554625,
          0.23481125,
          0.32407625,
          0.36870875000000003,
          0.41334125,
          0.45797374999999996
        ],
        "coefficient_variations": [
          0.11679414803778922,
          0.15214515486254612,
          0.269257475421802,
          0.07513203388886854,
          0.051645680650251546,
          0.165706530379243
        ],
        "p_value": 0.8580875253155268
      }
    },
    "sequential_effect": [
      {
        "range_category": "long",
        "n_runs": 5,
        "N_total": 50,
        "r_resp_mean": 0.5338805815086101,
        "r_stim_mean": 0.23521755130669839,
        "r_resp_weighted": 0.5394765076054746,
        "r_stim_weighted": 0.23521755130669839
      },
      {
        "range_category": "medium",
        "n_runs": 5,
        "N_total": 50,
        "r_resp_mean": 0.7633972926912684,
        "r_stim_mean": 0.23520721737985428,
        "r_resp_weighted": 0.7724449357861718,
        "r_stim_weighted": 0.23520721737985426
      },
      {
        "range_category": "short",
        "n_runs": 5,
        "N_total": 50,
        "r_resp_mean": 0.2953206415388256,
        "r_stim_mean": 0.23521755130669836,
        "r_resp_weighted": 0.29880150153742024,
        "r_stim_weighted": 0.23521755130669833
      }
    ]
  },
  "overall": {
    "range_effect": {
      "range_analyses_by_category": {
        "short": {
          "slope": 0.5717064467461832,
          "regression_strength": 0.4282935532538168,
          "r_squared": 0.533844260567739,
          "mean_stimulus_magnitude": 0.30805599999999994
        },
        "medium": {
          "slope": 0.5092273790252584,
          "regression_strength": 0.4907726209747416,
          "r_squared": 0.24360634544574006,
          "mean_stimulus_magnitude": 0.5600700000000001
        },
        "long": {
          "slope": 0.6004568718217341,
          "regression_strength": 0.39954312817826587,
          "r_squared": 0.4486239099305132,
          "mean_stimulus_magnitude": 0.7080560000000001
        }
      },
      "correlation_analysis": {
        "correlation_magnitude_regression": -0.16352559544806827,
        "p_value": 0.8954267331733486,
        "interpretation": "Regression strength decreases with stimulus magnitude (r=-0.164)"
      },
      "pairwise_comparison_on_overlap": {
        "short_vs_medium": {
          "categories": [
            "medium",
            "short"
          ],
          "error": "Insufficient data in common bins for t-test.",
          "t_statistic": NaN,
          "p_value": NaN,
          "is_significant": false,
          "n_overlapping_bins": 0
        },
        "short_vs_long": {
          "error": "No overlapping data found or insufficient data after binning for short vs long."
        },
        "medium_vs_long": {
          "categories": [
            "long",
            "medium"
          ],
          "t_statistic": 0.7664233576642334,
          "p_value": 0.5836955711216376,
          "is_significant": false,
          "n_overlapping_bins": 2,
          "mean_long": 0.739,
          "mean_medium": 0.634
        }
      }
    }
  }
}