{
    "Basic Single-Stage": {
        "model_name": "bayes_basic_single",
        "params": {
            "w_p": 0.8161652153403317,
            "delta": -0.0167273390062759
        },
        "steady_state_weight": null,
        "mode": "single",
        "model_type": "basic",
        "r_squared": -1.0853495615678486,
        "aic": -92.50804782494194,
        "bic": -89.70565306161762,
        "n_params": 2,
        "mse": 0.0400767112852246,
        "rmse": 0.20019168635391582,
        "predictions": [
            0.2806228584742837,
            0.32299126129479744,
            0.3069075559849231,
            0.29710180857117635,
            0.2645538599471821,
            0.2645520215993355,
            0.25735121308421627,
            0.31677396887760745,
            0.29728380500798945,
            0.30514825709573,
            0.5299594886705002,
            0.582920451783104,
            0.5628162797327227,
            0.5505600146394627,
            0.5098737000985849,
            0.5098718617507383,
            0.5008713106938009,
            0.5751497554355398,
            0.550786131424594,
            0.5606176157081931,
            0.6806228584742836,
            0.7229912612947974,
            0.7069075559849229,
            0.6971018085711762,
            0.664553859947182,
            0.6645520215993355,
            0.6573512130842162,
            0.7167739688776074,
            0.6972838050079894,
            0.7051482570957299
        ],
        "converged": true,
        "confidence_intervals": {
            "w_p": [
                -9.794389552706381,
                11.426719983387045
            ],
            "delta": [
                -1.402656677715566,
                1.3692019997030143
            ]
        }
    },
    "Basic Two-Stage": {
        "model_name": "bayes_basic_sequential",
        "params": {
            "r_div_q": 100.0,
            "delta": -0.024544821910199063
        },
        "steady_state_weight": 9.999000099990002e-05,
        "mode": "sequential",
        "model_type": "basic",
        "r_squared": -1.161136826230993,
        "aic": -91.43713722338748,
        "bic": -88.63474246006317,
        "n_params": 2,
        "mse": 0.04153320777913529,
        "rmse": 0.20379697686456313,
        "predictions": [
            0.2252751780898009,
            0.3405146650668728,
            0.34976297556882485,
            0.34104802563163417,
            0.30038725919383036,
            0.2732738550092454,
            0.2483002834970856,
            0.2700412965198079,
            0.2751488144619038,
            0.2835262219547463,
            0.4627251780898009,
            0.6067757868598128,
            0.6183374251701251,
            0.6074456133365178,
            0.5566192799019878,
            0.5227276914179502,
            0.49151120376226115,
            0.5186878276749601,
            0.5250719465239018,
            0.5355439843832904,
            0.6252751780898009,
            0.7405146650668729,
            0.749762975568825,
            0.7410480256316343,
            0.7003872591938305,
            0.6732738550092455,
            0.6483002834970857,
            0.6700412965198079,
            0.6751488144619039,
            0.6835262219547464
        ],
        "converged": true,
        "confidence_intervals": {
            "r_div_q": [
                -106943.78373212069,
                107143.78373212069
            ],
            "delta": [
                -1.4209377657213667,
                1.3718481219009684
            ]
        }
    },
    "Weber Single-Stage": {
        "model_name": "bayes_weber_single",
        "params": {
            "w_p": 0.7554820340167501,
            "delta": -0.09356615682744507
        },
        "steady_state_weight": null,
        "mode": "single",
        "model_type": "weber",
        "r_squared": -1.0715940518378426,
        "aic": -92.7065862251088,
        "bic": -89.90419146178448,
        "n_params": 2,
        "mse": 0.03981235484245341,
        "rmse": 0.19953033564461672,
        "predictions": [
            0.2483972145279159,
            0.29144703475100503,
            0.27746317797847364,
            0.2677361973750809,
            0.2235724912676514,
            0.22356912517749378,
            0.20897851301839598,
            0.2862896566348438,
            0.2679269132795407,
            0.2757948054037341,
            0.4784011433525225,
            0.5359444081104103,
            0.5163859520760956,
            0.5032380652937317,
            0.44960393298050105,
            0.44960102466348634,
            0.4346070627631989,
            0.5286481083936206,
            0.503490405866758,
            0.5141029330389263,
            0.6242776676167568,
            0.6723776491790106,
            0.6553856954877191,
            0.6443184144108693,
            0.6026105526989091,
            0.602607932722756,
            0.5920638615095488,
            0.6659674301232926,
            0.6445292346957705,
            0.6534423681425414
        ],
        "converged": true,
        "confidence_intervals": {
            "w_p": [
                -12.78867364313487,
                14.299637711168373
            ],
            "delta": [
                -2.963115963576514,
                2.7759836499216233
            ]
        }
    },
    "Weber Two-Stage": {
        "model_name": "bayes_weber_sequential",
        "params": {
            "r_div_q": 100.0,
            "delta": -0.11392279070965114
        },
        "steady_state_weight": 9.999000099990002e-05,
        "mode": "sequential",
        "model_type": "weber",
        "r_squared": -1.062891619729419,
        "aic": -92.83287365154472,
        "bic": -90.0304788882204,
        "n_params": 2,
        "mse": 0.039645109568319924,
        "rmse": 0.19911079721682579,
        "predictions": [
            0.2229209857803919,
            0.30909699138258134,
            0.322327867736344,
            0.31735779620100457,
            0.2712852441254647,
            0.2443423347764209,
            0.21797045804782156,
            0.23506861850310545,
            0.2418791849451692,
            0.25042621024584805,
            0.43480399611000414,
            0.5484844950637866,
            0.5633489083895572,
            0.556068918371207,
            0.5031326295949822,
            0.4706646704005685,
            0.43994323914086353,
            0.4623489025053838,
            0.4700124191641033,
            0.48032807861426974,
            0.5798517254386142,
            0.6748944949872567,
            0.6855737625692938,
            0.6790454676045102,
            0.6391736022332655,
            0.6138956815738351,
            0.5903233800600608,
            0.6088271895064316,
            0.614398658700521,
            0.6223898178953361
        ],
        "converged": true,
        "confidence_intervals": {
            "r_div_q": [
                -15214.854058553592,
                15414.854058553592
            ],
            "delta": [
                -23.216385791756473,
                22.98854021033717
            ]
        }
    },
    "Linear Regression": {
        "model_name": "linear",
        "params": {
            "slope": 0.13654330320125485,
            "intercept": 0.43692763442454674
        },
        "steady_state_weight": null,
        "mode": "linear",
        "model_type": "linear",
        "log_likelihood": null,
        "r_squared": 0.04300459453888661,
        "aic": -115.87396081269276,
        "bic": -113.07156604936844,
        "n_params": 2,
        "mse": 0.01839175036779734,
        "rmse": 0.13561618770558823,