{
  "per_range": {
    "regression_effect": {
      "long": {
        "regression_angle": 25.177270202021273,
        "slope": 0.4700798180635895,
        "intercept": 0.29895716434116704,
        "r_squared": 0.5471167328630809,
        "p_value": 8.448175501798777e-10,
        "regression_strength": 0.5299201819364106,
        "regression_strength_angular": 0.4405051066217495
      },
      "medium": {
        "regression_angle": 23.912975969824224,
        "slope": 0.4434099772921808,
        "intercept": 0.2528593740179684,
        "r_squared": 0.5867302561635699,
        "p_value": 9.089092823837761e-11,
        "regression_strength": 0.5565900227078192,
        "regression_strength_angular": 0.4686005340039061
      },
      "short": {
        "regression_angle": 18.48783948695789,
        "slope": 0.33435933403183504,
        "intercept": 0.1712986009954891,
        "r_squared": 0.6084049307899068,
        "p_value": 2.4525969856536326e-11,
        "regression_strength": 0.665640665968165,
        "regression_strength_angular": 0.5891591225120469
      }
    },
    "weber_law": {
      "long": {
        "mean_cv": 0.06054547040930025,
        "cv_magnitude_correlation": -0.8605711652127639,
        "bin_magnitudes": [
          0.5455462499999999,
          0.63481125,
          0.72407625,
          0.76870875,
          0.8133412499999999,
          0.85797375
        ],
        "coefficient_variations": [
          0.1165760425686564,
          0.14357036860448344,
          0.023883889481791737,
          0.04049194040498543,
          0.021500653629805695,
          0.017249927766078737
        ],
        "p_value": 0.027805323797373303
      },
      "medium": {
        "mean_cv": 0.05226691770568268,
        "cv_magnitude_correlation": -0.31613002140878604,
        "bin_magnitudes": [
          0.356935,
          0.468515,
          0.580095,
          0.635885,
          0.691675,
          0.747465
        ],
        "coefficient_variations": [
          0.07800887688759311,
          0.03281748937646118,
          0.049909911331478596,
          0.0721312250806384,
          0.024130229973019248,
          0.05660377358490562
        ],
        "p_value": 0.541601699027852
      },
      "short": {
        "mean_cv": 0.07709778651554085,
        "cv_magnitude_correlation": -0.7907983228617256,
        "bin_magnitudes": [
          0.14554625,
          0.23481125,
          0.32407625,
          0.36870875000000003,
          0.41334125,
          0.45797374999999996
        ],
        "coefficient_variations": [
          0.15116132576634378,
          0.13211270221936963,
          0.04133696287801807,
          0.024382992454708492,
          0.10012244675372194,
          0.013470289021083081
        ],
        "p_value": 0.0610701211322884
      }
    },
    "sequential_effect": [
      {
        "range_category": "long",
        "n_runs": 5,
        "N_total": 50,
        "r_resp_mean": -0.014836598790859603,
        "r_stim_mean": 0.23521755130669839,
        "r_resp_weighted": -0.015799505668507106,
        "r_stim_weighted": 0.23521755130669839
      },
      {
        "range_category": "medium",
        "n_runs": 5,
        "N_total": 50,
        "r_resp_mean": 0.6280178560095429,
        "r_stim_mean": 0.23520721737985428,
        "r_resp_weighted": 0.6343780408931393,
        "r_stim_weighted": 0.23520721737985426
      },
      {
        "range_category": "short",
        "n_runs": 5,
        "N_total": 50,
        "r_resp_mean": 0.14656354249893014,
        "r_stim_mean": 0.23521755130669836,
        "r_resp_weighted": 0.14923211564334116,
        "r_stim_weighted": 0.23521755130669833
      }
    ]
  },
  "overall": {
    "range_effect": {
      "range_analyses_by_category": {
        "short": {
          "slope": 0.33435933403183504,
          "regression_strength": 0.665640665968165,
          "r_squared": 0.6084049307899068,
          "mean_stimulus_magnitude": 0.30805599999999994
        },
        "medium": {
          "slope": 0.4434099772921808,
          "regression_strength": 0.5565900227078192,
          "r_squared": 0.5867302561635699,
          "mean_stimulus_magnitude": 0.5600700000000001
        },
        "long": {
          "slope": 0.4700798180635895,
          "regression_strength": 0.5299201819364106,
          "r_squared": 0.5471167328630809,
          "mean_stimulus_magnitude": 0.7080560000000001
        }
      },
      "correlation_analysis": {
        "correlation_magnitude_regression": -0.9823737843603169,
        "p_value": 0.11970564905863093,
        "interpretation": "Regression strength decreases with stimulus magnitude (r=-0.982)"
      },
      "pairwise_comparison_on_overlap": {
        "short_vs_medium": {
          "categories": [
            "medium",
            "short"
          ],
          "error": "Insufficient data in common bins for t-test.",
          "t_statistic": NaN,
          "p_value": NaN,
          "is_significant": false,
          "n_overlapping_bins": 0
        },
        "short_vs_long": {
          "error": "No overlapping data found or insufficient data after binning for short vs long."
        },
        "medium_vs_long": {
          "categories": [
            "long",
            "medium"
          ],
          "t_statistic": 0.8333333333333353,
          "p_value": 0.5577158767526085,
          "is_significant": false,
          "n_overlapping_bins": 2,
          "mean_long": 0.614,
          "mean_medium": 0.574
        }
      }
    }
  }
}