range_category,regression_angle,scalar_variability,short_vs_medium_t,medium_vs_long_t,response_autocorr,stimulus_autocorr
short,44.02557100585277,0.11636942345325459,,,0.26532144413509356,0.24718809267831102
medium,45.188512641566525,0.11686667105049198,,,-0.09256074857838233,0.217956842254054
long,48.936681169156685,0.11072334361726947,,,0.18140318647430578,0.21906490146470328
