range_category,regression_angle,scalar_variability,short_vs_medium_t,medium_vs_long_t,response_autocorr,stimulus_autocorr
short,52.846058117114026,0.11264772377043412,,,0.42072559196266024,0.23521755130669833
medium,8.17621465339472,0.04140866624999611,,1.0,-0.10018851575341088,0.23520721737985426
long,42.50839181346289,0.03374698031854806,,,-0.1089155073550034,0.23521755130669839
