{
    "Basic Single-Stage": {
        "model_name": "bayes_basic_single",
        "params": {
            "w_p": 0.30705434977671087,
            "delta": -0.021366671199145686
        },
        "steady_state_weight": null,
        "mode": "single",
        "model_type": "basic",
        "r_squared": 0.7791363685729644,
        "aic": -148.15161706743527,
        "bic": -145.34922230411095,
        "n_params": 2,
        "mse": 0.006270620097772455,
        "rmse": 0.07918724706524691,
        "predictions": [
            0.24613542673812686,
            0.4055129262894833,
            0.3431478177693873,
            0.30850053525822285,
            0.18377031821803083,
            0.18377031821803083,
            0.15605249220909925,
            0.38472455678278467,
            0.30850053525822285,
            0.33621836126715443,
            0.4904341876350008,
            0.6913884261997546,
            0.6151644046751928,
            0.5666582091595626,
            0.414210166110439,
            0.414210166110439,
            0.3795628835992745,
            0.6567411436885902,
            0.5666582091595626,
            0.6013054916707271,
            0.6461354267381269,
            0.8055129262894835,
            0.7431478177693874,
            0.7085005352582229,
            0.5837703182180308,
            0.5837703182180308,
            0.5560524922090992,
            0.7847245567827846,
            0.7085005352582229,
            0.7362183612671543
        ],
        "converged": true,
        "confidence_intervals": {
            "w_p": [
                -10.263528320226252,
                10.877637019779675
            ],
            "delta": [
                -1.4072959605902486,
                1.3645626181919575
            ]
        }
    },
    "Basic Two-Stage": {
        "model_name": "bayes_basic_sequential",
        "params": {
            "r_div_q": 0.406412672934796,
            "delta": -0.019464366072541067
        },
        "steady_state_weight": 0.8582429327859871,
        "mode": "sequential",
        "model_type": "basic",
        "r_squared": 0.7331283781906313,
        "aic": -142.4757737274996,
        "bic": -139.67337896417527,
        "n_params": 2,
        "mse": 0.007576849771193758,
        "rmse": 0.08704510193683364,
        "predictions": [
            0.23053563392745893,
            0.43197945858590336,
            0.3782837484679551,
            0.32781950162852624,
            0.16415815813543014,
            0.14351519480165648,
            0.1059567403668002,
            0.3895957849807954,
            0.32924634250540186,
            0.35658904685762505,
            0.470535633927459,
            0.7245300215402803,
            0.659866384312302,
            0.5905417561191088,
            0.38954680961572596,
            0.3641948772510858,
            0.31730379217745464,
            0.6609364377947171,
            0.5906767639603072,
            0.6255081470883144,
            0.6305356339274589,
            0.8319794585859035,
            0.7782837484679551,
            0.7278195016285263,
            0.5641581581354301,
            0.5435151948016564,
            0.5059567403668002,
            0.7895957849807954,
            0.7292463425054019,
            0.7565890468576251
        ],
        "converged": true,
        "confidence_intervals": {
            "r_div_q": [
                -21.637890646303866,
                22.450715992173457
            ],
            "delta": [
                -1.4157012305988206,
                1.3767724984537384
            ]
        }
    },
    "Weber Single-Stage": {
        "model_name": "bayes_weber_single",
        "params": {
            "w_p": 0.2142132399317576,
            "delta": -0.05254474828792819
        },
        "steady_state_weight": null,
        "mode": "single",
        "model_type": "weber",
        "r_squared": 0.7850636118276662,
        "aic": -148.96758545509155,
        "bic": -146.16519069176724,
        "n_params": 2,
        "mse": 0.006102337567791519,
        "rmse": 0.07811746007002224,
        "predictions": [
            0.2428166734681381,
            0.40540856800367453,
            0.3443763311828646,
            0.3091801715403261,
            0.17099259819470486,
            0.17099259819470486,
            0.13639616922972,
            0.3853614919463464,
            0.3091801715403261,
            0.33741844789406394,
            0.4745799266211884,
            0.6838464109354282,
            0.6068496117909729,
            0.5564464552376638,
            0.3886410729834572,
            0.3886410729834572,
            0.34785945843520066,
            0.6491575516221773,
            0.5564464552376638,
            0.5925690805284746,
            0.6258672862089718,
            0.7940862713004244,
            0.729540133683121,
            0.6930051773995332,
            0.5567009249380594,
            0.5567009249380594,
            0.5252083775948403,
            0.7727353741842098,
            0.6930051773995332,
            0.7222737505727848
        ],
        "converged": true,
        "confidence_intervals": {
            "w_p": [
                -12.08442852517094,
                12.512855005034455
            ],
            "delta": [
                -2.690736780649404,
                2.5856472840735476
            ]
        }
    },
    "Weber Two-Stage": {
        "model_name": "bayes_weber_sequential",
        "params": {
            "r_div_q": 0.17649270699958744,
            "delta": -0.0718062172910854
        },
        "steady_state_weight": 0.9697913151112707,
        "mode": "sequential",
        "model_type": "weber",
        "r_squared": 0.7662820459257478,
        "aic": -146.4547919989899,
        "bic": -143.65239723566557,
        "n_params": 2,
        "mse": 0.006635571871018641,
        "rmse": 0.08145901958051448,
        "predictions": [
            0.232677739231629,
            0.4382772405393147,
            0.3649910324831181,
            0.31777009428216524,
            0.15226340035386612,
            0.14901097719386894,
            0.11263438154643596,
            0.40298468589702097,
            0.31869494844662183,
            0.35259102112173246,
            0.4560484354112082,
            0.7161257150668575,
            0.6261141507739825,
            0.5603048532677157,
            0.35847839696771067,
            0.3538103884571351,
            0.3084125201349525,
            0.6638518954773753,
            0.5612680824583975,
            0.6036326868212153,
            0.6049622328642609,
            0.81178233817673,
            0.7374013098671129,
            0.6901079298472227,
            0.5255098702771223,
            0.5213242553455294,
            0.48502696064031764,
            0.7798270712325388,
            0.6912418332264463,
            0.7249115235383087
        ],
        "converged": true,
        "confidence_intervals": {
            "r_div_q": [
                -23.193250939163956,
                23.546236353163135
            ],
            "delta": [
                -2.637891236751294,
                2.4942788021691227
            ]
        }
    },
    "Linear Regression": {
        "model_name": "linear",
        "params": {
            "slope": 0.7303112009886529,
            "intercept": 0.12021995281429067
        },
        "steady_state_weight": null,
        "mode": "linear",
        "model_type": "linear",
        "log_likelihood": null,
        "r_squared": 0.8360619274788248,
        "aic": -157.0916573787183,
        "bic": -154.289262615394,
        "n_params": 2,
        "mse": 0.0046544257454218625,
        "rmse": 0.06822335190696703,