model,scope,k,aic,rmse_to_llm,r2_to_llm,r2_to_truth,rmse_vs_truth,bias_vs_truth,aic_weight
EmpiricalLinear,overall,3.0,-212.42743212747314,0.4828296203659329,0.9484950720859553,0.9476205187838221,0.46452915216522817,0.018176666666668777,0.6974920308512161
Equal,overall,0.0,-210.58068371440226,0.4956250367801583,0.9457290470779829,0.9442489736987536,0.47924634662144266,0.0914516666666667,0.2770275284102653
Bayes(range),overall,0.0,-205.80824982975864,0.5035725431557974,0.9439745880443415,0.9528986970223399,0.4405029672962325,0.05831281875818983,0.0254801556518362
Bayes(stimulus),overall,0.0,-183.00701539995643,0.5433381631432647,0.9347769064181297,0.9395340777230407,0.4991001706023628,0.07149975106813922,2.850866823248899e-07
LLM(Combined),overall,,,0.0,1.0,0.9380428918272031,0.5052169900151815,0.018176666666666706,
