range_category,w_img_bayes,w_txt_bayes
short,0.42066453913401786,0.5793354608659822
medium,0.7574299711097582,0.24257002889024182
long,0.6631594342883738,0.33684056571162624
