{
    "Basic Single-Stage": {
        "model_name": "bayes_basic_single",
        "params": {
            "w_p": 0.011856309213182441,
            "delta": 1.214403316899069
        },
        "steady_state_weight": null,
        "mode": "single",
        "model_type": "basic",
        "r_squared": 0.1690792268894763,
        "aic": 54.51611396805438,
        "bic": 57.318508731378685,
        "n_params": 2,
        "mse": 5.3863624122098095,
        "rmse": 2.3208538110380434,
        "predictions": [
            3.7230215495030388,
            5.99802476880153,
            5.111462249427596,
            4.61274612868749,
            2.834482742747533,
            2.4878419360195174,
            5.671739722103723,
            2.3574069688356576,
            6.049210611984286,
            5.566996490880319,
            5.694919992246415,
            8.018638695500695,
            7.168538678316796,
            6.597193996303858,
            4.838693484179638,
            4.4873095877358455,
            7.698776582793002,
            7.037708453656622,
            4.331479327698764,
            8.090674370559055,
            7.722565318724515,
            10.040651602941312,
            9.146678005886477,
            8.644503382228615,
            6.889461373022149,
            6.4579390232555465,
            9.658832880821285,
            9.033041481445993,
            6.338176007932184,
            10.09628409273261
        ],
        "converged": true,
        "confidence_intervals": {
            "w_p": [
                -0.9771206354058096,
                1.0008332538321745
            ],
            "delta": [
                -0.5007630946143129,
                2.929569728412451
            ]
        }
    },
    "Basic Two-Stage": {
        "model_name": "bayes_basic_sequential",
        "params": {
            "r_div_q": 0.2556973755171323,
            "delta": 1.2272607132518194
        },
        "steady_state_weight": 0.9386312138350521,
        "mode": "sequential",
        "model_type": "basic",
        "r_squared": 0.17126970235001981,
        "aic": 54.4369234792637,
        "bic": 57.239318242588006,
        "n_params": 2,
        "mse": 5.372162869885971,
        "rmse": 2.3177926718940958,
        "predictions": [
            3.7272607132518196,
            5.896440596143698,
            5.176688327257745,
            4.659512563352199,
            2.9343124399695952,
            2.503776581068181,
            5.513968816685587,
            2.529093396310911,
            5.875275832442281,
            5.609716026226072,
            5.69936071325182,
            7.914990045922862,
            7.232682224079052,
            6.648442878971606,
            4.9381917598175,
            4.504001639910083,
            7.540263254254297,
            7.086224103208051,
            4.480068761798755,
            7.912466028389918,
            7.72726071325182,
            9.937519622723244,
            9.213077182354294,
            8.692332373870848,
            6.989061839171341,
            6.478881716662539,
            9.500655529807226,
            9.079404732168681,
            6.4859844351361815,
            9.918084342186802
        ],
        "converged": true,
        "confidence_intervals": {
            "r_div_q": [
                -1.4262406335974722,
                1.937635384631737
            ],
            "delta": [
                -0.188274883681272,
                2.642796310184911
            ]
        }
    },
    "Weber Single-Stage": {
        "model_name": "bayes_weber_single",
        "params": {
            "w_p": 0.0,
            "delta": 0.13508014526178086
        },
        "steady_state_weight": null,
        "mode": "single",
        "model_type": "weber",
        "r_squared": 0.0435327014768605,
        "aic": 58.737477692523,
        "bic": 61.53987245584731,
        "n_params": 2,
        "mse": 6.200205449175391,
        "rmse": 2.4900211744431795,
        "predictions": [
            2.861571437697124,
            5.496849672909865,
            4.469888967253404,
            3.8921949546087133,
            1.8323214750062073,
            1.4307857911628206,
            5.118893336521364,
            1.2796948268887984,
            5.556141430102247,
            4.997562713695255,
            5.118893336521364,
            7.810601757633417,
            6.825877844262649,
            6.164053635601742,
            4.127072726343785,
            3.7200428256177065,
            7.440085506606893,
            6.674329028581736,
            3.539534908450938,
            7.894045176539298,
            7.440085506606893,
            10.12526954517075,
            9.089724125635085,
            8.508023913180098,
            6.475049203732438,
            5.975189930259215,
            9.68298508611407,
            8.95809184615393,
            5.8364609539712475,
            10.189712130690657
        ],
        "converged": true,
        "confidence_intervals": {
            "w_p": [
                -1.185274335047215,
                1.185274335047215
            ],
            "delta": [
                -0.128444392936435,
                0.3986046834599967
            ]
        }
    },
    "Weber Two-Stage": {
        "model_name": "bayes_weber_sequential",
        "params": {
            "r_div_q": 0.01,
            "delta": 0.13510037610009695
        },
        "steady_state_weight": 0.9999000099990001,
        "mode": "sequential",
        "model_type": "weber",
        "r_squared": 0.04353102881775017,
        "aic": 58.73753015612674,
        "bic": 61.539924919451046,
        "n_params": 2,
        "mse": 6.200216292024013,
        "rmse": 2.4900233517025523,
        "predictions": [
            2.861629330292047,
            5.496602119497721,
            4.470071795440395,
            3.8923275607375842,
            1.8324965729277396,
            1.430850134234704,
            5.118344555982653,
            1.2798980868573726,
            5.555438321924663,
            4.99771668798949,
            5.1189968970925985,
            7.810429808482659,
            6.82610788041797,
            6.164241203104047,
            4.127321763356233,
            3.7201567205536907,
            7.43972043820772,
            6.674536490691683,
            3.539830990843745,
            7.893571878687774,
            7.440236027316642,
            10.125162438745555,
            9.09000604389793,
            8.508252306333436,
            6.475356979159128,
            5.975358827347093,
            9.682713635791412,
            8.958342727820929,
            5.836829049674073,
            10.189350614969058
        ],
        "converged": true,
        "confidence_intervals": {
            "r_div_q": [
                -2.977263707293354,
                2.9972637072933535
            ],
            "delta": [
                -0.06743279650197648,
                0.3376335487021704
            ]
        }
    },
    "Linear Regression": {
        "model_name": "linear",
        "params": {
            "slope": 0.619629424101453,
            "intercept": 3.191986726585546
        },
        "steady_state_weight": null,
        "mode": "linear",
        "model_type": "linear",
        "log_likelihood": null,
        "r_squared": 0.27125446640861317,
        "aic": 50.57981947965825,
        "bic": 53.382214242982556,
        "n_params": 2,
        "mse": 4.72402144371508,
        "rmse": 2.1734814109430705,