model,scope,k,aic,rmse_to_llm,r2_to_llm,r2_to_truth,rmse_vs_truth,bias_vs_truth,aic_weight
Equal,overall,0.0,-706.1150475751049,0.09501534963713319,0.8376820101054729,0.7885278388699671,0.09682114872278678,-0.026054,0.663895318604215
Combo_NonOracle,overall,0.0,-704.1128811003776,0.09565159220697476,0.8355009017638179,0.8240974942146626,0.08830385066569256,-0.02376923553286826,0.2439690192585196
EmpiricalLinear,overall,2.0,-702.1653227651373,0.09499942792208411,0.8377364047745461,0.7937649645134255,0.0956147408023044,-0.02574570390731403,0.09213566213726514
Combo_Oracle,overall,0.0,-635.7609770494439,0.12012730099545696,0.7405446960329694,0.9093392867290475,0.06339473561236361,2.1464311809419693e-17,3.506770156218377e-16
LLM(Combined),overall,,,0.0,1.0,0.6198847601698416,0.12980794367063983,-0.046794,
