{
  "empirical_linear": {
    "w_txt_norm": 0.5120995326799818,
    "w_img_norm": 0.4879004673200183
  },
  "combo_oracle": {
    "w_txt_norm": 0.971313961826487,
    "w_img_norm": 0.02868603817351306
  },
  "combo_non_oracle": {
    "w_txt_norm": 0.5896689351307576,
    "w_img_norm": 0.4103310648692425
  }
}