model,scope,k,aic,rmse_to_llm,r2_to_llm,r2_to_truth,rmse_vs_truth,bias_vs_truth,aic_weight
EmpiricalLinear,overall,2.0,301.7422309656492,2.6979011077912043,0.4427062672472418,-1.6506799724496908,3.3045400970806247,1.753782472890391,0.9999995929276492
Equal,overall,0.0,331.1707799532521,3.0159129887455585,0.3035824267263124,-0.09625246444445357,2.125140602549433,0.7446531,4.070723509363966e-07
Combo_Oracle,overall,0.0,420.54642864216027,4.062592955740679,-0.2636847032454577,0.7878739867926764,0.9348228996441291,-2.2500519965736505e-15,1.592194371335956e-26
Combo_NonOracle,overall,0.0,465.96302608058147,4.726618712510318,-0.710540046342653,0.4384348884482405,1.5210112868936945,-1.1516253768760696,2.187294480899417e-36
LLM(Combined),overall,,,0.0,1.0,-2.89148558396821,4.003963322384459,2.2297100000000003,
