model,scope,k,aic,rmse_to_llm,r2_to_llm,r2_to_truth,rmse_vs_truth,bias_vs_truth,aic_weight
EmpiricalLinear,overall,2.0,-840.6095012858652,0.05988285724266906,0.9190854024530478,0.8773465939343704,0.07373665557162792,-0.04795261411537606,0.9996901890769488
Combo_NonOracle,overall,0.0,-824.395326866672,0.06405684267510083,0.9074123827219958,0.8757727137012086,0.07420823945596124,-0.04343251393929749,0.00030130212215588316
Combo_Oracle,overall,0.0,-817.2613016108634,0.06559837604047551,0.9029025048469903,0.9355868978608716,0.05343560573698991,-1.0732155904709847e-16,8.508799484982842e-06
Equal,overall,0.0,-786.0355732924195,0.0727942305406136,0.8804317783957164,0.857074869695633,0.07959722507726007,-0.03972733333333332,1.4102221713083691e-12
LLM(Combined),overall,,,0.0,1.0,0.9199681225560525,0.05956280360538222,-0.03446066666666666,
