{
  "per_range": {
    "regression_effect": {
      "long": {
        "regression_angle": 52.6399504127377,
        "slope": 1.3098375249547483,
        "intercept": -0.37922578130237705,
        "r_squared": 0.7746523460239567,
        "p_value": 1.7750485032537235e-33,
        "regression_strength": -0.30983752495474826,
        "regression_strength_angular": 0.1697766758386155
      },
      "medium": {
        "regression_angle": 47.07113100352657,
        "slope": 1.0750413990699783,
        "intercept": -0.18103671893955714,
        "r_squared": 0.7692488593969319,
        "p_value": 5.687761006035196e-33,
        "regression_strength": -0.07504139906997831,
        "regression_strength_angular": 0.04602513341170149
      },
      "short": {
        "regression_angle": 38.668862637182414,
        "slope": 0.8002591999975932,
        "intercept": 0.028461425275881386,
        "r_squared": 0.7967529071918631,
        "p_value": 1.1133944419449957e-35,
        "regression_strength": 0.1997408000024068,
        "regression_strength_angular": 0.14069194139594635
      }
    },
    "weber_law": {
      "long": {
        "mean_cv": 0.14204537185579463,
        "cv_magnitude_correlation": -0.8368608800865114,
        "bin_magnitudes": [
          0.531963125,
          0.5794293749999999,
          0.626895625,
          0.674361875,
          0.7218281249999999,
          0.769294375,
          0.816760625,
          0.864226875
        ],
        "coefficient_variations": [
          0.2654516896946884,
          0.18986683386139602,
          0.23458118256972696,
          0.06581931148225566,
          0.1597021068867326,
          0.07396441587320324,
          0.09829098492233948,
          0.048686449556014776
        ],
        "p_value": 0.00956983751391741
      },
      "medium": {
        "mean_cv": 0.1400920042618449,
        "cv_magnitude_correlation": -0.5675528537937312,
        "bin_magnitudes": [
          0.33995625,
          0.39928875,
          0.45862125,
          0.51795375,
          0.57728625,
          0.63661875,
          0.69595125,
          0.75528375
        ],
        "coefficient_variations": [
          0.09123488228157998,
          0.23148295721997408,
          0.298172827193522,
          0.1259881576697424,
          0.1602796366522119,
          0.10097421951654705,
          0.0554431624201227,
          0.05716019114105907
        ],
        "p_value": 0.1422776477953294
      },
      "short": {
        "mean_cv": 0.17495622527943216,
        "cv_magnitude_correlation": -0.6734617734845945,
        "bin_magnitudes": [
          0.13196312500000001,
          0.179429375,
          0.22689562500000002,
          0.274361875,
          0.321828125,
          0.369294375,
          0.416760625,
          0.46422687500000004
        ],
        "coefficient_variations": [
          0.25510002433626194,
          0.18962538553846323,
          0.27769079206940384,
          0.10755377461636904,
          0.3037487878808485,
          0.14504844638332387,
          0.0759493670886076,
          0.044933224322179194
        ],
        "p_value": 0.0671192972659638
      }
    },
    "sequential_effect": [
      {
        "range_category": "long",
        "n_runs": 5,
        "N_total": 100,
        "r_resp_mean": 0.012870234330139447,
        "r_stim_mean": 0.09934107071035805,
        "r_resp_weighted": 0.012930788702009898,
        "r_stim_weighted": 0.09934107071035804
      },
      {
        "range_category": "medium",
        "n_runs": 5,
        "N_total": 100,
        "r_resp_mean": 0.10392225023944161,
        "r_stim_mean": 0.09933723055793858,
        "r_resp_weighted": 0.10488606387791219,
        "r_stim_weighted": 0.09933723055793858
      },
      {
        "range_category": "short",
        "n_runs": 5,
        "N_total": 100,
        "r_resp_mean": 0.22866629344871175,
        "r_stim_mean": 0.09934107071035803,
        "r_resp_weighted": 0.22911819616080956,
        "r_stim_weighted": 0.09934107071035803
      }
    ]
  },
  "overall": {
    "range_effect": {
      "range_analyses_by_category": {
        "short": {
          "slope": 0.8002591999975932,
          "regression_strength": 0.1997408000024068,
          "r_squared": 0.7967529071918631,
          "mean_stimulus_magnitude": 0.2830815
        },
        "medium": {
          "slope": 1.0750413990699783,
          "regression_strength": -0.07504139906997831,
          "r_squared": 0.7692488593969319,
          "mean_stimulus_magnitude": 0.5288510000000001
        },
        "long": {
          "slope": 1.3098375249547483,
          "regression_strength": -0.30983752495474826,
          "r_squared": 0.7746523460239567,
          "mean_stimulus_magnitude": 0.6830815
        }
      },
      "correlation_analysis": {
        "correlation_magnitude_regression": -0.9962964434201761,
        "p_value": 0.05480734193190167,
        "interpretation": "Regression strength decreases with stimulus magnitude (r=-0.996)"
      },
      "pairwise_comparison_on_overlap": {
        "short_vs_medium": {
          "categories": [
            "medium",
            "short"
          ],
          "t_statistic": -0.6157745889401757,
          "p_value": 0.5816092009402637,
          "is_significant": false,
          "n_overlapping_bins": 4,
          "mean_medium": 0.32175,
          "mean_short": 0.34324999999999994
        },
        "short_vs_long": {
          "error": "No overlapping data found or insufficient data after binning for short vs long."
        },
        "medium_vs_long": {
          "categories": [
            "long",
            "medium"
          ],
          "t_statistic": -0.48333333333333345,
          "p_value": 0.7133774833944451,
          "is_significant": false,
          "n_overlapping_bins": 2,
          "mean_long": 0.473,
          "mean_medium": 0.531
        }
      }
    }
  }
}