range_category,regression_angle,scalar_variability,short_vs_medium_t,medium_vs_long_t,response_autocorr,stimulus_autocorr
short,52.99640767646544,0.15200251515922222,,,0.21688229005855927,0.23521755130669833
medium,45.54739898940724,0.0544535950124894,,-1.9285014691478946,0.2776153646192191,0.23520721737985426
long,45.224402565995625,0.04641660666714038,,,0.07623756376206564,0.23521755130669839
