range_category,regression_angle,scalar_variability,short_vs_medium_t,medium_vs_long_t,response_autocorr,stimulus_autocorr
short,36.829821459245736,0.1047928955674593,,,0.0960648297014897,0.21499837010885733
medium,42.95985285490405,0.14806663413728566,,,0.1819922743640195,0.14844281195032394
long,34.73269094001987,0.10345432145852461,,,0.06402646931495415,0.21148516965257916
