{
  "per_range": {
    "regression_effect": {
      "long": {
        "regression_angle": NaN,
        "slope": NaN,
        "intercept": NaN,
        "r_squared": NaN,
        "p_value": NaN,
        "regression_strength": NaN,
        "regression_strength_angular": NaN
      },
      "medium": {
        "regression_angle": 39.68129626161832,
        "slope": 0.8296647002247214,
        "intercept": 0.6429249652811642,
        "r_squared": 0.571815243678904,
        "p_value": 2.1542314637031714e-10,
        "regression_strength": 0.17033529977527861,
        "regression_strength_angular": 0.11819341640848174
      },
      "short": {
        "regression_angle": 39.73591092424851,
        "slope": 0.8312753130841416,
        "intercept": 1.1968650532367215,
        "r_squared": 0.6163953146544302,
        "p_value": 1.4862373464854964e-11,
        "regression_strength": 0.1687246869158584,
        "regression_strength_angular": 0.11697975723892205
      }
    },
    "weber_law": {
      "long": {
        "mean_cv": 0.19282543565953092,
        "cv_magnitude_correlation": -0.2671229995058323,
        "bin_magnitudes": [
          5.43633125,
          5.8685937500000005,
          6.300856250000001,
          7.16538125,
          7.59764375,
          8.02990625,
          8.46216875
        ],
        "coefficient_variations": [
          0.07735639253670902,
          0.11133450113628858,
          0.8216464329495066,
          0.06556329288889466,
          0.08601129520130858,
          0.11596456192837414,
          0.07190157297563463
        ],
        "p_value": 0.5625222800140632
      },
      "medium": {
        "mean_cv": 0.12944958053863642,
        "cv_magnitude_correlation": -0.7184909908363106,
        "bin_magnitudes": [
          3.39370625,
          4.31933125,
          5.24495625,
          5.70776875,
          6.63339375
        ],
        "coefficient_variations": [
          0.15326371279675816,
          0.275120532297293,
          0.09173961933939753,
          0.09737204563906474,
          0.02975199262066862
        ],
        "p_value": 0.17152412664344227
      },
      "short": {
        "mean_cv": 0.17688977554407662,
        "cv_magnitude_correlation": -0.40959315001058444,
        "bin_magnitudes": [
          1.47201875,
          2.36009375,
          3.2481687499999996,
          3.69220625,
          4.13624375,
          4.5802812500000005
        ],
        "coefficient_variations": [
          0.18122105279220355,
          0.30470560929042767,
          0.22123761618288043,
          0.055274222941846134,
          0.09658425641124568,
          0.20231589564585636
        ],
        "p_value": 0.41996828952467186
      }
    },
    "sequential_effect": [
      {
        "range_category": "long",
        "n_runs": 5,
        "N_total": 49,
        "r_resp_mean": 0.002416096702467063,
        "r_stim_mean": 0.24099899556878115,
        "r_resp_weighted": -0.02173927557202735,
        "r_stim_weighted": 0.2389187464697126
      },
      {
        "range_category": "medium",
        "n_runs": 5,
        "N_total": 50,
        "r_resp_mean": -0.06646010626530169,
        "r_stim_mean": 0.217956842254054,
        "r_resp_weighted": -0.07121334336439539,
        "r_stim_weighted": 0.217956842254054
      },
      {
        "range_category": "short",
        "n_runs": 5,
        "N_total": 50,
        "r_resp_mean": 0.10621557414957435,
        "r_stim_mean": 0.24718809267831113,
        "r_resp_weighted": 0.10786876325693485,
        "r_stim_weighted": 0.24718809267831113
      }
    ]
  },
  "overall": {
    "range_effect": {
      "range_analyses_by_category": {
        "short": {
          "slope": 0.8312753130841416,
          "regression_strength": 0.1687246869158584,
          "r_squared": 0.6163953146544302,
          "mean_stimulus_magnitude": 3.0697699999999997
        },
        "medium": {
          "slope": 0.8296647002247214,
          "regression_strength": 0.17033529977527861,
          "r_squared": 0.571815243678904,
          "mean_stimulus_magnitude": 5.0383
        },
        "long": {
          "slope": NaN,
          "regression_strength": NaN,
          "r_squared": NaN,
          "mean_stimulus_magnitude": 7.0569999999999995
        }
      },
      "correlation_analysis": {
        "correlation_magnitude_regression": NaN,
        "p_value": NaN,
        "interpretation": "Regression strength decreases with stimulus magnitude (r=nan)"
      },
      "pairwise_comparison_on_overlap": {
        "short_vs_medium": {
          "error": "No overlapping data found or insufficient data after binning for short vs medium."
        },
        "short_vs_long": {
          "error": "No overlapping data found or insufficient data after binning for short vs long."
        },
        "medium_vs_long": {
          "error": "No overlapping data found or insufficient data after binning for medium vs long."
        }
      }
    }
  }
}