model,scope,k,aic,rmse_to_llm,r2_to_llm,r2_to_truth,rmse_vs_truth,bias_vs_truth,aic_weight
Combo_NonOracle,overall,0.0,-925.1921591030468,0.04577698322222918,0.9582003587444927,0.9904793202952652,0.020543649961542194,-0.012293367680623394,0.5647040734515528
EmpiricalLinear,overall,2.0,-924.669767794143,0.045249398900497416,0.9591582966979165,0.986470592393477,0.024489674891973366,-0.011958161389496246,0.4348956754090424
Equal,overall,0.0,-910.6882252953985,0.048044509433505155,0.9539567740791477,0.9687222000994127,0.03723588905545365,-0.011177045749332103,0.0004002503415786447
Combo_Oracle,overall,0.0,-884.4368050841672,0.05243805641511392,0.945150662002161,0.9963294161201698,0.012755902929757154,7.290464528371861e-17,7.978261029806425e-10
LLM(Combined),overall,,,0.0,1.0,0.9406270952087135,0.05130241124937501,-0.025773333333333325,
