model,scope,k,aic,rmse_to_llm,r2_to_llm,r2_to_truth,rmse_vs_truth,bias_vs_truth,aic_weight
EmpiricalLinear,overall,3.0,-606.9637798289995,0.12961165099398325,0.5236841931910385,0.1669260271444598,0.19216992132990376,-0.12032733333333309,0.99673223917837
Bayes(range),overall,0.0,-595.5230254669063,0.13737007034199866,0.4649539651323248,0.4069466368778901,0.16214012956554022,-0.07786849847503383,0.003267760821629907
Bayes(stimulus),overall,0.0,-528.3823866757093,0.17182571130631286,0.16288869016940977,0.05852946199409803,0.20428994718674334,-0.08785647653666308,8.606880879672945e-18
Equal,overall,0.0,-490.9238556057912,0.19467712693072084,-0.07457508083272146,0.13401427193143767,0.19592912389433076,-0.057708999999999976,6.321630684830808e-26
LLM(Combined),overall,,,0.0,1.0,0.09196644279478483,0.20062940189978803,-0.12032733333333333,
