range_category,w_img_bayes,w_txt_bayes
short,0.05125215103547865,0.9487478489645214
medium,0.27641693275030665,0.7235830672496933
long,0.1325030029016483,0.8674969970983517
