{
  "per_range": {
    "regression_effect": {
      "long": {
        "regression_angle": 18.282297769402923,
        "slope": 0.33037566024138487,
        "intercept": 0.3384775137660876,
        "r_squared": 0.09587822280252221,
        "p_value": 0.028654173291018832,
        "regression_strength": 0.6696243397586151,
        "regression_strength_angular": 0.5937267162354906
      },
      "medium": {
        "regression_angle": 19.385658140417622,
        "slope": 0.35187426024640195,
        "intercept": 0.28212578306379765,
        "r_squared": 0.09427442040394267,
        "p_value": 0.030091328045834417,
        "regression_strength": 0.648125739753598,
        "regression_strength_angular": 0.5692075968796084
      },
      "short": {
        "regression_angle": 28.912869343508728,
        "slope": 0.5523227542189216,
        "intercept": 0.3058569755628612,
        "r_squared": 0.0996896598899029,
        "p_value": 0.025509184175254117,
        "regression_strength": 0.44767724578107837,
        "regression_strength_angular": 0.3574917923664727
      }
    },
    "weber_law": {
      "long": {
        "mean_cv": 0.15261871160369764,
        "cv_magnitude_correlation": -0.30975126545121245,
        "bin_magnitudes": [
          0.54551875,
          0.63479375,
          0.72406875,
          0.7687062499999999,
          0.81334375,
          0.8579812499999999
        ],
        "coefficient_variations": [
          0.22971730693223355,
          0.12777531299998796,
          0.11168208848731695,
          0.09090909090909094,
          0.22784231218062093,
          0.12778615811293562
        ],
        "p_value": 0.5502327754993063
      },
      "medium": {
        "mean_cv": 0.26211967442984974,
        "cv_magnitude_correlation": 0.0474324116966818,
        "bin_magnitudes": [
          0.3569,
          0.4685,
          0.5801000000000001,
          0.6358999999999999,
          0.6917,
          0.7475
        ],
        "coefficient_variations": [
          0.3366574742436028,
          0.1139397695541294,
          0.3418588011391333,
          0.2509475783585829,
          0.20891123550682394,
          0.320403187776826
        ],
        "p_value": 0.9289047399736418
      },
      "short": {
        "mean_cv": 0.34207213775602785,
        "cv_magnitude_correlation": 0.27350740102667254,
        "bin_magnitudes": [
          0.14551875,
          0.23479374999999997,
          0.32406874999999996,
          0.36870624999999996,
          0.41334374999999995,
          0.45798125
        ],
        "coefficient_variations": [
          0.43158748283077586,
          0.0,
          0.3822520243013735,
          0.4870692531575965,
          0.39606359439953387,
          0.35546047184688734
        ],
        "p_value": 0.5999689365901342
      }
    },
    "sequential_effect": [
      {
        "range_category": "long",
        "n_runs": 5,
        "N_total": 50,
        "r_resp_mean": -0.34368832610572475,
        "r_stim_mean": 0.23502816576403168,
        "r_resp_weighted": -0.3915800208388229,
        "r_stim_weighted": 0.23502816576403165
      },
      {
        "range_category": "medium",
        "n_runs": 5,
        "N_total": 50,
        "r_resp_mean": -0.8634720288572547,
        "r_stim_mean": 0.23525030686203605,
        "r_resp_weighted": -0.9998245195941937,
        "r_stim_weighted": 0.23525030686203605
      },
      {
        "range_category": "short",
        "n_runs": 5,
        "N_total": 50,
        "r_resp_mean": -0.8139581789166488,
        "r_stim_mean": 0.2350281657640318,
        "r_resp_weighted": -0.8487255020642909,
        "r_stim_weighted": 0.23502816576403177
      }
    ]
  },
  "overall": {
    "range_effect": {
      "range_analyses_by_category": {
        "short": {
          "slope": 0.5523227542189216,
          "regression_strength": 0.44767724578107837,
          "r_squared": 0.0996896598899029,
          "mean_stimulus_magnitude": 0.30805000000000005
        },
        "medium": {
          "slope": 0.35187426024640195,
          "regression_strength": 0.648125739753598,
          "r_squared": 0.09427442040394267,
          "mean_stimulus_magnitude": 0.56007
        },
        "long": {
          "slope": 0.33037566024138487,
          "regression_strength": 0.6696243397586151,
          "r_squared": 0.09587822280252221,
          "mean_stimulus_magnitude": 0.7080500000000001
        }
      },
      "correlation_analysis": {
        "correlation_magnitude_regression": 0.9592062926789336,
        "p_value": 0.18246486474826867,
        "interpretation": "Regression strength increases with stimulus magnitude (r=0.959)"
      },
      "pairwise_comparison_on_overlap": {
        "short_vs_medium": {
          "categories": [
            "medium",
            "short"
          ],
          "error": "Insufficient data in common bins for t-test.",
          "t_statistic": NaN,
          "p_value": NaN,
          "is_significant": false,
          "n_overlapping_bins": 0
        },
        "short_vs_long": {
          "error": "No overlapping data found or insufficient data after binning for short vs long."
        },
        "medium_vs_long": {
          "categories": [
            "long",
            "medium"
          ],
          "t_statistic": -1.2342342342342354,
          "p_value": 0.43350052983205056,
          "is_significant": false,
          "n_overlapping_bins": 2,
          "mean_long": 0.5049999999999999,
          "mean_medium": 0.6420000000000001
        }
      }
    }
  }
}