{
    "Basic Single-Stage": {
        "model_name": "bayes_basic_single",
        "params": {
            "w_p": 0.0,
            "delta": 0.0001999952869974897
        },
        "steady_state_weight": null,
        "mode": "single",
        "model_type": "basic",
        "r_squared": 0.9801502220660953,
        "aic": -204.1497337444768,
        "bic": -201.3473389811525,
        "n_params": 2,
        "mse": 0.0009688933333333544,
        "rmse": 0.031127051471884618,
        "predictions": [
            0.6501999952869975,
            0.8801999952869977,
            0.7901999952869976,
            0.7401999952869975,
            0.5601999952869976,
            0.6501999952869975,
            0.8801999952869977,
            0.7901999952869976,
            0.7401999952869975,
            0.5601999952869976,
            0.49019999528699754,
            0.7801999952869976,
            0.6701999952869975,
            0.6001999952869974,
            0.3801999952869975,
            0.49019999528699754,
            0.7801999952869976,
            0.6701999952869975,
            0.6001999952869974,
            0.3801999952869975,
            0.2501999952869975,
            0.48019999528699747,
            0.3901999952869975,
            0.3401999952869975,
            0.1601999952869975,
            0.2501999952869975,
            0.48019999528699747,
            0.3901999952869975,
            0.3401999952869975,
            0.1601999952869975
        ],
        "converged": true,
        "confidence_intervals": {
            "w_p": [
                -11.465844784939998,
                11.465844784939998
            ],
            "delta": [
                -1.3857292951397193,
                1.3861292857137144
            ]
        }
    },
    "Basic Two-Stage": {
        "model_name": "bayes_basic_sequential",
        "params": {
            "r_div_q": 0.01,
            "delta": 0.00019902864205962378
        },
        "steady_state_weight": 0.9999000099990001,
        "mode": "sequential",
        "model_type": "basic",
        "r_squared": 0.9801402133567277,
        "aic": -204.13462646305726,
        "bic": -201.33223169973294,
        "n_params": 2,
        "mse": 0.0009693818713821801,
        "rmse": 0.0311348979664649,
        "predictions": [
            0.6501990286420597,
            0.8801760332410891,
            0.7902080245434293,
            0.7402040285417198,
            0.5602170255428495,
            0.6501900322409401,
            0.8801760323414499,
            0.7902080245433394,
            0.7402040285417198,
            0.5602170255428495,
            0.49019902864205966,
            0.7801700344408358,
            0.6702100235437691,
            0.6002060283416799,
            0.3802210249429893,
            0.4901880330407001,
            0.7801700333412698,
            0.6702100235436592,
            0.6002060283416799,
            0.3802210249429893,
            0.2501990286420596,
            0.48017603324108893,
            0.3902080245434292,
            0.3402040285417198,
            0.16021702554284936,
            0.25019003224094,
            0.48017603234144973,
            0.39020802454333925,
            0.3402040285417198,
            0.16021702554284936
        ],
        "converged": true,
        "confidence_intervals": {
            "r_div_q": [
                -1395.967839111638,
                1395.987839111638
            ],
            "delta": [
                -1.4117333003509194,
                1.4121313576350387
            ]
        }
    },
    "Weber Single-Stage": {
        "model_name": "bayes_weber_single",
        "params": {
            "w_p": 0.0,
            "delta": 0.008810796638263504
        },
        "steady_state_weight": null,
        "mode": "single",
        "model_type": "weber",
        "r_squared": 0.9806917457022493,
        "aic": -204.97867019942618,
        "bic": -202.17627543610186,
        "n_params": 2,
        "mse": 0.0009424608642821039,
        "rmse": 0.030699525473239873,
        "predictions": [
            0.6557523307209532,
            0.8877877676907722,
            0.7969912923547561,
            0.7465488060569693,
            0.5649558553849372,
            0.6557523307209532,
            0.8877877676907722,
            0.7969912923547561,
            0.7465488060569693,
            0.5649558553849372,
            0.49433637456803575,
            0.7869027950951987,
            0.675929325240068,
            0.6053098444231664,
            0.38336290471290496,
            0.49433637456803575,
            0.7869027950951987,
            0.675929325240068,
            0.6053098444231664,
            0.38336290471290496,
            0.2522124403386595,
            0.48424787730847835,
            0.3934514019724623,
            0.3430089156746757,
            0.16141596500264344,
            0.2522124403386595,
            0.48424787730847835,
            0.3934514019724623,
            0.3430089156746757,
            0.16141596500264344
        ],
        "converged": true,
        "confidence_intervals": {
            "w_p": [
                -11.347602678997921,
                11.347602678997921
            ],
            "delta": [
                -2.5417787230164324,
                2.559400316292959
            ]
        }
    },
    "Weber Two-Stage": {
        "model_name": "bayes_weber_sequential",
        "params": {
            "r_div_q": 0.01,
            "delta": 0.008816425863702805
        },
        "steady_state_weight": 0.9999000099990001,
        "mode": "sequential",
        "model_type": "weber",
        "r_squared": 0.9806811748339223,
        "aic": -204.96226771581075,
        "bic": -202.15987295248644,
        "n_params": 2,
        "mse": 0.0009429768420368005,
        "rmse": 0.030707927999733237,
        "predictions": [
            0.6557560221146742,
            0.8877658754171907,
            0.7970043734353723,
            0.7465578895805409,
            0.5649747792724412,
            0.6557462528720229,
            0.8877658740946714,
            0.7970043734352537,
            0.7465578895805409,
            0.5649747792724412,
            0.49433915731239264,
            0.7868706505304807,
            0.6759434003774187,
            0.6053199309993932,
            0.3833825706123357,
            0.49432659445685107,
            0.7868706485308634,
            0.675943400377247,
            0.6053199309993932,
            0.3833825706123357,
            0.2522138601089701,
            0.4842190217496575,
            0.39346178234436024,
            0.34301555251132815,
            0.16142903907542472,
            0.25220260854380316,
            0.48421901958963987,
            0.3934617823441847,
            0.34301555251132815,
            0.16142903907542472
        ],
        "converged": true,
        "confidence_intervals": {
            "r_div_q": [
                -80.06639779547501,
                80.08639779547502
            ],
            "delta": [
                -2.8490717401629237,
                2.8667045918903296
            ]
        }
    },
    "Linear Regression": {
        "model_name": "linear",
        "params": {
            "slope": 1.0685056087204508,
            "intercept": -0.0370670511439255
        },
        "steady_state_weight": null,
        "mode": "linear",
        "model_type": "linear",
        "log_likelihood": null,
        "r_squared": 0.9841957960956234,
        "aic": -210.9793223436797,
        "bic": -208.1769275803554,
        "n_params": 2,
        "mse": 0.0007714236326763414,
        "rmse": 0.027774514085332644,