model,scope,k,aic,rmse_to_llm,r2_to_llm,r2_to_truth,rmse_vs_truth,bias_vs_truth,aic_weight
Combo_NonOracle,overall,0.0,-799.0396750530855,0.06970622989729475,0.9211969257094753,0.9789357130241941,0.030558381384495396,-0.011576020818703245,0.690638056802162
EmpiricalLinear,overall,2.0,-797.4304352835619,0.06915293454542963,0.9224429644395185,0.9764397426693959,0.03231818630309964,-0.009879655952430616,0.30889332956741133
Equal,overall,0.0,-783.8724773894729,0.07332099700867178,0.9128120039856917,0.9512869551061254,0.04647074165980927,-0.005163505690674165,0.0003513462967349813
Combo_Oracle,overall,0.0,-781.6778451779575,0.07385933911890709,0.9115269892288537,0.9844887353016402,0.026222891011262593,9.25185853854297e-18,0.00011726733369157401
LLM(Combined),overall,,,0.0,1.0,0.8898465614045168,0.06988049855998489,-0.002886477462666675,
