model,scope,k,aic,rmse_to_llm,r2_to_llm,r2_to_truth,rmse_vs_truth,bias_vs_truth,aic_weight
EmpiricalLinear,overall,2.0,-679.5057761260318,0.10245284990796899,0.662345973164673,0.4413695470885889,0.15736903034033975,0.08271151333182175,0.99978324949422
Combo_NonOracle,overall,0.0,-662.6325865030731,0.10983508247853348,0.6119336308474639,0.478710274111116,0.1520185368169574,0.05744340713432563,0.0002167401070675227
Combo_Oracle,overall,0.0,-642.7430276880524,0.11736380090022186,0.55690976577933,0.6020081271076546,0.13282935606036902,-2.9902006796570883e-16,1.0398638082403708e-08
Equal,overall,0.0,-619.0458638645737,0.12701041183732448,0.48107750826815154,0.45209850501565363,0.15585050293247307,0.0347971916267427,7.433660462130558e-14
LLM(Combined),overall,,,0.0,1.0,0.5054829954431459,0.14806335309197943,0.06557445502645502,
