range_category,regression_angle,scalar_variability,short_vs_medium_t,medium_vs_long_t,response_autocorr,stimulus_autocorr
short,43.37536385043238,0.2500802884237913,2.319762122598353,,0.3999410699764773,0.09379755851339078
medium,54.06947612192861,0.2985819167269539,,-4.036736647613455,0.2889804903798455,0.09685955351392779
long,-0.4805786579267378,0.13948708670396287,,,-0.08242837136044148,0.0854984353538326
