model,scope,k,aic,rmse_to_llm,r2_to_llm,r2_to_truth,rmse_vs_truth,bias_vs_truth,aic_weight
Bayes(stimulus),overall,0.0,96.42885675747739,1.3820760705477095,0.557824646068096,0.7298923342961123,1.0583334020455366,-0.02661388023443404,0.999999999976841
EmpiricalLinear,overall,3.0,145.40612106343843,1.5964872954352551,0.4099870137617052,0.45817149423948844,1.4989424986513613,-0.49778823024409014,2.3159127121146305e-11
Bayes(range),overall,0.0,172.17571713399502,1.7820615403244635,0.26484988077519633,0.4178201933579375,1.5537552783112818,-0.04365640416230068,3.562691835180823e-17
Equal,overall,0.0,439.44192616946884,4.36945084363601,-3.419614122895111,-2.9393793067846485,4.041736048623059,0.5548703329262246,3.2783730189840525e-75
LLM(Combined),overall,,,0.0,1.0,0.6841694603785851,1.1444085911337567,-0.497788230244092,
