range_category,w_img_bayes,w_txt_bayes
short,0.2630998922303644,0.7369001077696355
medium,0.8799683747944879,0.12003162520551214
long,0.036699488653926055,0.963300511346074
