range_category,regression_angle,scalar_variability,short_vs_medium_t,medium_vs_long_t,response_autocorr,stimulus_autocorr
short,17.296479410354515,0.13134384700924986,,,0.4268588691479572,0.23521755130669833
medium,47.27056509726955,0.15738958967273353,,0.49999999999999967,-0.04422512435116099,0.23520721737985426
long,37.2415036581326,0.06651853111131743,,,0.1255076318871052,0.23521755130669839
