model,scope,k,aic,rmse_to_llm,r2_to_llm,r2_to_truth,rmse_vs_truth,bias_vs_truth,aic_weight
Combo_NonOracle,overall,0.0,-1014.6039878975753,0.03397897617469275,0.9766190407851969,0.982064280731046,0.028197873910992932,-0.010429781567175264,0.6289238488747912
EmpiricalLinear,overall,2.0,-1013.5487821336036,0.033647070850276684,0.9770735785458551,0.9803490751643914,0.029515385684025994,-0.011932186936994764,0.37107615104038794
Combo_Oracle,overall,0.0,-969.1505159405173,0.03953765697323256,0.9683434483932702,0.9867606807924236,0.024226450680378035,-5.69914485974247e-17,8.482073596686569e-11
Equal,overall,0.0,-903.7637948533302,0.04916634260134032,0.9510471983094173,0.96816857470102,0.037565139676136,-0.0005635056906741672,5.36977337802941e-25
LLM(Combined),overall,,,0.0,1.0,0.9706335402225507,0.03608134866289416,-0.014651200000000007,
