model,scope,k,aic,rmse_to_llm,r2_to_llm,r2_to_truth,rmse_vs_truth,bias_vs_truth,aic_weight
Bayes(range),overall,0.0,-138.83757640101587,0.629523609311286,0.9012061373288975,0.9116298015776065,0.6033721947122173,-0.27843466976089637,0.9987971507548611
EmpiricalLinear,overall,3.0,-125.39385921558878,0.6453389923467389,0.896179830259554,0.9105520008376469,0.6070405361336833,-0.2377566666666681,0.0012028492447074507
Bayes(stimulus),overall,0.0,-81.89643545613085,0.7611018308441021,0.8555919330199862,0.8567085405709041,0.7683206938517825,-0.3415631735315925,4.313855980653754e-13
Equal,overall,0.0,-36.3802725889057,0.8857969105086486,0.8043975709083016,0.7844079882656164,0.9424291487073887,-0.6779233333333333,5.638407455319386e-23
LLM(Combined),overall,,,0.0,1.0,0.9001097977643941,0.6414958095472383,-0.23775666666666656,
