range_category,w_img_bayes,w_txt_bayes
short,0.6819075972473595,0.3180924027526405
medium,0.785233920877255,0.21476607912274503
long,0.7039639641366209,0.2960360358633791
