model,scope,k,aic,rmse_to_llm,r2_to_llm,r2_to_truth,rmse_vs_truth,bias_vs_truth,aic_weight
Combo_Oracle,overall,0.0,-228.21829478945529,0.4673262536399072,0.943294688831196,0.9506734187143082,0.4507885597350931,1.6046423449248929e-15,0.9638422645812972
Combo_NonOracle,overall,0.0,-220.99785300253316,0.47871037477314166,0.9404983432718823,0.9520962583940586,0.44423942221231705,-0.06819155983449549,0.026067954468058718
EmpiricalLinear,overall,2.0,-218.92486913462628,0.4756452873840027,0.9412578585149951,0.9515284379776725,0.44686453149930216,-0.07843796439388262,0.009246220078581514
Equal,overall,0.0,-214.136193051815,0.4897857099453461,0.9377132603763613,0.9454541055394945,0.47403827763870154,-0.10057333333333326,0.0008435608720624747
LLM(Combined),overall,,,0.0,1.0,0.9307226650933769,0.5342296201073092,-0.02635666666666663,
