range_category,regression_angle,scalar_variability,short_vs_medium_t,medium_vs_long_t,response_autocorr,stimulus_autocorr
short,43.31560290098554,0.21115145908613556,,,0.441053739090021,0.23521755130669839
medium,44.69153474672092,0.11107098416317905,,-0.5448275862068968,0.08151358167304387,0.2352072173798542
long,15.504753381784333,0.051967544749269394,,,-0.11009633290874907,0.23521755130669827
