model,scope,k,aic,rmse_to_llm,r2_to_llm,r2_to_truth,rmse_vs_truth,bias_vs_truth,aic_weight
EmpiricalLinear,overall,2.0,-647.0798315343366,0.11249667093284037,0.6213695852342248,0.5739835033703522,0.13772514913419484,0.035330681205984094,0.8270141144416171
Combo_NonOracle,overall,0.0,-643.9462639998021,0.11522212367225144,0.6028012192483987,0.5314860477509226,0.1444312956934666,0.05763973324111657,0.17261056620516915
Combo_Oracle,overall,0.0,-631.6842319967928,0.12006215103440795,0.568730847323561,0.6017332085944017,0.13316407927657112,5.305226802235648e-16,0.0003753193532138236
Equal,overall,0.0,-510.78071560542685,0.18013850585533228,0.02915640868006053,0.2906931313153741,0.1777121518956245,-0.09065853191938651,2.0918760779819845e-30
LLM(Combined),overall,,,0.0,1.0,0.5920079930692521,0.13478012984138418,0.03713782076589024,
