model,scope,k,aic,rmse_to_llm,r2_to_llm,r2_to_truth,rmse_vs_truth,bias_vs_truth,aic_weight
EmpiricalLinear,overall,2.0,-830.2495146816381,0.06198693042621431,0.9325963171776005,0.9699666128461947,0.03648876148536799,-0.017935843330623865,0.9272140460289726
Combo_Oracle,overall,0.0,-825.0793315361989,0.06391095844906641,0.9283470581517088,0.9860035544963238,0.02490954783278292,-3.7007434154171884e-18,0.0699019026212642
Combo_NonOracle,overall,0.0,-818.6930145929122,0.06528606171868404,0.9252305291220377,0.9789824053887948,0.030524493822315688,-0.015498975572274816,0.0028689163968799716
Equal,overall,0.0,-808.2036489008757,0.06760913559593934,0.9198148157352062,0.9291778812685073,0.05603268360931741,-0.021145898600766665,1.5134952883373243e-05
LLM(Combined),overall,,,0.0,1.0,0.9183612308783494,0.06015963455931309,0.010108881538461536,
