{
    "Basic Single-Stage": {
        "model_name": "bayes_basic_single",
        "params": {
            "w_p": 0.0,
            "delta": -0.012727337830940445
        },
        "steady_state_weight": null,
        "mode": "single",
        "model_type": "basic",
        "r_squared": 0.806261629693135,
        "aic": -135.0284063593162,
        "bic": -132.22601159599188,
        "n_params": 2,
        "mse": 0.009712095892888906,
        "rmse": 0.09854996647837536,
        "predictions": [
            0.23709266216905955,
            0.46756266216905956,
            0.38007266216905955,
            0.32673266216905955,
            0.14968266216905957,
            0.14967266216905956,
            0.11050266216905955,
            0.43374266216905955,
            0.32772266216905954,
            0.3705026621690596,
            0.47454266216905955,
            0.7626326621690596,
            0.6532726621690595,
            0.5866026621690595,
            0.3652826621690596,
            0.36527266216905957,
            0.31631266216905957,
            0.7203626621690595,
            0.5878326621690595,
            0.6413126621690595,
            0.6370926621690595,
            0.8675626621690596,
            0.7800726621690595,
            0.7267326621690595,
            0.5496826621690595,
            0.5496726621690595,
            0.5105026621690595,
            0.8337426621690593,
            0.7277226621690596,
            0.7705026621690595
        ],
        "converged": true,
        "confidence_intervals": {
            "w_p": [
                -10.593323464951967,
                10.593323464951967
            ],
            "delta": [
                -1.3986565684204868,
                1.3732018927586058
            ]
        }
    },
    "Basic Two-Stage": {
        "model_name": "bayes_basic_sequential",
        "params": {
            "r_div_q": 0.01,
            "delta": -0.012725893062495733
        },
        "steady_state_weight": 0.9999000099990001,
        "mode": "sequential",
        "model_type": "basic",
        "r_squared": 0.8062562001917046,
        "aic": -135.02756571019174,
        "bic": -132.22517094686742,
        "n_params": 2,
        "mse": 0.009712368073554299,
        "rmse": 0.09855134739593517,
        "predictions": [
            0.23709410693750427,
            0.4675410645459316,
            0.3800828518843632,
            0.3267394407452907,
            0.14970180893066337,
            0.14967410970714967,
            0.11050802315457696,
            0.4337117897922319,
            0.32773470358656587,
            0.3704998308523435,
            0.47454410693750426,
            0.7626053036980885,
            0.6532850378711029,
            0.5866107736973124,
            0.36530623517875327,
            0.365274110149686,
            0.3163190019588702,
            0.720323710505889,
            0.5878473532487313,
            0.6413087613312032,
            0.6370941069375042,
            0.8675410645459317,
            0.7800828518843631,
            0.7267394407452907,
            0.5497018089306633,
            0.5496741097071497,
            0.510508023154577,
            0.8337117897922318,
            0.7277347035865659,
            0.7704998308523434
        ],
        "converged": true,
        "confidence_intervals": {
            "r_div_q": [
                -206.7961034506914,
                206.81610345069137
            ],
            "delta": [
                -1.3999434162696707,
                1.374491630144679
            ]
        }
    },
    "Weber Single-Stage": {
        "model_name": "bayes_weber_single",
        "params": {
            "w_p": 0.0,
            "delta": -0.027346975838005837
        },
        "steady_state_weight": null,
        "mode": "single",
        "model_type": "weber",
        "r_squared": 0.8076810720444674,
        "aic": -135.2489905178643,
        "bic": -132.44659575454,
        "n_params": 2,
        "mse": 0.009640939310902942,
        "rmse": 0.09818828499827738,
        "predictions": [
            0.24308072060087393,
            0.46733346215135774,
            0.3822036302502347,
            0.33030255317164403,
            0.15802873058513311,
            0.15801900034946031,
            0.11990566721919413,
            0.4344258051060271,
            0.33126584650324886,
            0.37289179471138745,
            0.4741251666509559,
            0.7544435261479789,
            0.6480336688304933,
            0.5831621876000913,
            0.3678126116901981,
            0.3678028814545252,
            0.32016364760061067,
            0.7133138199591519,
            0.5843590065878427,
            0.6363963069658524,
            0.6322901475119406,
            0.8565428890624246,
            0.7714130571613013,
            0.7195119800827107,
            0.5472381574961998,
            0.547228427260527,
            0.5091150941302608,
            0.8236352320170935,
            0.7204752734143156,
            0.7621012216224541
        ],
        "converged": true,
        "confidence_intervals": {
            "w_p": [
                -11.11241909575171,
                11.11241909575171
            ],
            "delta": [
                -2.792199675122611,
                2.7375057234465987
            ]
        }
    },
    "Weber Two-Stage": {
        "model_name": "bayes_weber_sequential",
        "params": {
            "r_div_q": 0.01,
            "delta": -0.02733584294600192
        },
        "steady_state_weight": 0.9999000099990001,
        "mode": "sequential",
        "model_type": "weber",
        "r_squared": 0.8076726010537877,
        "aic": -135.24766928666287,
        "bic": -132.44527452333855,
        "n_params": 2,
        "mse": 0.009641363961289224,
        "rmse": 0.09819044740344768,
        "predictions": [
            0.2430834268184815,
            0.4673081245298034,
            0.38221556716199695,
            0.330311050798633,
            0.15804213879145912,
            0.15802076171620053,
            0.11991031107476938,
            0.4343747325533595,
            0.3312785093964631,
            0.37289153416914883,
            0.4741304450757475,
            0.7544168882013854,
            0.6480507311367814,
            0.5831748307244861,
            0.36783365630837217,
            0.36780697886559,
            0.3201716523185438,
            0.7132646325696935,
            0.5843771579445224,
            0.6363979654244403,
            0.6322971867801844,
            0.8565264293613378,
            0.7714297166399506,
            0.7195250016698824,
            0.5472592249567471,
            0.5472345220105462,
            0.5091244368302487,
            0.823604789290336,
            0.72049293038308,
            0.7621054273188501
        ],
        "converged": true,
        "confidence_intervals": {
            "r_div_q": [
                -131.9971237911884,
                132.01712379118837
            ],
            "delta": [
                -3.401023899864401,
                3.3463522139723976
            ]
        }
    },
    "Linear Regression": {
        "model_name": "linear",
        "params": {
            "slope": 0.9558857922720899,
            "intercept": 0.010450006721664604
        },
        "steady_state_weight": null,
        "mode": "linear",
        "model_type": "linear",
        "log_likelihood": null,
        "r_squared": 0.8079824951086158,
        "aic": -135.29604176994326,
        "bic": -132.49364700661894,
        "n_params": 2,
        "mse": 0.009625828986093762,
        "rmse": 0.09811130916512001,