model,scope,k,aic,rmse_to_llm,r2_to_llm,r2_to_truth,rmse_vs_truth,bias_vs_truth,aic_weight
EmpiricalLinear,overall,3.0,150.58894117262912,1.6192500941772294,0.6066970388701035,0.8019641546231583,0.9032423268828771,-0.26070553333333324,1.0
Equal,overall,0.0,233.2523128290866,2.176042172238452,0.2897128302343185,0.19374403045175626,1.8225055065157778,-1.4904868946416792,1.1217005092463507e-18
Bayes(range),overall,0.0,275.9360965013695,2.5087559387436316,0.05590394840943724,-0.08368835967226262,2.112927433172293,-1.6525876563547162,6.042422087707236e-28
Bayes(stimulus),overall,0.0,290.0699309031286,2.6297788880670203,-0.03737988635423517,-0.21619054890427258,2.2383767680216753,-1.7979680222089973,5.153329535712095e-31
LLM(Combined),overall,,,0.0,1.0,0.4348975925346349,1.525794188208226,-0.2607055333333333,
