range_category,w_img_bayes,w_txt_bayes
short,0.4123349312156297,0.5876650687843703
medium,0.652473434737583,0.347526565262417
long,0.315181649516446,0.684818350483554
