model,scope,k,aic,rmse_to_llm,r2_to_llm,r2_to_truth,rmse_vs_truth,bias_vs_truth,aic_weight
EmpiricalLinear,overall,2.0,-105.24120329638967,0.6947957619363995,0.8428296987076159,0.8980932306604269,0.6479386615771245,-0.2942489599541825,0.998149405467402
Combo_Oracle,overall,0.0,-92.5227955809381,0.7346145650530929,0.8242985952177202,0.9204469814582052,0.5724805143838727,-5.447494307494101e-16,0.0017275411764871183
Combo_NonOracle,overall,0.0,-87.23912290012059,0.7476673820310428,0.8179993105883234,0.8472028267173716,0.7933960565501188,-0.5282728358647495,0.00012305335611078978
Equal,overall,0.0,-8.955972140360476,0.97058796613187,0.6932913890747759,0.7071469013852774,1.0983918185237906,-0.8685566666666666,1.2334548656729675e-21
LLM(Combined),overall,,,0.0,1.0,0.8620265468476209,0.7539284716293273,-0.23795666666666657,
