{
  "per_range": {
    "regression_effect": {
      "long": {
        "regression_angle": NaN,
        "slope": NaN,
        "intercept": NaN,
        "r_squared": NaN,
        "p_value": NaN,
        "regression_strength": NaN,
        "regression_strength_angular": NaN
      },
      "medium": {
        "regression_angle": NaN,
        "slope": NaN,
        "intercept": NaN,
        "r_squared": NaN,
        "p_value": NaN,
        "regression_strength": NaN,
        "regression_strength_angular": NaN
      },
      "short": {
        "regression_angle": NaN,
        "slope": NaN,
        "intercept": NaN,
        "r_squared": NaN,
        "p_value": NaN,
        "regression_strength": NaN,
        "regression_strength_angular": NaN
      }
    },
    "weber_law": {
      "long": {
        "mean_cv": NaN,
        "cv_magnitude_correlation": NaN,
        "bin_magnitudes": [
          5.43633125,
          5.8685937500000005,
          6.300856250000001,
          7.16538125,
          7.59764375,
          8.02990625,
          8.46216875
        ],
        "coefficient_variations": [
          0.07298941464233794,
          0.024323320085331553,
          NaN,
          0.07439609269014338,
          0.03081038581786892,
          0.0324918761125324,
          0.06634664127392077
        ],
        "p_value": NaN
      },
      "medium": {
        "mean_cv": NaN,
        "cv_magnitude_correlation": NaN,
        "bin_magnitudes": [
          3.39370625,
          4.31933125,
          5.24495625,
          5.70776875,
          6.63339375
        ],
        "coefficient_variations": [
          0.13846060494304727,
          NaN,
          0.10436404399777201,
          0.028414966525276135,
          0.011477171271018471
        ],
        "p_value": NaN
      },
      "short": {
        "mean_cv": NaN,
        "cv_magnitude_correlation": NaN,
        "bin_magnitudes": [
          1.47201875,
          2.36009375,
          3.2481687499999996,
          3.69220625,
          4.13624375,
          4.5802812500000005
        ],
        "coefficient_variations": [
          0.2248063415851642,
          NaN,
          0.06013285088210718,
          0.12030643824178824,
          0.01516568934281145,
          0.06577492238572569
        ],
        "p_value": NaN
      }
    },
    "sequential_effect": [
      {
        "range_category": "long",
        "n_runs": 5,
        "N_total": 45,
        "r_resp_mean": 0.5047979936917891,
        "r_stim_mean": 0.32873537198509284,
        "r_resp_weighted": 0.5271734805897891,
        "r_stim_weighted": 0.3287353719850929
      },
      {
        "range_category": "medium",
        "n_runs": 5,
        "N_total": 45,
        "r_resp_mean": 0.052554954158548495,
        "r_stim_mean": 0.33263707163749545,
        "r_resp_weighted": 0.05302160008959857,
        "r_stim_weighted": 0.3326370716374955
      },
      {
        "range_category": "short",
        "n_runs": 5,
        "N_total": 45,
        "r_resp_mean": 0.15194386667547286,
        "r_stim_mean": 0.36419414019977264,
        "r_resp_weighted": 0.15314804276613364,
        "r_stim_weighted": 0.36419414019977264
      }
    ]
  },
  "overall": {
    "range_effect": {
      "range_analyses_by_category": {
        "short": {
          "slope": NaN,
          "regression_strength": NaN,
          "r_squared": NaN,
          "mean_stimulus_magnitude": 3.0697699999999997
        },
        "medium": {
          "slope": NaN,
          "regression_strength": NaN,
          "r_squared": NaN,
          "mean_stimulus_magnitude": 5.0383
        },
        "long": {
          "slope": NaN,
          "regression_strength": NaN,
          "r_squared": NaN,
          "mean_stimulus_magnitude": 7.0569999999999995
        }
      },
      "correlation_analysis": {
        "correlation_magnitude_regression": NaN,
        "p_value": NaN,
        "interpretation": "Regression strength decreases with stimulus magnitude (r=nan)"
      },
      "pairwise_comparison_on_overlap": {
        "short_vs_medium": {
          "error": "No overlapping data found or insufficient data after binning for short vs medium."
        },
        "short_vs_long": {
          "error": "No overlapping data found or insufficient data after binning for short vs long."
        },
        "medium_vs_long": {
          "error": "No overlapping data found or insufficient data after binning for medium vs long."
        }
      }
    }
  }
}