model,scope,k,aic,rmse_to_llm,r2_to_llm,r2_to_truth,rmse_vs_truth,bias_vs_truth,aic_weight
Equal,overall,0.0,-690.7644007959319,0.10000370909787963,0.5350906575701332,0.4203774647229923,0.16029855093959314,-0.07774466666666667,0.6600082302514905
EmpiricalLinear,overall,3.0,-689.4312455832002,0.09846007410658743,0.5493323609993332,0.34208391214860734,0.1707820484786518,-0.0903566666666668,0.3388897043885752
Bayes(range),overall,0.0,-677.9586896399179,0.10436485492634656,0.49365723974057973,0.49705226960206284,0.14932014112685071,-0.06504390111040327,0.0010935143969835093
Bayes(stimulus),overall,0.0,-668.2564734327793,0.10779526147001124,0.4598238591312821,0.4341692139367652,0.15837996838334703,-0.07209833257035606,8.550962950758616e-06
LLM(Combined),overall,,,0.0,1.0,0.1920551242359968,0.18925520424372305,-0.09035666666666667,
