range_category,w_img_bayes,w_txt_bayes
short,0.5128604888332456,0.48713951116675436
medium,0.37853292010759904,0.6214670798924009
long,0.6413195178612224,0.35868048213877757
