model,scope,k,aic,rmse_to_llm,r2_to_llm,r2_to_truth,rmse_vs_truth,bias_vs_truth,aic_weight
Combo_Oracle,overall,0.0,57.697427736983535,1.1594457884838965,0.6163575039186238,0.7593718077270728,0.9690436996451074,-1.4210854715202005e-15,0.9999999224915712
Equal,overall,0.0,90.70682998262765,1.2618534287527687,0.5455944391921549,0.65617644946337,1.1583449735879061,-0.4231121438119985,6.793590156726631e-08
EmpiricalLinear,overall,2.0,94.62616477807022,1.2615924617294099,0.5457823732286846,0.6537915354647593,1.1623554305582648,-0.40807651309190907,9.572527133532127e-09
Combo_NonOracle,overall,0.0,158.29114233140513,1.5006145495834626,0.35736537866014595,0.5654671672100893,1.3022111405833259,-0.8841554511251767,1.4333504433051247e-22
LLM(Combined),overall,,,0.0,1.0,0.8143466638563308,0.8511801497830029,0.05048307692307699,
