range_category,regression_angle,scalar_variability,short_vs_medium_t,medium_vs_long_t,response_autocorr,stimulus_autocorr
short,12.123005859152707,0.0956583162344431,,,-0.5682598591223147,0.23521755130669833
medium,-0.24075065665229214,0.08717340864825485,,1.0761904761904764,-0.1332967523739457,0.23520721737985426
long,-12.135615610836076,0.10547078326626375,,,0.11222606944788494,0.23521755130669839
