model,scope,k,aic,rmse_to_llm,r2_to_llm,r2_to_truth,rmse_vs_truth,bias_vs_truth,aic_weight
Equal,overall,0.0,-802.4995050211332,0.06890694207891296,0.8988572395859418,0.7685056874489531,0.10130412462810517,0.08577666666666667,0.7872752325246771
EmpiricalLinear,overall,2.0,-799.8823412748008,0.06859004959849582,0.8997853806284258,0.7721626492031466,0.1005007786291888,0.08405441344429,0.21272410358764712
Combo_NonOracle,overall,0.0,-774.5271292751585,0.07564097860039078,0.8781226156177406,0.7363038459341136,0.1081207036090278,0.09237483407032152,6.637466967663961e-07
Combo_Oracle,overall,0.0,-757.613040609323,0.08002815232822681,0.8635748538422702,0.931214478989819,0.05522115435071976,1.4506914188435379e-16,1.4097908442800072e-10
LLM(Combined),overall,,,0.0,1.0,0.8912437213871067,0.06943591049785885,0.05067666666666667,
