model,scope,k,aic,rmse_to_llm,r2_to_llm,r2_to_truth,rmse_vs_truth,bias_vs_truth,aic_weight
Bayes(stimulus),overall,0.0,-809.5800194113921,0.06729966198770396,0.9146256417147312,0.5813407695509999,0.13623037892027412,-0.1057039790687526,0.9998115415399311
EmpiricalLinear,overall,3.0,-792.4271304711349,0.0698487025440789,0.908035889802461,0.5084030006631426,0.14762103327567175,-0.11962733333333332,0.0001884584600688137
Bayes(range),overall,0.0,-731.2076341155779,0.08739136669345478,0.8560410239901565,0.6989964729603286,0.11551261654945852,-0.0793148422379775,9.584532007194618e-18
Equal,overall,0.0,-687.9244704629748,0.10095488266217406,0.8078871817428996,0.5266659245304157,0.144853006780437,-0.097224,3.826056202026341e-27
LLM(Combined),overall,,,0.0,1.0,0.4919443112377082,0.15007186802773306,-0.11962733333333332,
