range_category,w_img_bayes,w_txt_bayes
short,0.1467441204484349,0.8532558795515651
medium,0.21559236965470002,0.7844076303453
long,0.48505234120262425,0.5149476587973758
