{
  "per_range": {
    "regression_effect": {
      "long": {
        "regression_angle": 32.38635174787923,
        "slope": 0.634285205250773,
        "intercept": 0.08809055471095845,
        "r_squared": 0.22163089775388875,
        "p_value": 0.0005599524270478331,
        "regression_strength": 0.36571479474922697,
        "regression_strength_angular": 0.28030329449157265
      },
      "medium": {
        "regression_angle": 33.03146889023903,
        "slope": 0.6501887369527719,
        "intercept": 0.08664879409486104,
        "r_squared": 0.36128978310013565,
        "p_value": 3.919142200814881e-06,
        "regression_strength": 0.3498112630472281,
        "regression_strength_angular": 0.2659673579946882
      },
      "short": {
        "regression_angle": 32.99351771177803,
        "slope": 0.6492467543343985,
        "intercept": 0.1239956418467626,
        "r_squared": 0.7378254317061506,
        "p_value": 1.4730538442902246e-15,
        "regression_strength": 0.3507532456656015,
        "regression_strength_angular": 0.26681071751604374
      }
    },
    "weber_law": {
      "long": {
        "mean_cv": 0.13324521519093116,
        "cv_magnitude_correlation": -0.24531968341340293,
        "bin_magnitudes": [
          0.5455462499999999,
          0.63481125,
          0.72407625,
          0.76870875,
          0.8133412499999999,
          0.85797375
        ],
        "coefficient_variations": [
          0.2215579122732762,
          0.021844909308983716,
          0.24187555910750544,
          0.07005015912464743,
          0.15123305283872113,
          0.09290969849245317
        ],
        "p_value": 0.6394023584491408
      },
      "medium": {
        "mean_cv": 0.11193612480563271,
        "cv_magnitude_correlation": -0.5423242425656479,
        "bin_magnitudes": [
          0.356935,
          0.468515,
          0.580095,
          0.635885,
          0.691675,
          0.747465
        ],
        "coefficient_variations": [
          0.2712488198038747,
          0.022771397729884554,
          0.16346056817724183,
          0.04509960516401612,
          0.07186994682200862,
          0.09716641113677035
        ],
        "p_value": 0.2662666418314803
      },
      "short": {
        "mean_cv": 0.1016743005587748,
        "cv_magnitude_correlation": -0.9000483599716183,
        "bin_magnitudes": [
          0.14554625,
          0.23481125,
          0.32407625,
          0.36870875000000003,
          0.41334125,
          0.45797374999999996
        ],
        "coefficient_variations": [
          0.2061489537041313,
          0.1194901563842254,
          0.11865596299864356,
          0.049633612362254005,
          0.04540643978473977,
          0.07071067811865474
        ],
        "p_value": 0.014486220565372602
      }
    },
    "sequential_effect": [
      {
        "range_category": "long",
        "n_runs": 5,
        "N_total": 50,
        "r_resp_mean": 0.47167615258842144,
        "r_stim_mean": 0.23521755130669839,
        "r_resp_weighted": 0.48064981654119443,
        "r_stim_weighted": 0.23521755130669839
      },
      {
        "range_category": "medium",
        "n_runs": 5,
        "N_total": 50,
        "r_resp_mean": 0.40304338883562163,
        "r_stim_mean": 0.23520721737985428,
        "r_resp_weighted": 0.4058439012068275,
        "r_stim_weighted": 0.23520721737985426
      },
      {
        "range_category": "short",
        "n_runs": 5,
        "N_total": 50,
        "r_resp_mean": 0.26234846462510814,
        "r_stim_mean": 0.23521755130669836,
        "r_resp_weighted": 0.26251572361703635,
        "r_stim_weighted": 0.23521755130669833
      }
    ]
  },
  "overall": {
    "range_effect": {
      "range_analyses_by_category": {
        "short": {
          "slope": 0.6492467543343985,
          "regression_strength": 0.3507532456656015,
          "r_squared": 0.7378254317061506,
          "mean_stimulus_magnitude": 0.30805599999999994
        },
        "medium": {
          "slope": 0.6501887369527719,
          "regression_strength": 0.3498112630472281,
          "r_squared": 0.36128978310013565,
          "mean_stimulus_magnitude": 0.5600700000000001
        },
        "long": {
          "slope": 0.634285205250773,
          "regression_strength": 0.36571479474922697,
          "r_squared": 0.22163089775388875,
          "mean_stimulus_magnitude": 0.7080560000000001
        }
      },
      "correlation_analysis": {
        "correlation_magnitude_regression": 0.7482017280702824,
        "p_value": 0.46183505312256257,
        "interpretation": "Regression strength increases with stimulus magnitude (r=0.748)"
      },
      "pairwise_comparison_on_overlap": {
        "short_vs_medium": {
          "categories": [
            "medium",
            "short"
          ],
          "error": "Insufficient data in common bins for t-test.",
          "t_statistic": NaN,
          "p_value": NaN,
          "is_significant": false,
          "n_overlapping_bins": 0
        },
        "short_vs_long": {
          "error": "No overlapping data found or insufficient data after binning for short vs long."
        },
        "medium_vs_long": {
          "categories": [
            "long",
            "medium"
          ],
          "t_statistic": -0.16245487364620934,
          "p_value": 0.8974736978412297,
          "is_significant": false,
          "n_overlapping_bins": 2,
          "mean_long": 0.603,
          "mean_medium": 0.648
        }
      }
    }
  }
}