range_category,regression_angle,scalar_variability,short_vs_medium_t,medium_vs_long_t,response_autocorr,stimulus_autocorr
short,32.92922682354792,0.1809691790940715,,,0.03149364316511193,0.23521755130669833
medium,6.805440872677917,0.2068785021177233,,0.6363636363636361,-0.4477465432633532,0.23520721737985426
long,45.29257737006468,0.24523652650477437,,,-0.5619006562188363,0.23521755130669839
