range_category,regression_angle,scalar_variability,short_vs_medium_t,medium_vs_long_t,response_autocorr,stimulus_autocorr
short,38.09553638050077,0.2976645913665921,,,0.12067900687274792,0.23521755130669833
medium,8.375502145877498,0.05315576537036345,,0.06293706293706304,-0.010992467625490152,0.23520721737985426
long,29.10569196067085,0.06732292447375532,,,0.03434087192370229,0.23521755130669839
