{
    "Basic Single-Stage": {
        "model_name": "bayes_basic_single",
        "params": {
            "w_p": 0.1433657599015526,
            "delta": -0.10916067124100871
        },
        "steady_state_weight": null,
        "mode": "single",
        "model_type": "basic",
        "r_squared": 0.7898340139760168,
        "aic": -140.70256188344342,
        "bic": -137.9001671201191,
        "n_params": 2,
        "mse": 0.008038256063819004,
        "rmse": 0.08965632194005621,
        "predictions": [
            0.1490083771526181,
            0.34643687046810734,
            0.27148994080189415,
            0.22579707043504293,
            0.07412997822561283,
            0.07412141188321182,
            0.04056704869855564,
            0.31746550046797783,
            0.22664513833274036,
            0.26329195112415205,
            0.38854635607982435,
            0.6353341143097861,
            0.54165259381262,
            0.48454078902525644,
            0.294950499006668,
            0.294941932664267,
            0.25300112026904703,
            0.5991241849808246,
            0.4855944491405775,
            0.5314072483010424,
            0.5490083771526181,
            0.7464368704681075,
            0.6714899408018942,
            0.625797070435043,
            0.47412997822561276,
            0.4741214118832119,
            0.4405670486985557,
            0.7174655004679777,
            0.6266451383327405,
            0.6632919511241521
        ],
        "converged": true,
        "confidence_intervals": {
            "w_p": [
                -10.467190699019099,
                10.753922218822204
            ],
            "delta": [
                -1.4950899621364202,
                1.2767686196544028
            ]
        }
    },
    "Basic Two-Stage": {
        "model_name": "bayes_basic_sequential",
        "params": {
            "r_div_q": 0.1213630553508818,
            "delta": -0.1089557134950375
        },
        "steady_state_weight": 0.9854848030047675,
        "mode": "sequential",
        "model_type": "basic",
        "r_squared": 0.7807663161788106,
        "aic": -139.43549876407488,
        "bic": -136.63310400075056,
        "n_params": 2,
        "mse": 0.008385069923579134,
        "rmse": 0.09157002743026309,
        "predictions": [
            0.14086428650496247,
            0.3680368312078748,
            0.28504911970125946,
            0.2312848476425784,
            0.055999121954474415,
            0.05348084735129842,
            0.01483535005476476,
            0.33289660554486133,
            0.23294539937613962,
            0.2736828515098667,
            0.37831428650496246,
            0.6622824316147903,
            0.5585502917123412,
            0.4913499158554322,
            0.2722354371138551,
            0.2690899533079141,
            0.22078557967588497,
            0.6183621847858486,
            0.49341824913875965,
            0.5443449222326787,
            0.5408642865049624,
            0.7680368312078749,
            0.6850491197012595,
            0.6312848476425784,
            0.45599912195447434,
            0.45348084735129846,
            0.4148353500547647,
            0.7328966055448612,
            0.6329453993761397,
            0.6736828515098667
        ],
        "converged": true,
        "confidence_intervals": {
            "r_div_q": [
                -194.87891366178462,
                195.1216397724864
            ],
            "delta": [
                -2.0266835582649354,
                1.8087721312748606
            ]
        }
    },
    "Weber Single-Stage": {
        "model_name": "bayes_weber_single",
        "params": {
            "w_p": 0.0,
            "delta": -0.22515117805640772
        },
        "steady_state_weight": null,
        "mode": "single",
        "model_type": "weber",
        "r_squared": 0.8095602921755143,
        "aic": -143.6590346882047,
        "bic": -140.8566399248804,
        "n_params": 2,
        "mse": 0.007283781572710836,
        "rmse": 0.0853450735116611,
        "predictions": [
            0.19945496464223436,
            0.3834611777752206,
            0.31360955462685003,
            0.27102313813657586,
            0.1296672131346441,
            0.12965922917954656,
            0.09838607706248549,
            0.356459441635343,
            0.2718135496912322,
            0.30596890959850503,
            0.38903397843330295,
            0.6190437408383102,
            0.5317312078916213,
            0.4785021792563275,
            0.3018012850375896,
            0.30179330108249197,
            0.26270385692494,
            0.5852955626410119,
            0.47948420573332473,
            0.5221823975949644,
            0.5188131685438028,
            0.7028193816767891,
            0.6329677585284185,
            0.5903813420381444,
            0.4490254170362126,
            0.44901743308111514,
            0.417744280964054,
            0.6758176455369114,
            0.5911717535928008,
            0.6253271135000735
        ],
        "converged": true,
        "confidence_intervals": {
            "w_p": [
                -12.277284213516756,
                12.277284213516756
            ],
            "delta": [
                -3.5657447205366117,
                3.1154423644237963
            ]
        }
    },
    "Weber Two-Stage": {
        "model_name": "bayes_weber_sequential",
        "params": {
            "r_div_q": 0.01,
            "delta": -0.225140365123809
        },
        "steady_state_weight": 0.9999000099990001,
        "mode": "sequential",
        "model_type": "weber",
        "r_squared": 0.8095531779275154,
        "aic": -143.65791415426048,
        "bic": -140.85551939093617,
        "n_params": 2,
        "mse": 0.007284053672626713,
        "rmse": 0.08534666761289929,
        "predictions": [
            0.1994571213577966,
            0.38344026479839416,
            0.3136192488812082,
            0.2710300239797203,
            0.1296781734847462,
            0.129660632948205,
            0.09838985600651665,
            0.3564174210089539,
            0.2718238530083431,
            0.30596859791778663,
            0.3890381850650463,
            0.6190216855286318,
            0.5317450378970804,
            0.47851240022056396,
            0.3018184562185776,
            0.30179656657023773,
            0.26271034098313384,
            0.5852550156297726,
            0.4794989460544723,
            0.5221835913329133,
            0.5188187784767684,
            0.7028056511204673,
            0.63298122561004,
            0.5903918377457468,
            0.44904255985432034,
            0.44902229034012026,
            0.417751813270341,
            0.6757924501247369,
            0.5911860525182415,
            0.6253303643215378
        ],
        "converged": true,
        "confidence_intervals": {
            "r_div_q": [
                -1686.6550548644268,
                1686.6750548644268
            ],
            "delta": [
                -3.955252947710623,
                3.504972217463005
            ]
        }
    },
    "Linear Regression": {
        "model_name": "linear",
        "params": {
            "slope": 0.8367806733256488,
            "intercept": -0.023406211747922224
        },
        "steady_state_weight": null,
        "mode": "linear",
        "model_type": "linear",
        "log_likelihood": null,
        "r_squared": 0.8115422471716779,
        "aic": -143.97284511670608,
        "bic": -141.17045035338177,
        "n_params": 2,
        "mse": 0.007207977385422842,
        "rmse": 0.0848998079233566,