{
  "empirical_linear": {
    "w_txt_norm": 0.9642816834970075,
    "w_img_norm": 0.03571831650299247
  },
  "combo_oracle": {
    "w_txt_norm": 0.8876304883533052,
    "w_img_norm": 0.11236951164669488
  },
  "combo_non_oracle": {
    "w_txt_norm": 0.6813120788225325,
    "w_img_norm": 0.31868792117746747
  }
}