{
  "per_range": {
    "regression_effect": {
      "long": {
        "regression_angle": 34.67090940752446,
        "slope": 0.6916819291586896,
        "intercept": 0.16865045996761474,
        "r_squared": 0.43866277041506097,
        "p_value": 1.6175585511272676e-07,
        "regression_strength": 0.30831807084131035,
        "regression_strength_angular": 0.2295353464994564
      },
      "medium": {
        "regression_angle": 27.712091496383792,
        "slope": 0.5252809731552772,
        "intercept": 0.19942588536492378,
        "r_squared": 0.2648667144107432,
        "p_value": 0.0001314651372119621,
        "regression_strength": 0.4747190268447228,
        "regression_strength_angular": 0.38417574452480463
      },
      "short": {
        "regression_angle": 28.402155205725567,
        "slope": 0.5407465964282037,
        "intercept": 0.0732197664907133,
        "r_squared": 0.3959544575612567,
        "p_value": 9.851638829546728e-07,
        "regression_strength": 0.45925340357179634,
        "regression_strength_angular": 0.3688409954283207
      }
    },
    "weber_law": {
      "long": {
        "mean_cv": 0.09368452126580619,
        "cv_magnitude_correlation": -0.21965484521750897,
        "bin_magnitudes": [
          0.5455462499999999,
          0.63481125,
          0.72407625,
          0.76870875,
          0.8133412499999999,
          0.85797375
        ],
        "coefficient_variations": [
          0.14870840626124887,
          0.028641493581944392,
          0.10653335774289885,
          0.1385112273227373,
          0.044802414075701374,
          0.09491022861030636
        ],
        "p_value": 0.6758167132294702
      },
      "medium": {
        "mean_cv": 0.09997473698505037,
        "cv_magnitude_correlation": -0.6692028496285203,
        "bin_magnitudes": [
          0.356935,
          0.468515,
          0.580095,
          0.635885,
          0.691675,
          0.747465
        ],
        "coefficient_variations": [
          0.177939176025059,
          0.06888274934231255,
          0.10623134450656455,
          0.11173676044237364,
          0.05285869887177919,
          0.0821996927222133
        ],
        "p_value": 0.14604110272726795
      },
      "short": {
        "mean_cv": 0.18636289633722372,
        "cv_magnitude_correlation": -0.25775976247396953,
        "bin_magnitudes": [
          0.14554625,
          0.23481125,
          0.32407625,
          0.36870875000000003,
          0.41334125,
          0.45797374999999996
        ],
        "coefficient_variations": [
          0.265753654814995,
          0.11151287417722869,
          0.2705058995500869,
          0.08383642831611304,
          0.22435590134827887,
          0.16221261981663992
        ],
        "p_value": 0.6219231478614337
      }
    },
    "sequential_effect": [
      {
        "range_category": "long",
        "n_runs": 5,
        "N_total": 50,
        "r_resp_mean": 0.6907191033078549,
        "r_stim_mean": 0.23521755130669839,
        "r_resp_weighted": 0.69679599566615,
        "r_stim_weighted": 0.23521755130669839
      },
      {
        "range_category": "medium",
        "n_runs": 5,
        "N_total": 50,
        "r_resp_mean": 0.7474523741460988,
        "r_stim_mean": 0.23520721737985428,
        "r_resp_weighted": 0.7502937192084711,
        "r_stim_weighted": 0.23520721737985426
      },
      {
        "range_category": "short",
        "n_runs": 5,
        "N_total": 50,
        "r_resp_mean": 0.08591677828399386,
        "r_stim_mean": 0.23521755130669836,
        "r_resp_weighted": 0.08654745905281788,
        "r_stim_weighted": 0.23521755130669833
      }
    ]
  },
  "overall": {
    "range_effect": {
      "range_analyses_by_category": {
        "short": {
          "slope": 0.5407465964282037,
          "regression_strength": 0.45925340357179634,
          "r_squared": 0.3959544575612567,
          "mean_stimulus_magnitude": 0.30805599999999994
        },
        "medium": {
          "slope": 0.5252809731552772,
          "regression_strength": 0.4747190268447228,
          "r_squared": 0.2648667144107432,
          "mean_stimulus_magnitude": 0.5600700000000001
        },
        "long": {
          "slope": 0.6916819291586896,
          "regression_strength": 0.30831807084131035,
          "r_squared": 0.43866277041506097,
          "mean_stimulus_magnitude": 0.7080560000000001
        }
      },
      "correlation_analysis": {
        "correlation_magnitude_regression": -0.7270024925318757,
        "p_value": 0.4818256942633652,
        "interpretation": "Regression strength decreases with stimulus magnitude (r=-0.727)"
      },
      "pairwise_comparison_on_overlap": {
        "short_vs_medium": {
          "categories": [
            "medium",
            "short"
          ],
          "error": "Insufficient data in common bins for t-test.",
          "t_statistic": NaN,
          "p_value": NaN,
          "is_significant": false,
          "n_overlapping_bins": 0
        },
        "short_vs_long": {
          "error": "No overlapping data found or insufficient data after binning for short vs long."
        },
        "medium_vs_long": {
          "categories": [
            "long",
            "medium"
          ],
          "t_statistic": 0.18634259259259267,
          "p_value": 0.88271578330272,
          "is_significant": false,
          "n_overlapping_bins": 2,
          "mean_long": 0.6699999999999999,
          "mean_medium": 0.6377999999999999
        }
      }
    }
  }
}