model,scope,k,aic,rmse_to_llm,r2_to_llm,r2_to_truth,rmse_vs_truth,bias_vs_truth,aic_weight
EmpiricalLinear,overall,3.0,-825.7255355626476,0.06251064279582078,0.9068141501982669,0.7511571355082306,0.10502827319771266,-0.05266066666666669,0.9999999999991611
Bayes(range),overall,0.0,-770.1123114795826,0.07676234655011122,0.8594798757926116,0.7009958026761112,0.11512834765198825,-0.07568522312069909,8.389611106589326e-13
Equal,overall,0.0,-686.6255348852126,0.10139294329488617,0.754835547021935,0.6954147930588492,0.11619783398727075,-0.06499766666666666,6.234744151806691e-31
Bayes(stimulus),overall,0.0,-647.9260282752209,0.1153535605334938,0.6826751753243975,0.7128853018980439,0.11281616746901087,-0.05485398499008152,2.4622239421115243e-39
LLM(Combined),overall,,,0.0,1.0,0.7605879952520769,0.1030188246875298,-0.05266066666666666,
