range_category,w_img_bayes,w_txt_bayes
short,0.22945597804535095,0.7705440219546491
medium,0.3072213999516572,0.6927786000483428
long,0.16426921225395236,0.8357307877460476
