range_category,regression_angle,scalar_variability,short_vs_medium_t,medium_vs_long_t,response_autocorr,stimulus_autocorr
short,65.05581759755133,0.22256996400409548,,,0.14398305956728322,0.24718809267831102
medium,56.82461140823347,0.08648480506080697,,,0.27936914672189195,0.217956842254054
long,47.86571459521386,0.09032647605472975,,,0.06497434887504842,0.21906490146470328
