model,scope,k,aic,rmse_to_llm,r2_to_llm,r2_to_truth,rmse_vs_truth,bias_vs_truth,aic_weight
EmpiricalLinear,overall,2.0,-137.9478183469074,0.6230307555925374,0.8878120347726965,0.9198495595033889,0.5746260817582219,-0.22349909590762612,0.9993236414810469
Combo_Oracle,overall,0.0,-123.35159358269898,0.662872921833595,0.8730046391173183,0.9385269179947616,0.5032396727579737,4.879060118886021e-15,0.0006763573688546515
Combo_NonOracle,overall,0.0,-96.78233470030706,0.7242578653958022,0.8483949248549161,0.8594192421676287,0.7610186809391278,-0.5332361010041891,1.1500983107082222e-09
Equal,overall,0.0,11.289951076605997,1.0383502652445047,0.6883873671552265,0.6908974166535389,1.1284535703046596,-0.9201900000000001,3.918648287401609e-33
LLM(Combined),overall,,,0.0,1.0,0.8762521770778974,0.7140048489564573,-0.19410333333333318,
