range_category,regression_angle,scalar_variability,short_vs_medium_t,medium_vs_long_t,response_autocorr,stimulus_autocorr
short,26.203732773440297,0.36317649459188944,,,0.2367241511937359,0.23502816576403177
medium,3.4926211003966348,0.05877144506135997,,,-0.33154411217006513,0.23525030686203605
long,8.082566765733088,0.046430221441983464,,,-0.018103406742736618,0.2551358252884202
