model,scope,k,aic,rmse_to_llm,r2_to_llm,r2_to_truth,rmse_vs_truth,bias_vs_truth,aic_weight
Combo_NonOracle,overall,0.0,-957.5788917608548,0.04109250067328581,0.9694685187198998,0.983995330769821,0.026636693709268463,0.0009058407424593895,0.8749038449024303
EmpiricalLinear,overall,2.0,-953.6888291077348,0.04107744476378767,0.969490887522011,0.9838485707665048,0.026758541914421306,0.0017407973319618839,0.12509615257690648
Combo_Oracle,overall,0.0,-918.2486866955752,0.046848843494756855,0.9603155393510976,0.9863365327463607,0.024611462711668156,-3.7007434154171887e-19,2.5206631309371683e-09
Equal,overall,0.0,-873.9501053142948,0.05430347716612726,0.9466814890827493,0.9498147904974933,0.047167714825245836,0.028403160975992502,6.056198260143661e-19
LLM(Combined),overall,,,0.0,1.0,0.9589575772550305,0.04265534511250222,-0.0007740000000000035,
