{
  "empirical_linear": {
    "w_txt_norm": 0.819895857117646,
    "w_img_norm": 0.18010414288235402
  },
  "combo_oracle": {
    "w_txt_norm": 0.8402744172867916,
    "w_img_norm": 0.15972558271320833
  },
  "combo_non_oracle": {
    "w_txt_norm": 0.8299136918985734,
    "w_img_norm": 0.17008630810142644
  }
}