model,scope,k,aic,rmse_to_llm,r2_to_llm,r2_to_truth,rmse_vs_truth,bias_vs_truth,aic_weight
Combo_NonOracle,overall,0.0,-745.4887348465277,0.08332868348202876,0.5328834056164204,0.33277603000319134,0.1719858770052777,-0.11375238034210527,0.7907033765716547
EmpiricalLinear,overall,2.0,-742.8303939986463,0.08295685324801076,0.5370428510529465,0.3684055585200904,0.16733088768759843,-0.1095863903770775,0.209296619001929
Equal,overall,0.0,-707.4870485022466,0.0945818046070548,0.39820102020273906,0.5196431324635349,0.1459281132612759,-0.08551721985041877,4.4264162566354184e-09
Combo_Oracle,overall,0.0,-573.4144404602657,0.14787595948411092,-0.4710634534735658,0.6788429156904866,0.11932067969170351,-5.921189464667502e-18,3.408437452094187e-38
LLM(Combined),overall,,,0.0,1.0,0.2193316464508719,0.18603311264395916,-0.12059000000000002,
