range_category,regression_angle,scalar_variability,short_vs_medium_t,medium_vs_long_t,response_autocorr,stimulus_autocorr
short,44.2456652128513,0.12102608804560853,,,0.0955278772848804,0.24718809267831113
medium,41.16266898778858,0.07837915522728534,,,-0.027172124649438897,0.217956842254054
long,35.743622111049184,0.03409850472457749,,,0.4920597075327912,0.21906490146470325
