{
    "Basic Single-Stage": {
        "model_name": "bayes_basic_single",
        "params": {
            "w_p": 0.0,
            "delta": 1.1872360606483783
        },
        "steady_state_weight": null,
        "mode": "single",
        "model_type": "basic",
        "r_squared": 0.6423686575547585,
        "aic": 28.87271278608548,
        "bic": 31.464386518094138,
        "n_params": 2,
        "mse": 2.512331450189557,
        "rmse": 1.5850335801457194,
        "predictions": [
            5.989536060648378,
            5.092336060648378,
            4.587636060648379,
            2.7880360606483783,
            2.4372360606483783,
            5.6593360606483785,
            2.3052360606483786,
            6.041336060648378,
            5.553336060648379,
            8.010936060648378,
            7.150636060648378,
            6.5724360606483785,
            4.792836060648378,
            4.437236060648378,
            7.687236060648378,
            7.018236060648379,
            4.279536060648378,
            8.08383606064838,
            10.033136060648378,
            9.12843606064838,
            8.620236060648377,
            6.8441360606483785,
            6.4074360606483785,
            9.64673606064838,
            9.013436060648377,
            6.2862360606483785,
            10.089436060648378
        ],
        "converged": true,
        "confidence_intervals": {
            "w_p": [
                -1.4895438508609862,
                1.4895438508609862
            ],
            "delta": [
                -0.19869324169656122,
                2.5731653629933176
            ]
        }
    },
    "Basic Two-Stage": {
        "model_name": "bayes_basic_sequential",
        "params": {
            "r_div_q": 0.01,
            "delta": 1.1872349525682666
        },
        "steady_state_weight": 0.9999000099990001,
        "mode": "sequential",
        "model_type": "basic",
        "r_squared": 0.6423456309050039,
        "aic": 28.874451166388894,
        "bic": 31.466124898397553,
        "n_params": 2,
        "mse": 2.5124932105542253,
        "rmse": 1.5850846067495026,
        "predictions": [
            5.989534952568267,
            5.0924246546280525,
            4.587685421445201,
            2.7882148816311405,
            2.4372700435433288,
            5.659012810502556,
            2.3055702632952673,
            6.04096145079596,
            5.553383705467997,
            8.010934952568267,
            7.150720965365897,
            6.572492769606717,
            4.79301288276571,
            4.437270523247506,
            7.686910021108378,
            7.018301806704962,
            4.279808774492032,
            8.083454626011969,
            10.033134952568266,
            9.128525404478085,
            8.62028577145019,
            6.844312532136017,
            6.407478631590855,
            9.646411091705103,
            9.013498237525821,
            6.286507624365129,
            10.089054735874983
        ],
        "converged": true,
        "confidence_intervals": {
            "r_div_q": [
                -1.9499999899776013,
                1.9699999899776013
            ],
            "delta": [
                -0.19869439809189582,
                2.5731643032284293
            ]
        }
    },
    "Weber Single-Stage": {
        "model_name": "bayes_weber_single",
        "params": {
            "w_p": 0.0,
            "delta": 0.17307111142449666
        },
        "steady_state_weight": null,
        "mode": "single",
        "model_type": "weber",
        "r_squared": 0.6073299739774061,
        "aic": 31.39631933198858,
        "bic": 33.98799306399724,
        "n_params": 2,
        "mse": 2.7584753874707277,
        "rmse": 1.66086585474888,
        "predictions": [
            5.709697895696912,
            4.642971372469971,
            4.042907979388564,
            1.9032723895544061,
            1.4861885015160519,
            5.317106391049637,
            1.3292470157091456,
            5.771285539369624,
            5.191077622144091,
            8.113042739712675,
            7.090188495472664,
            6.402737229612412,
            4.286880652779301,
            3.864089801620695,
            7.728179414290738,
            6.932771429405737,
            3.676592284107443,
            8.19971724210149,
            10.517338744248478,
            9.441695091146144,
            8.837470370789555,
            6.725775121231628,
            6.206560372353779,
            10.057928213068264,
            9.30496576639013,
            6.062459553567437,
            10.584276665846424
        ],
        "converged": true,
        "confidence_intervals": {
            "w_p": [
                -1.0309617489475098,
                1.0309617489475098
            ],
            "delta": [
                -0.06085856179050414,
                0.40700078463949746
            ]
        }
    },
    "Weber Two-Stage": {
        "model_name": "bayes_weber_sequential",
        "params": {
            "r_div_q": 0.01,
            "delta": 0.17308464614232041
        },
        "steady_state_weight": 0.9999000099990001,
        "mode": "sequential",
        "model_type": "weber",
        "r_squared": 0.6073073322280349,
        "aic": 31.397876133747587,
        "bic": 33.989549865756246,
        "n_params": 2,
        "mse": 2.7586344439411246,
        "rmse": 1.6609137376580172,
        "predictions": [
            5.709775175383302,
            4.643130219330129,
            4.043018647637242,
            1.9034415218680998,
            1.4862453839524725,
            5.316500760658089,
            1.3294492440907417,
            5.770516565332931,
            5.191202797565214,
            8.113152548213497,
            7.090379990796321,
            6.4028891854102294,
            4.287110625853263,
            3.864182231656059,
            7.727748463653275,
            6.932940500865132,
            3.6768752104694404,
            8.19917071445638,
            10.517481094437507,
            9.441924730404633,
            8.83764842958727,
            6.726049775694751,
            6.20669424853083,
            10.057578904694765,
            9.305164053944187,
            6.062801305225874,
            10.583830280720768
        ],
        "converged": true,
        "confidence_intervals": {
            "r_div_q": [
                -1.95,
                1.97
            ],
            "delta": [
                -0.031242052290095024,
                0.37741134457473585
            ]
        }
    },
    "Linear Regression": {
        "model_name": "linear",
        "params": {
            "slope": 0.9769750265925337,
            "intercept": 1.3087574471594656
        },
        "steady_state_weight": null,
        "mode": "linear",
        "model_type": "linear",
        "log_likelihood": null,
        "r_squared": 0.6427256483191184,
        "aic": 28.84574769774005,
        "bic": 31.43742142974871,
        "n_params": 2,
        "mse": 2.5098236187489555,
        "rmse": 1.5842422853682943,
        "predictions": [
            6.00048461736479,
            5.123942623505969,
            4.630863327584717,
            2.8726990697287933,
            2.5299762304001328,
            5.677887463583936,
            2.4010155268899185,
            6.051091923742283,
            5.574328110765127,
            7.975341936118937,
            7.134850320741381,
            6.569963360365579,
            4.831338603041505,
            4.4839262835852,
            7.659095120010934,
            7.00549882722053,
            4.3298573218915575,
            8.046563415557534,
            9.95098083489436,
            9.067111528336094,
            8.570612819821768,
            6.835407475090769,
            6.40876248097781,
            9.573477684619004,
            8.954759400277952,
            6.290353107754795,
            10.005984528891519
        ],
        "converged": true,