{
    "Basic Single-Stage": {
        "model_name": "bayes_basic_single",
        "params": {
            "w_p": 0.0,
            "delta": 2.5863786655848653
        },
        "steady_state_weight": null,
        "mode": "single",
        "model_type": "basic",
        "r_squared": 0.7972215055450558,
        "aic": 30.894684836885304,
        "bic": 33.69707960020961,
        "n_params": 2,
        "mse": 2.4509827989848874,
        "rmse": 1.5655614963919136,
        "predictions": [
            5.086378665584865,
            7.388678665584865,
            6.491478665584865,
            5.986778665584865,
            4.187178665584865,
            3.8363786655848653,
            7.0584786655848655,
            3.7043786655848656,
            7.440478665584865,
            6.952478665584866,
            7.0584786655848655,
            9.410078665584866,
            8.549778665584865,
            7.9715786655848655,
            6.191978665584865,
            5.836378665584865,
            9.086378665584865,
            8.417378665584867,
            5.678678665584865,
            9.482978665584866,
            9.086378665584865,
            11.432278665584866,
            10.527578665584866,
            10.019378665584865,
            8.243278665584866,
            7.8065786655848655,
            11.045878665584866,
            10.412578665584865,
            7.6853786655848655,
            11.488578665584866
        ],
        "converged": true,
        "confidence_intervals": {
            "w_p": [
                -1.8559371865190473,
                1.8559371865190473
            ],
            "delta": [
                1.2004493284205855,
                3.972308002749145
            ]
        }
    },
    "Basic Two-Stage": {
        "model_name": "bayes_basic_sequential",
        "params": {
            "r_div_q": 0.01,
            "delta": 2.586400951673272
        },
        "steady_state_weight": 0.9999000099990001,
        "mode": "sequential",
        "model_type": "basic",
        "r_squared": 0.7971924488150773,
        "aic": 30.898983315862026,
        "bic": 33.701378079186334,
        "n_params": 2,
        "mse": 2.451334007556405,
        "rmse": 1.565673659341692,
        "predictions": [
            5.086400951673272,
            7.388470767709555,
            6.491590630719963,
            5.986851420547906,
            4.1873808807361454,
            3.836436042648334,
            7.058178809607562,
            3.7047362624002727,
            7.440127449900965,
            6.952549704573003,
            7.058500951673272,
            9.409865838695346,
            8.549886940964974,
            7.971658768709372,
            6.192178881870715,
            5.836436522352511,
            9.086076020213383,
            8.417467805809967,
            5.678974773597038,
            9.482620625116976,
            9.086400951673273,
            11.432066408581374,
            10.527691380134176,
            10.01945177055285,
            8.24347853124102,
            7.806644630695861,
            11.04557709081011,
            10.412664236630828,
            7.685673623470135,
            11.48822073497999
        ],
        "converged": true,
        "confidence_intervals": {
            "r_div_q": [
                -1.9499999972757494,
                1.9699999972757494
            ],
            "delta": [
                1.200471618689133,
                3.972330284657411
            ]
        }
    },
    "Weber Single-Stage": {
        "model_name": "bayes_weber_single",
        "params": {
            "w_p": 0.0,
            "delta": 0.40903790313663296
        },
        "steady_state_weight": null,
        "mode": "single",
        "model_type": "weber",
        "r_squared": 0.9117144859315015,
        "aic": 5.948555238134239,
        "bic": 8.75095000145855,
        "n_params": 2,
        "mse": 1.0671066325995797,
        "rmse": 1.0330085346208808,
        "predictions": [
            3.7634224493755064,
            7.229232986050182,
            5.878616118785048,
            5.118856496728969,
            2.409794844555166,
            1.881711477372142,
            6.732160215685774,
            1.6830027987285867,
            7.307211088730003,
            6.572591125259889,
            6.732160215685774,
            10.272185433096267,
            8.977116673724671,
            8.106712446514793,
            5.427758169893042,
            4.892449032577525,
            9.784897559786275,
            8.777805847570074,
            4.6550523763495795,
            10.381926816983503,
            9.784897559786275,
            13.316342175164428,
            11.954435042067276,
            11.189406629289588,
            8.515721143389444,
            7.8583265982103505,
            12.734667679498752,
            11.781317632642967,
            7.6758759023649015,
            13.40109443734346
        ],
        "converged": true,
        "confidence_intervals": {
            "w_p": [
                -0.6526727128316145,
                0.6526727128316145
            ],
            "delta": [
                0.2272619239156626,
                0.5908138823576033
            ]
        }
    },
    "Weber Two-Stage": {
        "model_name": "bayes_weber_sequential",
        "params": {
            "r_div_q": 0.01,
            "delta": 0.40905680859794386
        },
        "steady_state_weight": 0.9999000099990001,
        "mode": "sequential",
        "model_type": "weber",
        "r_squared": 0.9116972569006718,
        "aic": 5.954409199779281,
        "bic": 8.756803963103593,
        "n_params": 2,
        "mse": 1.0673148798218521,
        "rmse": 1.0331093261711715,
        "predictions": [
            3.7634935993044842,
            7.228897832868702,
            5.878848775268117,
            5.119024110262756,
            2.410021932014521,
            1.8817936046690913,
            6.731429560197107,
            1.6832678869882327,
            7.306276705930472,
            6.572784914551504,
            6.732287491502276,
            10.271945678369864,
            8.977407309442816,
            8.106948382878274,
            5.428078498966026,
            4.8925923380206475,
            9.784404468671086,
            8.778067059024888,
            4.655435601633332,
            10.3812905958037,
            9.785082549556078,
            13.316183664182383,
            11.954789964861705,
            11.189692172085053,
            8.51611463001622,
            7.858538309242888,
            12.734293801344398,
            11.781631966871188,
            7.676349832766245,
            13.400601225737827
        ],
        "converged": true,
        "confidence_intervals": {
            "r_div_q": [
                -18.557024090161555,
                18.577024090161558
            ],
            "delta": [
                0.23329387686643527,
                0.5848197403294524
            ]
        }
    },
    "Linear Regression": {
        "model_name": "linear",
        "params": {
            "slope": 1.5520069096015836,
            "intercept": -0.28355861701989454
        },
        "steady_state_weight": null,
        "mode": "linear",
        "model_type": "linear",
        "log_likelihood": null,
        "r_squared": 0.9126782866801095,
        "aic": 5.619248910959617,
        "bic": 8.421643674283928,
        "n_params": 2,
        "mse": 1.0554571770553092,
        "rmse": 1.0273544554122054,