model,scope,k,aic,rmse_to_llm,r2_to_llm,r2_to_truth,rmse_vs_truth,bias_vs_truth,aic_weight
Combo_Oracle,overall,0.0,-566.8599556421552,0.11491211996196336,0.6529914298360326,0.7131636838748375,0.11435926827879478,-8.135985523970613e-17,0.9996913025691148
EmpiricalLinear,overall,2.0,-549.4217573008748,0.12095982859080395,0.61550486185266,0.7030975502468362,0.11634860761514355,0.004548380222919442,0.00016338389932631515
Combo_NonOracle,overall,0.0,-549.187339405716,0.1229306525193198,0.602873470114946,0.7035807935307734,0.11625388360737086,-0.0001584400611362544,0.00014531353155896885
Equal,overall,0.0,-387.08542809622287,0.22822454273893714,-0.36877863696906443,-0.02106698206783819,0.21576520795029042,-0.03700076335877862,9.16902725617795e-40
LLM(Combined),overall,,,0.0,1.0,0.6663733294106845,0.12333452925628828,0.021627480916030534,
