range_category,regression_angle,scalar_variability,short_vs_medium_t,medium_vs_long_t,response_autocorr,stimulus_autocorr
short,23.417022236893295,0.35763982688981905,,,0.6302750326092743,0.23502816576403177
medium,1.0023448213960977,0.18509659271938986,,8.714285714285706,0.9857063075335502,0.23525030686203605
long,8.005646210299451,0.21286514872617565,,,-0.08834730528372052,0.23502816576403165
