model,scope,k,aic,rmse_to_llm,r2_to_llm,r2_to_truth,rmse_vs_truth,bias_vs_truth,aic_weight
EmpiricalLinear,overall,3.0,-875.9552967110671,0.05287360688900016,0.9603918612374288,0.7846284714661926,0.09770972125945894,-0.004527333333333171,0.9786581512515504
Equal,overall,0.0,-868.3041494378292,0.055335138022778986,0.956618101451357,0.7734140425712728,0.10022132145074386,-0.015547333333333333,0.021340544550368334
Bayes(range),overall,0.0,-848.8985980624486,0.05903280375809393,0.9506265607540977,0.7975660852143708,0.09472950459810171,-0.017791108527847044,1.30419808111514e-06
Bayes(stimulus),overall,0.0,-788.7922861283317,0.07212838516750175,0.9262912616366078,0.6791231879678914,0.1192649406211013,-0.005688707297996327,1.157240852668073e-19
LLM(Combined),overall,,,0.0,1.0,0.7297878841490865,0.10944502839325321,-0.004527333333333322,
