range_category,w_img_bayes,w_txt_bayes
short,0.4572180449774162,0.5427819550225839
medium,0.34920185825094396,0.650798141749056
long,0.42337608400680377,0.5766239159931963
