model,scope,k,aic,rmse_to_llm,r2_to_llm,r2_to_truth,rmse_vs_truth,bias_vs_truth,aic_weight
EmpiricalLinear,overall,3.0,-591.7367867092119,0.1363601194497994,0.07711213586016663,-0.017881534584118564,0.21242497867033006,-0.025923333333332757,0.9999999999975502
Equal,overall,0.0,-537.8274749442402,0.1665002863352027,-0.3759547713120406,-0.2731581004459329,0.23757357564460846,-0.049372935992592605,1.966716170643204e-12
Bayes(range),overall,0.0,-535.019517748638,0.16806602135631973,-0.4019548497523968,-0.2403219661934508,0.23448992241973834,-0.05503369490305457,4.830605048372693e-13
Bayes(stimulus),overall,0.0,-486.9189890684999,0.19729340418297386,-0.931965300322753,-0.4838210838109187,0.25647659199705053,-0.04988008787734591,1.7342209952951843e-23
LLM(Combined),overall,,,0.0,1.0,-0.09569081590021478,0.22039461351554548,-0.025923333333333336,
