range_category,w_img_bayes,w_txt_bayes
short,0.5624222364502762,0.4375777635497238
medium,0.48741185798445236,0.5125881420155476
long,0.549110969736375,0.45088903026362503
