model,scope,k,aic,rmse_to_llm,r2_to_llm,r2_to_truth,rmse_vs_truth,bias_vs_truth,aic_weight
Combo_NonOracle,overall,0.0,-1698.328168662653,0.05898058553748394,0.9395931489404155,0.9440395511807244,0.04974688742058178,0.007736397261629097,0.8215646784687037
EmpiricalLinear,overall,2.0,-1695.2741870967868,0.05888766427577184,0.9397833355649504,0.9449638603588509,0.04933433747396255,0.00900039413880918,0.17843419603789967
Equal,overall,0.0,-1671.326679800405,0.06169548875998417,0.9339040489842829,0.941070003914396,0.051049738817484,0.016028333333333335,1.1254933967453376e-06
Combo_Oracle,overall,0.0,-1576.949170673283,0.07220480977754269,0.9094683795691136,0.9512995886349452,0.046407869709639775,2.7607545879012227e-16,3.610166538067265e-27
LLM(Combined),overall,,,0.0,1.0,0.898319337296081,0.06705705903681332,0.03492833333333333,
