range_category,w_img_bayes,w_txt_bayes
short,0.3349314084233784,0.6650685915766217
medium,0.44401132407366295,0.555988675926337
long,0.4348049255768601,0.5651950744231399
