model,scope,k,aic,rmse_to_llm,r2_to_llm,r2_to_truth,rmse_vs_truth,bias_vs_truth,aic_weight
EmpiricalLinear,overall,3.0,-714.5598321476261,0.09054882171972245,0.04695632595554888,-0.36171560712242123,0.24569718059284756,0.13325000000000026,1.0
Bayes(range),overall,0.0,-549.3304908831319,0.16023694766986935,-1.9845064608533156,-0.11735812906453447,0.22256310001342935,0.03148404244167521,1.3210048744968066e-36
Bayes(stimulus),overall,0.0,-528.6065769684354,0.17169735375142625,-2.4266867064575566,-0.24270391998886165,0.23471497537840416,0.03335691145146297,4.1760307880083366e-41
Equal,overall,0.0,-519.8898405439619,0.17675933954757894,-2.63171647882629,-0.047301176366368214,0.21547295173788356,0.0210907778,5.345008832271486e-43
LLM(Combined),overall,,,0.0,1.0,-0.8029859457674928,0.2827177892056553,0.13325,
