range_category,w_img_bayes,w_txt_bayes
short,0.3587142955722634,0.6412857044277366
medium,0.3538375055680088,0.6461624944319913
long,0.5645164259670182,0.43548357403298177
