model,scope,k,aic,rmse_to_llm,r2_to_llm,r2_to_truth,rmse_vs_truth,bias_vs_truth,aic_weight
EmpiricalLinear,overall,2.0,-775.7856802171203,0.07432665815600963,0.8988294077887028,0.8429917649198346,0.08342665772957983,-0.02338996989868372,0.9958622472275162
Equal,overall,0.0,-764.8187679816056,0.07812884990514067,0.8882138647969233,0.8292560823656295,0.08699939852761435,-0.022314833333333325,0.0041377527409585365
Combo_NonOracle,overall,0.0,-727.4327604402009,0.08849795202487756,0.8565728000485712,0.7922544496618524,0.09596425463331515,-0.025535031765972698,3.15134642340894e-11
Combo_Oracle,overall,0.0,-711.643943179441,0.09328028721494337,0.8406526563508327,0.8732451098187463,0.0749593808756742,-1.9391895496786067e-16,1.1748922557031864e-14
LLM(Combined),overall,,,0.0,1.0,0.7176453851578197,0.11187706753396784,-0.028860666666666656,
