{
  "per_range": {
    "regression_effect": {
      "long": {
        "regression_angle": 56.54457918043728,
        "slope": 1.513392256208303,
        "intercept": -0.5585664673618264,
        "r_squared": 0.40434435716205525,
        "p_value": 6.975413740212026e-07,
        "regression_strength": -0.5133922562083031,
        "regression_strength_angular": 0.2565462040097174
      },
      "medium": {
        "regression_angle": 38.85720758845784,
        "slope": 0.8056658788507062,
        "intercept": -0.06362928876791496,
        "r_squared": 0.33094217115421765,
        "p_value": 1.2422046789404273e-05,
        "regression_strength": 0.19433412114929383,
        "regression_strength_angular": 0.13650649803427023
      },
      "short": {
        "regression_angle": 39.5752894739294,
        "slope": 0.8265457660309358,
        "intercept": -0.002622382500425957,
        "r_squared": 0.5707918567966629,
        "p_value": 2.2831682029760363e-10,
        "regression_strength": 0.17345423396906423,
        "regression_strength_angular": 0.12054912280156885
      }
    },
    "weber_law": {
      "long": {
        "mean_cv": 0.1959029524089423,
        "cv_magnitude_correlation": -0.7238714780261274,
        "bin_magnitudes": [
          0.5455462499999999,
          0.63481125,
          0.72407625,
          0.76870875,
          0.8133412499999999,
          0.85797375
        ],
        "coefficient_variations": [
          0.40473875434408885,
          0.22821773229381917,
          0.4532609402302304,
          0.0,
          0.05807968772726731,
          0.031120599858248107
        ],
        "p_value": 0.10384346069691937
      },
      "medium": {
        "mean_cv": 0.21080281251569563,
        "cv_magnitude_correlation": 0.33299441110147765,
        "bin_magnitudes": [
          0.356935,
          0.468515,
          0.580095,
          0.635885,
          0.691675,
          0.747465
        ],
        "coefficient_variations": [
          0.25967353723606895,
          0.06576670522058205,
          0.22831162973959176,
          0.0,
          0.22268088570756167,
          0.4883841171903692
        ],
        "p_value": 0.5189704722423335
      },
      "short": {
        "mean_cv": 0.21619744399420768,
        "cv_magnitude_correlation": 0.014861107300355947,
        "bin_magnitudes": [
          0.14554625,
          0.23481125,
          0.32407625,
          0.36870875000000003,
          0.41334125,
          0.45797374999999996
        ],
        "coefficient_variations": [
          0.30732881990127864,
          0.0,
          0.2874797872880345,
          0.2716334335501103,
          0.30987408390150945,
          0.12086853932431302
        ],
        "p_value": 0.9777099801058919
      }
    },
    "sequential_effect": [
      {
        "range_category": "long",
        "n_runs": 5,
        "N_total": 50,
        "r_resp_mean": -0.22090605316981474,
        "r_stim_mean": 0.23521755130669825,
        "r_resp_weighted": -0.22410054963958734,
        "r_stim_weighted": 0.23521755130669827
      },
      {
        "range_category": "medium",
        "n_runs": 5,
        "N_total": 50,
        "r_resp_mean": 0.003468919438462345,
        "r_stim_mean": 0.23520721737985423,
        "r_resp_weighted": 0.003859673500975734,
        "r_stim_weighted": 0.2352072173798542
      },
      {
        "range_category": "short",
        "n_runs": 5,
        "N_total": 50,
        "r_resp_mean": -0.04458234764139969,
        "r_stim_mean": 0.23521755130669839,
        "r_resp_weighted": -0.04536395410740393,
        "r_stim_weighted": 0.23521755130669839
      }
    ]
  },
  "overall": {
    "range_effect": {
      "range_analyses_by_category": {
        "short": {
          "slope": 0.8265457660309358,
          "regression_strength": 0.17345423396906423,
          "r_squared": 0.5707918567966629,
          "mean_stimulus_magnitude": 0.308056
        },
        "medium": {
          "slope": 0.8056658788507062,
          "regression_strength": 0.19433412114929383,
          "r_squared": 0.33094217115421765,
          "mean_stimulus_magnitude": 0.56007
        },
        "long": {
          "slope": 1.513392256208303,
          "regression_strength": -0.5133922562083031,
          "r_squared": 0.40434435716205525,
          "mean_stimulus_magnitude": 0.708056
        }
      },
      "correlation_analysis": {
        "correlation_magnitude_regression": -0.7657666558879636,
        "p_value": 0.44471949537881544,
        "interpretation": "Regression strength decreases with stimulus magnitude (r=-0.766)"
      },
      "pairwise_comparison_on_overlap": {
        "short_vs_medium": {
          "categories": [
            "medium",
            "short"
          ],
          "error": "Insufficient data in common bins for t-test.",
          "t_statistic": NaN,
          "p_value": NaN,
          "is_significant": false,
          "n_overlapping_bins": 0
        },
        "short_vs_long": {
          "error": "No overlapping data found or insufficient data after binning for short vs long."
        },
        "medium_vs_long": {
          "categories": [
            "long",
            "medium"
          ],
          "t_statistic": -1.146341463414634,
          "p_value": 0.45666118064020106,
          "is_significant": false,
          "n_overlapping_bins": 2,
          "mean_long": 0.185,
          "mean_medium": 0.42000000000000004
        }
      }
    }
  }
}