model,scope,k,aic,rmse_to_llm,r2_to_llm,r2_to_truth,rmse_vs_truth,bias_vs_truth,aic_weight
Equal,overall,0.0,-787.2085707246753,0.0712443686694892,0.8830278703582792,0.8373043091482688,0.08495968623155194,-0.05790308724832214,0.5316963827867753
EmpiricalLinear,overall,2.0,-786.6935299208034,0.07041605462803102,0.885731983575774,0.836516626791558,0.08516510175951096,-0.05933903724358611,0.4109831497340868
Combo_NonOracle,overall,0.0,-782.7537410069767,0.07231740786181502,0.8794778101317313,0.8251794878481661,0.08806859517066978,-0.06152283226453535,0.057320467479097845
Combo_Oracle,overall,0.0,-726.7722214611202,0.08726263121643484,0.8245158403193147,0.9100815099501045,0.06316105525939511,-1.5498415377317621e-16,4.0001585928035967e-14
LLM(Combined),overall,,,0.0,1.0,0.8482649921565902,0.0820479567736958,-0.05281919463087247,
