model,scope,k,aic,rmse_to_llm,r2_to_llm,r2_to_truth,rmse_vs_truth,bias_vs_truth,aic_weight
EmpiricalLinear,overall,3.0,-138.66103498739596,0.6174214346199514,0.9087834024911456,0.8646721084969688,0.7466654143558518,-0.16270333333333156,0.9999999606324703
Bayes(range),overall,0.0,-104.17206138078475,0.7066355707531241,0.8805182832853834,0.8190129705830693,0.8634875964484304,-0.5099758205843123,3.242011275584554e-08
Bayes(stimulus),overall,0.0,-101.09093695389448,0.7139304075235693,0.8780386500350108,0.8123667326723747,0.8791992281688789,-0.4828497336036106,6.9463530498845395e-09
Equal,overall,0.0,-83.52305188626651,0.7569862625349727,0.8628845290111878,0.7968399610539931,0.9148534312482336,-0.5339933333333332,1.0639937597400573e-12
LLM(Combined),overall,,,0.0,1.0,0.8525067414752721,0.7795042058898721,-0.16270333333333326,
