range_category,w_img_bayes,w_txt_bayes
short,0.38213684767516737,0.6178631523248326
medium,0.7562450627158414,0.24375493728415865
long,0.5968970355176242,0.4031029644823758
