model,scope,k,aic,rmse_to_llm,r2_to_llm,r2_to_truth,rmse_vs_truth,bias_vs_truth,aic_weight
EmpiricalLinear,overall,3.0,123.10698592653875,1.4775076083419876,0.593894982709203,0.8593762729959717,0.7611349765277557,-0.3279080647601803,0.9809432239997263
Bayes(range),overall,0.0,130.9900126952084,1.5474886260311156,0.5545142315765561,0.82914437029296,0.8389711450421647,-0.6004561885538992,0.019048744576752322
Bayes(stimulus),overall,0.0,146.56606926739974,1.6299568861016613,0.5057676857672053,0.7745403146996375,0.9637554030133734,-0.7069678360035406,7.89893697904739e-06
Equal,overall,0.0,154.74207405990248,1.6749895283611984,0.4780810137998104,0.7380864597788126,1.038750756315736,-0.7589026403207128,1.3248654240794445e-07
LLM(Combined),overall,,,0.0,1.0,0.38173992654760047,1.5959452119694084,-0.32790806476018114,
