range_category,w_img_bayes,w_txt_bayes
short,0.6741402414324864,0.3258597585675136
medium,0.7872140945524215,0.21278590544757847
long,0.7007015778499198,0.2992984221500802
