range_category,regression_angle,scalar_variability,short_vs_medium_t,medium_vs_long_t,response_autocorr,stimulus_autocorr
short,44.73038438375434,0.0713701964366718,,,0.31275495985771473,0.24718809267831113
medium,8.36666005725682,0.08006539989773859,,,-0.3703100492144408,0.217956842254054
long,-22.44946387536881,0.15536777485591177,,,0.3989308817244149,0.21906490146470325
