model,scope,k,aic,rmse_to_llm,r2_to_llm,r2_to_truth,rmse_vs_truth,bias_vs_truth,aic_weight
EmpiricalLinear,overall,2.0,-645.1841077972125,0.11321459839600859,0.6525303386457476,0.5420833294471172,0.14213185967171618,0.06473821868201594,0.9999988485943111
Combo_NonOracle,overall,0.0,-617.7373382841646,0.12581482596105176,0.5708830467229395,0.6257154305553834,0.1284988297998554,0.022776930181829063,1.096501492510939e-06
Combo_Oracle,overall,0.0,-611.7487579932531,0.12836876491575128,0.5532847736077384,0.6249614873322178,0.1286281860313467,1.7882786973828024e-17,5.4904196444338955e-08
Equal,overall,0.0,-531.9760142974259,0.16777115338715037,0.23696121992505104,0.5373008729961671,0.14287214048080518,-0.02992898659849696,2.613210190368401e-25
LLM(Combined),overall,,,0.0,1.0,0.5510758078572175,0.14072936114133514,0.06134429530201342,
