model,scope,k,aic,rmse_to_llm,r2_to_llm,r2_to_truth,rmse_vs_truth,bias_vs_truth,aic_weight
Combo_NonOracle,overall,0.0,-716.1192958709925,0.0918990745708616,0.8474929734613991,0.5602994670634623,0.1396117995979058,-0.11377772395703242,0.7517119114916303
EmpiricalLinear,overall,2.0,-713.5752716761158,0.09145414568997978,0.8489661226020336,0.5686532220341511,0.13827921593372525,-0.11393375750439148,0.21068013948609807
Equal,overall,0.0,-710.1290204391719,0.09375251996613211,0.8412793339043277,0.5441720764367175,0.14214909276296256,-0.11357733333333334,0.037607949022271575
Combo_Oracle,overall,0.0,-560.2715167014835,0.15449837162263105,0.5689621672779477,0.8666044109460295,0.07689787944677927,-1.3526217183349823e-16,1.08177309784511e-34
LLM(Combined),overall,,,0.0,1.0,0.5079551311979118,0.14768826304077112,-0.120014,
