{
    "Basic Single-Stage": {
        "model_name": "bayes_basic_single",
        "params": {
            "w_p": 0.0,
            "delta": 8.836340024967802
        },
        "steady_state_weight": null,
        "mode": "single",
        "model_type": "basic",
        "r_squared": 0.3717117787994113,
        "aic": 122.52629853840085,
        "bic": 125.32869330172517,
        "n_params": 2,
        "mse": 51.980913270399995,
        "rmse": 7.209779002882127,
        "predictions": [
            11.336340024967802,
            13.638640024967803,
            12.741440024967801,
            12.236740024967801,
            10.437140024967801,
            10.086340024967802,
            13.308440024967801,
            9.954340024967802,
            13.690440024967803,
            13.202440024967803,
            13.308440024967801,
            15.660040024967802,
            14.799740024967802,
            14.221540024967801,
            12.441940024967803,
            12.086340024967802,
            15.336340024967802,
            14.667340024967803,
            11.928640024967802,
            15.732940024967803,
            15.336340024967802,
            17.682240024967804,
            16.777540024967802,
            16.269340024967804,
            14.493240024967802,
            14.056540024967802,
            17.295840024967802,
            16.662540024967804,
            13.935340024967802,
            17.738540024967804
        ],
        "converged": true,
        "confidence_intervals": {
            "w_p": [
                -1.915267903191218,
                1.915267903191218
            ],
            "delta": [
                7.450420584642444,
                10.22225946529316
            ]
        }
    },
    "Basic Two-Stage": {
        "model_name": "bayes_basic_sequential",
        "params": {
            "r_div_q": 0.01,
            "delta": 8.836362265749436
        },
        "steady_state_weight": 0.9999000099990001,
        "mode": "sequential",
        "model_type": "basic",
        "r_squared": 0.37170384576549065,
        "aic": 122.52667732874347,
        "bic": 125.32907209206779,
        "n_params": 2,
        "mse": 51.98156960348771,
        "rmse": 7.209824519604323,
        "predictions": [
            11.336362265749436,
            13.63843208178572,
            12.741551944796127,
            12.23681273462407,
            10.43734219481231,
            10.086397356724499,
            13.308140123683726,
            9.954697576476438,
            13.69008876397713,
            13.202511018649167,
            13.308462265749437,
            15.659827152771511,
            14.79984825504114,
            14.221620082785536,
            12.442140195946878,
            12.086397836428675,
            15.336037334289546,
            14.667429119886132,
            11.928936087673202,
            15.732581939193139,
            15.336362265749436,
            17.682027722657537,
            16.77765269421034,
            16.269413084629015,
            14.493439845317186,
            14.056605944772025,
            17.295538404886273,
            16.66262555070699,
            13.935634937546299,
            17.738182049056153
        ],
        "converged": true,
        "confidence_intervals": {
            "r_div_q": [
                -1.950203547993768,
                1.970203547993768
            ],
            "delta": [
                7.450404710931608,
                10.222319820567265
            ]
        }
    },
    "Weber Single-Stage": {
        "model_name": "bayes_weber_single",
        "params": {
            "w_p": 0.34052341906667766,
            "delta": 1.0956070850810884
        },
        "steady_state_weight": null,
        "mode": "single",
        "model_type": "weber",
        "r_squared": 0.785720667348959,
        "aic": 90.25474298821099,
        "bic": 93.05713775153531,
        "n_params": 2,
        "mse": 17.728225725589205,
        "rmse": 4.210489962651521,
        "predictions": [
            7.806742356499717,
            12.007083774882428,
            10.476235609340057,
            9.562452750890793,
            5.818262238556741,
            4.94251159397763,
            11.456047390857208,
            4.5918116759114564,
            12.092339359578668,
            11.276244631731426,
            13.870063829129972,
            18.327277253825898,
            16.768778874948424,
            15.678042449001431,
            12.033584540653834,
            11.237157324542395,
            17.749195116095557,
            16.52231693504995,
            10.874533172466707,
            18.456166878557855,
            19.981963031330526,
            24.48471292515606,
            22.803140105766527,
            21.829971572192193,
            18.2326053517389,
            17.291740139624583,
            23.7740368766962,
            22.584825813374,
            17.025921833413975,
            24.587370545951924
        ],
        "converged": true,
        "confidence_intervals": {
            "w_p": [
                0.027592597589158774,
                0.6534542405441965
            ],
            "delta": [
                1.0059731697999923,
                1.1852410003621845
            ]
        }
    },
    "Weber Two-Stage": {
        "model_name": "bayes_weber_sequential",
        "params": {
            "r_div_q": 0.5243248941947564,
            "delta": 1.0873108502308424
        },
        "steady_state_weight": 0.7843650354688521,
        "mode": "sequential",
        "model_type": "weber",
        "r_squared": 0.7775116333468967,
        "aic": 91.38257369291009,
        "bic": 94.1849684562344,
        "n_params": 2,
        "mse": 18.407393454819523,
        "rmse": 4.290383835371787,
        "predictions": [
            7.415718338198571,
            12.6873836660161,
            11.778352748144231,
            10.377425463031596,
            5.480295978614429,
            3.9832163817187043,
            10.639646953935694,
            4.1065675340889,
            11.440004966486004,
            12.65983246917226,
            13.26553204101765,
            18.779385287921986,
            17.88398162026974,
            16.30826361559597,
            11.555349725228321,
            9.966061088864475,
            17.083565694770694,
            17.257195128946773,
            10.299573440822005,
            18.038701542856664,
            19.280864533257798,
            24.84367961272171,
            23.786636042956886,
            22.357302989487344,
            17.686497405373075,
            15.866716968438825,
            23.070588548710266,
            23.188254122346752,
            16.357690049204596,
            24.186680944522944
        ],
        "converged": true,
        "confidence_intervals": {
            "r_div_q": [
                -0.03170253085683172,
                1.0803523192463445
            ],
            "delta": [
                0.9841068834134842,
                1.1905148170482005
            ]
        }
    },
    "Linear Regression": {
        "model_name": "linear",
        "params": {
            "slope": 3.857472997055571,
            "intercept": -6.01993833408164
        },
        "steady_state_weight": null,
        "mode": "linear",
        "model_type": "linear",
        "log_likelihood": null,
        "r_squared": 0.8237009906741172,
        "aic": 84.40177375795872,
        "bic": 87.20416852128304,
        "n_params": 2,
        "mse": 14.585954668884964,
        "rmse": 3.819156277096417,