model,scope,k,aic,rmse_to_llm,r2_to_llm,r2_to_truth,rmse_vs_truth,bias_vs_truth,aic_weight
EmpiricalLinear,overall,3.0,-562.6694868135053,0.1502334357754461,0.32643181640768826,0.45071930992171305,0.15604653557003506,0.012170999999999654,0.9986117376533623
Bayes(range),overall,0.0,-549.5108533903144,0.16014064083092128,0.2346651494044666,0.429288806070662,0.15906153191734992,0.041066807885496645,0.0013868699043621106
Bayes(stimulus),overall,0.0,-535.5799745949599,0.16775233528570807,0.16018134925368843,0.38507347705908446,0.16510817540016476,0.03865705354187977,1.3091331777430163e-06
Equal,overall,0.0,-530.0708491181379,0.17086135677863262,0.1287634888790613,0.44435595585113796,0.15694782340506985,0.04009475280266666,8.330909795755193e-08
LLM(Combined),overall,,,0.0,1.0,0.4341910020204246,0.15837691903599255,0.012171,
