range_category,w_img_bayes,w_txt_bayes
short,0.10489555557622943,0.8951044444237706
medium,0.46073549137688663,0.5392645086231134
long,0.28309278604494514,0.7169072139550549
