{
  "empirical_linear": {
    "a_txt": 0.37094078278030335,
    "a_img": 0.2559118245481681,
    "intercept": 0.1841013341521238,
    "w_txt_norm": 0.5917512002720761,
    "w_img_norm": 0.4082487997279239
  }
}