range_category,regression_angle,scalar_variability,short_vs_medium_t,medium_vs_long_t,response_autocorr,stimulus_autocorr
short,45.43173841380072,0.22336912341835302,,,0.44640227077026806,0.23502816576403177
medium,22.124736795819942,0.14191028658309077,,,-0.29603651515877655,0.23525030686203605
long,34.740064355703495,0.1624984852658191,,,0.5049229617823163,0.2551358252884202
