model,scope,k,aic,rmse_to_llm,r2_to_llm,r2_to_truth,rmse_vs_truth,bias_vs_truth,aic_weight
EmpiricalLinear,overall,2.0,-1418.9556319113372,0.09333195617015477,0.84548893351954,0.5681878586895375,0.1381844353826739,-0.10358049139400305,0.9986367178579676
Combo_NonOracle,overall,0.0,-1405.7626400419863,0.09604506856518123,0.8363752503211764,0.5194180709101344,0.14577915277534073,-0.1093718223700044,0.001363282142032396
Equal,overall,0.0,-1211.341422717928,0.1328011514759316,0.6871742210346725,0.5211908594162169,0.14551002657319986,-0.07944299999999999,8.25191643700694e-46
Combo_Oracle,overall,0.0,-1108.0674913121668,0.15774441974825848,0.5586258815863038,0.7969336534629434,0.09476122828568984,1.4210854715202004e-16,3.0967457800653334e-68
LLM(Combined),overall,,,0.0,1.0,0.506380861097407,0.14774326719008213,-0.118488,
