model,scope,k,aic,rmse_to_llm,r2_to_llm,r2_to_truth,rmse_vs_truth,bias_vs_truth,aic_weight
EmpiricalLinear,overall,3.0,-658.2689029715493,0.10923763014724541,0.5167097295095755,0.17333146628385143,0.19143558460006488,-0.10478533333333342,0.9999999991476338
Bayes(range),overall,0.0,-616.5028918642034,0.1280916008226267,0.3354849534506663,0.20237551295975276,0.18804258144302968,-0.10508683827571255,8.523656158823001e-10
Equal,overall,0.0,-588.314069245187,0.1407110337541218,0.1981007268127405,-0.1298025129302165,0.22379904736609535,-0.15122725396825393,6.449126039475093e-16
Bayes(stimulus),overall,0.0,-476.394109658,0.20433788310582496,-0.6910688597536521,-0.9749951319764336,0.29589660354021025,-0.19832917319472798,3.2091530729734657e-40
LLM(Combined),overall,,,0.0,1.0,-0.14471632006730606,0.2252713193758436,-0.10478533333333334,
