range_category,w_img_bayes,w_txt_bayes
short,0.4607394687319123,0.5392605312680877
medium,0.3186991508845717,0.6813008491154283
long,0.40435253539827515,0.5956474646017249
