model,scope,k,aic,rmse_to_llm,r2_to_llm,r2_to_truth,rmse_vs_truth,bias_vs_truth,aic_weight
Combo_NonOracle,overall,0.0,-704.5078510416675,0.0955257433901114,0.8074990412582961,0.8214025289531551,0.08897772177081448,-0.020819586119937495,0.8735408600179722
EmpiricalLinear,overall,2.0,-700.6385178376557,0.09548414564042834,0.8076666581312053,0.8158408919553085,0.09035251183155514,-0.021719345778454652,0.12620256866563168
Equal,overall,0.0,-688.2420439832247,0.10084807054839143,0.78545063582045,0.8581772573589459,0.07928966246197126,-0.01136066666666666,0.00025657131459911513
Combo_Oracle,overall,0.0,-650.6884961830984,0.11429623435702702,0.7244148009368795,0.8720114004731772,0.07532328854825125,-1.1546319456101628e-16,1.7970443966799348e-12
LLM(Combined),overall,,,0.0,1.0,0.7035696716406807,0.11463175639120833,-0.06802733333333331,
