{
  "per_range": {
    "regression_effect": {
      "long": {
        "regression_angle": 35.34793429250386,
        "slope": 0.7092962329467066,
        "intercept": 1.5815064840950912,
        "r_squared": 0.3721920180811474,
        "p_value": 2.5579736046480953e-06,
        "regression_strength": 0.29070376705329337,
        "regression_strength_angular": 0.21449034905546982
      },
      "medium": {
        "regression_angle": 37.36708689889166,
        "slope": 0.763647899265532,
        "intercept": 1.032862885461936,
        "r_squared": 0.7243838192115208,
        "p_value": 4.933322345510203e-15,
        "regression_strength": 0.236352100734468,
        "regression_strength_angular": 0.16962029113574095
      },
      "short": {
        "regression_angle": 29.680557441804215,
        "slope": 0.5699402786595092,
        "intercept": 1.4734144307793993,
        "r_squared": 0.3058720168191891,
        "p_value": 3.111104087134529e-05,
        "regression_strength": 0.43005972134049075,
        "regression_strength_angular": 0.34043205684879524
      }
    },
    "weber_law": {
      "long": {
        "mean_cv": 0.08309825883391732,
        "cv_magnitude_correlation": -0.5985434655746615,
        "bin_magnitudes": [
          5.43633125,
          5.8685937500000005,
          6.300856250000001,
          7.16538125,
          7.59764375,
          8.02990625,
          8.46216875
        ],
        "coefficient_variations": [
          0.1127090897802729,
          0.1105317962694722,
          0.058084876996631576,
          0.07652361734101037,
          0.11142383885208725,
          0.06185632857889424,
          0.05055826401905273
        ],
        "p_value": 0.15564585978003928
      },
      "medium": {
        "mean_cv": 0.10112740110773008,
        "cv_magnitude_correlation": -0.4704972439304266,
        "bin_magnitudes": [
          3.39370625,
          4.31933125,
          5.24495625,
          5.70776875,
          6.63339375
        ],
        "coefficient_variations": [
          0.12811590189409233,
          0.07416439425233881,
          0.14104214312876392,
          0.10003527145934744,
          0.06227929480410791
        ],
        "p_value": 0.4238453153343599
      },
      "short": {
        "mean_cv": 0.1857229236521382,
        "cv_magnitude_correlation": -0.5264808326086976,
        "bin_magnitudes": [
          1.47201875,
          2.36009375,
          3.2481687499999996,
          3.69220625,
          4.13624375,
          4.5802812500000005
        ],
        "coefficient_variations": [
          0.28349977873932225,
          0.11205646849747908,
          0.2558734112632314,
          0.25353967674690003,
          0.12688320674839074,
          0.08248499991750574
        ],
        "p_value": 0.28324427382360196
      }
    },
    "sequential_effect": [
      {
        "range_category": "long",
        "n_runs": 5,
        "N_total": 50,
        "r_resp_mean": 0.5321527939943564,
        "r_stim_mean": 0.2190649014647032,
        "r_resp_weighted": 0.5611731010721023,
        "r_stim_weighted": 0.21906490146470325
      },
      {
        "range_category": "medium",
        "n_runs": 5,
        "N_total": 50,
        "r_resp_mean": 0.21420931742187377,
        "r_stim_mean": 0.217956842254054,
        "r_resp_weighted": 0.2185003097332837,
        "r_stim_weighted": 0.217956842254054
      },
      {
        "range_category": "short",
        "n_runs": 5,
        "N_total": 50,
        "r_resp_mean": 0.14562806472292622,
        "r_stim_mean": 0.24718809267831113,
        "r_resp_weighted": 0.14932571283738794,
        "r_stim_weighted": 0.24718809267831113
      }
    ]
  },
  "overall": {
    "range_effect": {
      "range_analyses_by_category": {
        "short": {
          "slope": 0.5699402786595092,
          "regression_strength": 0.43005972134049075,
          "r_squared": 0.3058720168191891,
          "mean_stimulus_magnitude": 3.0697699999999997
        },
        "medium": {
          "slope": 0.763647899265532,
          "regression_strength": 0.236352100734468,
          "r_squared": 0.7243838192115208,
          "mean_stimulus_magnitude": 5.0383
        },
        "long": {
          "slope": 0.7092962329467066,
          "regression_strength": 0.29070376705329337,
          "r_squared": 0.3721920180811474,
          "mean_stimulus_magnitude": 7.0569999999999995
        }
      },
      "correlation_analysis": {
        "correlation_magnitude_regression": -0.6921547911862884,
        "p_value": 0.5133230863430119,
        "interpretation": "Regression strength decreases with stimulus magnitude (r=-0.692)"
      },
      "pairwise_comparison_on_overlap": {
        "short_vs_medium": {
          "error": "No overlapping data found or insufficient data after binning for short vs medium."
        },
        "short_vs_long": {
          "error": "No overlapping data found or insufficient data after binning for short vs long."
        },
        "medium_vs_long": {
          "error": "No overlapping data found or insufficient data after binning for medium vs long."
        }
      }
    }
  }
}