{
  "per_range": {
    "regression_effect": {
      "long": {
        "regression_angle": 22.259074178161054,
        "slope": 0.4092956950600179,
        "intercept": 0.29169406718302415,
        "r_squared": 0.15914004206610038,
        "p_value": 0.004109268113100216,
        "regression_strength": 0.590704304939982,
        "regression_strength_angular": 0.5053539071519766
      },
      "medium": {
        "regression_angle": 17.844280922719637,
        "slope": 0.3219176023940593,
        "intercept": 0.35540638028146193,
        "r_squared": 0.12877231548510717,
        "p_value": 0.010493600233644524,
        "regression_strength": 0.6780823976059407,
        "regression_strength_angular": 0.6034604239395637
      },
      "short": {
        "regression_angle": 29.333413829036868,
        "slope": 0.5619409134668348,
        "intercept": 0.18184728207164505,
        "r_squared": 0.3028171275227519,
        "p_value": 3.472384115842432e-05,
        "regression_strength": 0.43805908653316517,
        "regression_strength_angular": 0.34814635935473626
      }
    },
    "weber_law": {
      "long": {
        "mean_cv": 0.1596762854866059,
        "cv_magnitude_correlation": -0.07885990132698917,
        "bin_magnitudes": [
          0.54551875,
          0.63479375,
          0.72406875,
          0.7687062499999999,
          0.81334375,
          0.8579812499999999
        ],
        "coefficient_variations": [
          0.2277034110041805,
          0.10661271803587197,
          0.1411196508940439,
          0.07601250649834464,
          0.23856542175871007,
          0.16804400472848424
        ],
        "p_value": 0.8819553583002893
      },
      "medium": {
        "mean_cv": 0.18827262418337096,
        "cv_magnitude_correlation": -0.012738069465259703,
        "bin_magnitudes": [
          0.3569,
          0.4685,
          0.5801000000000001,
          0.6358999999999999,
          0.6917,
          0.7475
        ],
        "coefficient_variations": [
          0.1460195173317402,
          0.18545940919898085,
          0.32501619063157416,
          0.17862340731656073,
          0.11904850618074748,
          0.17546871444062223
        ],
        "p_value": 0.980893929231583
      },
      "short": {
        "mean_cv": 0.2743531444570433,
        "cv_magnitude_correlation": -0.9319731557830879,
        "bin_magnitudes": [
          0.14551875,
          0.23479374999999997,
          0.32406874999999996,
          0.36870624999999996,
          0.41334374999999995,
          0.45798125
        ],
        "coefficient_variations": [
          0.4677791269245172,
          0.4406100453107025,
          0.22498343290555933,
          0.1553578826700257,
          0.2095868422835599,
          0.14780153664789514
        ],
        "p_value": 0.0067840750361674385
      }
    },
    "sequential_effect": [
      {
        "range_category": "long",
        "n_runs": 5,
        "N_total": 50,
        "r_resp_mean": 0.06129327038332031,
        "r_stim_mean": 0.23502816576403168,
        "r_resp_weighted": 0.07122005271112085,
        "r_stim_weighted": 0.23502816576403165
      },
      {
        "range_category": "medium",
        "n_runs": 5,
        "N_total": 50,
        "r_resp_mean": 0.23657542553620417,
        "r_stim_mean": 0.23525030686203605,
        "r_resp_weighted": 0.24965195357288067,
        "r_stim_weighted": 0.23525030686203605
      },
      {
        "range_category": "short",
        "n_runs": 5,
        "N_total": 50,
        "r_resp_mean": -0.020700254030324806,
        "r_stim_mean": 0.2350281657640318,
        "r_resp_weighted": -0.02041958786518073,
        "r_stim_weighted": 0.23502816576403177
      }
    ]
  },
  "overall": {
    "range_effect": {
      "range_analyses_by_category": {
        "short": {
          "slope": 0.5619409134668348,
          "regression_strength": 0.43805908653316517,
          "r_squared": 0.3028171275227519,
          "mean_stimulus_magnitude": 0.30805000000000005
        },
        "medium": {
          "slope": 0.3219176023940593,
          "regression_strength": 0.6780823976059407,
          "r_squared": 0.12877231548510717,
          "mean_stimulus_magnitude": 0.56007
        },
        "long": {
          "slope": 0.4092956950600179,
          "regression_strength": 0.590704304939982,
          "r_squared": 0.15914004206610038,
          "mean_stimulus_magnitude": 0.7080500000000001
        }
      },
      "correlation_analysis": {
        "correlation_magnitude_regression": 0.7368342748350675,
        "p_value": 0.4726395775473012,
        "interpretation": "Regression strength increases with stimulus magnitude (r=0.737)"
      },
      "pairwise_comparison_on_overlap": {
        "short_vs_medium": {
          "categories": [
            "medium",
            "short"
          ],
          "error": "Insufficient data in common bins for t-test.",
          "t_statistic": NaN,
          "p_value": NaN,
          "is_significant": false,
          "n_overlapping_bins": 0
        },
        "short_vs_long": {
          "error": "No overlapping data found or insufficient data after binning for short vs long."
        },
        "medium_vs_long": {
          "categories": [
            "long",
            "medium"
          ],
          "t_statistic": 0.10311436923152058,
          "p_value": 0.9345865378329843,
          "is_significant": false,
          "n_overlapping_bins": 2,
          "mean_long": 0.6016391541791541,
          "mean_medium": 0.5874658904314077
        }
      }
    }
  }
}