model,scope,k,aic,rmse_to_llm,r2_to_llm,r2_to_truth,rmse_vs_truth,bias_vs_truth,aic_weight
Equal,overall,0.0,-753.4840101688768,0.08113722943261004,0.8550018178230057,0.7223056659719009,0.11094995706773993,-0.07354733333333333,0.8695588910938892
EmpiricalLinear,overall,2.0,-749.689881710816,0.08108156904449589,0.855200687981752,0.7226730282241739,0.11087654484785703,-0.07405134766592275,0.1304411063168106
Combo_NonOracle,overall,0.0,-714.2197807489333,0.09248279955098597,0.8116159430539518,0.6804560210922554,0.11901698615636777,-0.08151280768981498,2.5892853456895006e-09
Combo_Oracle,overall,0.0,-690.056394611653,0.10023999862728539,0.778688330762774,0.8560790783009076,0.07987402962184365,1.4802973661668754e-17,1.4661124497327614e-14
LLM(Combined),overall,,,0.0,1.0,0.7875061268869754,0.09705475897656951,-0.060194,
