model,scope,k,aic,rmse_to_llm,r2_to_llm,r2_to_truth,rmse_vs_truth,bias_vs_truth,aic_weight
Combo_NonOracle,overall,0.0,-712.5038012497251,0.09301331064174945,0.9979255965740638,0.999970858216136,0.010956969279284665,0.0011172675326509725,0.5344118634061116
EmpiricalLinear,overall,2.0,-711.1346492122682,0.09220119716206497,0.997961662304869,0.9999156557190896,0.018640613319238473,0.003380630888289735,0.2695060402057105
Combo_Oracle,overall,0.0,-710.4985344681119,0.09363711481582612,0.9978976788328955,0.9999736947023755,0.010410078094293316,-3.6282088444750115e-15,0.19608209638817795
Equal,overall,0.0,-438.7434796767855,0.23166144414498813,0.9871320153389229,0.9873629659505625,0.22816811546970464,0.04260121644511394,1.9123949089770797e-60
LLM(Combined),overall,,,0.0,1.0,0.9979230426414729,0.09250094460215277,0.014523906179456265,
