model,scope,k,aic,rmse_to_llm,r2_to_llm,r2_to_truth,rmse_vs_truth,bias_vs_truth,aic_weight
EmpiricalLinear,overall,3.0,-884.2521322529537,0.05143136350433629,0.9433866102421647,0.8256723622718688,0.08790766647420825,-0.05639400000000002,0.9999999999954152
Equal,overall,0.0,-832.0355683448621,0.06244607500342462,0.9165409617538578,0.731959579875097,0.10900433610641368,-0.090031,4.5847664284877e-12
Bayes(range),overall,0.0,-808.6740873820402,0.0675031988819273,0.9024759359790606,0.7384061027535962,0.1076855506653669,-0.09328339042973915,3.8764668977795245e-17
Bayes(stimulus),overall,0.0,-805.709028766355,0.0681736765716838,0.9005289929307656,0.7497484303456057,0.10532513738349619,-0.08815239560967761,8.802008469288198e-18
LLM(Combined),overall,,,0.0,1.0,0.8186508436381061,0.08966055007638532,-0.05639399999999999,
