range_category,w_img_bayes,w_txt_bayes
short,0.6340891118893237,0.3659108881106763
medium,0.7935108314877853,0.20648916851221466
long,0.5908737767875886,0.40912622321241143
