model,scope,k,aic,rmse_to_llm,r2_to_llm,r2_to_truth,rmse_vs_truth,bias_vs_truth,aic_weight
EmpiricalLinear,overall,2.0,-151.30390824327546,0.5060309263482707,0.9102410690762668,0.7954333879928908,0.9127432156053255,-0.4562231698979109,0.9458694535335258
Combo_NonOracle,overall,0.0,-145.58249033667502,0.5280735559533934,0.9022509845209192,0.7848116165590695,0.9361396687496398,-0.5157170348713527,0.05413038145768339
Equal,overall,0.0,-119.48652884248847,0.5921094834157592,0.8771068756509854,0.7619904062745679,0.9845288994983175,-0.5773763157894737,1.1662054029320511e-07
Combo_Oracle,overall,0.0,-117.72719205644317,0.5966961040819247,0.8751955828989756,0.8729106969862586,0.7194253491582308,3.0813558332578906e-15,4.838825048600874e-08
LLM(Combined),overall,,,0.0,1.0,0.8295015761710478,0.8332808889637878,-0.3173324561403507,
