model,scope,k,aic,rmse_to_llm,r2_to_llm,r2_to_truth,rmse_vs_truth,bias_vs_truth,aic_weight
Combo_NonOracle,overall,0.0,-157.77093351666213,0.5910213649489362,0.9185165672420633,0.9503961324856014,0.45205382363672175,-0.054736710372252445,0.5427691011265299
Equal,overall,0.0,-156.9532035926955,0.5926345487172794,0.9180711446186778,0.9462815233687109,0.47042914663103086,-0.07323999999999993,0.3606179325856549
EmpiricalLinear,overall,2.0,-154.0907803860296,0.590391579622338,0.9186901302701505,0.9493127097563359,0.4569639236164639,-0.0611426086923512,0.08619459184244407
Combo_Oracle,overall,0.0,-149.8647075555846,0.6068042514505491,0.9141065226012419,0.9489133333221612,0.45876065155411017,1.5987211554602254e-16,0.010418374445371014
LLM(Combined),overall,,,0.0,1.0,0.9028293764333664,0.6327029690146869,0.02704333333333341,
