model,scope,k,aic,rmse_to_llm,r2_to_llm,r2_to_truth,rmse_vs_truth,bias_vs_truth,aic_weight
Combo_NonOracle,overall,0.0,-508.58603215625004,0.18354658511527266,-0.17314075271003526,-0.0490821469944458,0.21565608339096917,-0.05411032071241206,0.4624925231697648
Combo_Oracle,overall,0.0,-507.8138997095975,0.18401960115201824,-0.17919512218964995,0.21189181726189088,0.18691746555686303,3.434289889507151e-16,0.31436796641656656
Equal,overall,0.0,-506.4135665955692,0.1848805714679496,-0.19025510725904415,-0.020546173947812107,0.21270284302811174,-0.07080948148148146,0.15608451296971507
EmpiricalLinear,overall,2.0,-504.7237976549338,0.1834623165094949,-0.17206379187370735,-0.04063048762086763,0.21478563794658084,-0.05737831818912568,0.0670549974439535
LLM(Combined),overall,,,0.0,1.0,-0.20143196523385276,0.2307844571600667,-0.03658999999999999,
