model,scope,k,aic,rmse_to_llm,r2_to_llm,r2_to_truth,rmse_vs_truth,bias_vs_truth,aic_weight
EmpiricalLinear,overall,3.0,-864.8138334337675,0.05487415653976949,0.9403891581776999,0.9073515724561864,0.06408592475902028,-0.03392733333333306,0.9999999296636927
Equal,overall,0.0,-830.950097932446,0.06267242881310198,0.9222424459879693,0.9217966349556113,0.058878447443299085,-0.025160666666666654,4.4318314698021714e-08
Bayes(range),overall,0.0,-829.8848770079032,0.06289535763489461,0.9216882874887915,0.9523018417741163,0.04598269636518803,-0.012427429809176374,2.6017972616032944e-08
Bayes(stimulus),overall,0.0,-801.7150107042942,0.06908736822979167,0.9055097848628059,0.9253735159480113,0.057516191308289104,-0.017812407375804917,1.987305829338862e-14
LLM(Combined),overall,,,0.0,1.0,0.8925382408559137,0.0690193082163728,-0.03392733333333332,
