range_category,w_img_bayes,w_txt_bayes
short,0.3556111551821332,0.6443888448178667
medium,0.6735029912650083,0.32649700873499166
long,0.6660553753087062,0.3339446246912938
