model,scope,k,aic,rmse_to_llm,r2_to_llm,r2_to_truth,rmse_vs_truth,bias_vs_truth,aic_weight
Combo_NonOracle,overall,0.0,24.933169731973184,1.1356555367810952,0.6666738490702466,0.8347566071434936,0.8352894561054314,-0.27600834690304754,0.6384052769204767
EmpiricalLinear,overall,2.0,26.075609381065966,1.1192184845665518,0.676252897301387,0.8306466757833231,0.8456133105281562,-0.34713369034985064,0.36059429414106037
Combo_Oracle,overall,0.0,37.85025972067943,1.2130205484440373,0.6197121433030501,0.8471357270648723,0.8033928181227208,-9.06304509898087e-16,0.0010004284093422713
Equal,overall,0.0,66.75521456260181,1.4057737028466333,0.4892516503991866,0.6023395325874135,1.295779655182369,-0.6613910649211021,5.291207854014046e-10
LLM(Combined),overall,,,0.0,1.0,0.6407497320359241,1.2316108265109926,-0.6115231631923562,
