model,scope,k,aic,rmse_to_llm,r2_to_llm,r2_to_truth,rmse_vs_truth,bias_vs_truth,aic_weight
Combo_NonOracle,overall,0.0,-589.1342406428521,0.1403268685781262,0.6830100351075103,0.7817919438626189,0.09835105421413098,-0.0004381756033396996,0.7069138752212908
Combo_Oracle,overall,0.0,-586.0530636680304,0.14177553489403927,0.6764313515886159,0.7846640788550802,0.09770164374828061,3.049412574303763e-16,0.1514598167568106
EmpiricalLinear,overall,2.0,-585.9188068705868,0.1399603622946504,0.6846637041013279,0.7797057373844289,0.09882008484140614,0.0013885756467439828,0.1416263080218986
Equal,overall,0.0,573.9344156549972,6.774155563000307,-737.7103384781875,-1036.9181471536378,6.783052552720871,1.2220702002442003,1.9598225645174368e-253
LLM(Combined),overall,,,0.0,1.0,0.8158882475059711,0.09034089424692082,-0.02540066666666666,
