model,scope,k,aic,rmse_to_llm,r2_to_llm,r2_to_truth,rmse_vs_truth,bias_vs_truth,aic_weight
EmpiricalLinear,overall,2.0,888.4112805653413,4.366749020170597,-2.530883480640597,-3.9014023242905767,4.471472313587193,3.7923792327094263,0.7922555743799443
Equal,overall,0.0,891.0884314322652,4.415616163591064,-2.6103520450309032,-2.952398217647391,4.015325133514512,3.506251666666667,0.2077444256200557
Combo_NonOracle,overall,0.0,962.2666229436189,4.971778906328437,-3.5771014443283233,-1.461394345939845,3.168698871384501,2.7541981542589498,7.267440363217454e-17
Combo_Oracle,overall,0.0,1214.605077236042,7.5711259542647165,-9.614214637729658,0.4412712828282537,1.5097007353974352,-1.9895196601282807e-15,1.166224983913195e-71
LLM(Combined),overall,,,0.0,1.0,-13.127658974084575,7.591462854329635,7.324026666666666,
