range_category,regression_angle,scalar_variability,short_vs_medium_t,medium_vs_long_t,response_autocorr,stimulus_autocorr
short,33.215052938294924,0.330836479906446,,,-0.06397142809405883,0.23521755130669833
medium,48.47068558271268,0.11315074383465366,,5.545454545454568,0.2725311090071564,0.23520721737985426
long,46.29016257108908,0.09345687123080126,,,0.40572721487138147,0.23521755130669839
