model,scope,k,aic,rmse_to_llm,r2_to_llm,r2_to_truth,rmse_vs_truth,bias_vs_truth,aic_weight
EmpiricalLinear,overall,2.0,-737.7369403638846,0.08437733399999736,0.8781866122962382,0.7416826754705275,0.10700902231216239,-0.08029781989341143,0.971039485924985
Combo_NonOracle,overall,0.0,-729.5007643637383,0.08789000279446797,0.8678331986589456,0.732226511444787,0.10895004588739017,-0.08130624165588271,0.015804253815202226
Equal,overall,0.0,-729.1340015199743,0.08799751779314631,0.8675096441147437,0.7233459336182587,0.11074194788160557,-0.07927376190476189,0.013156260259812723
Combo_Oracle,overall,0.0,-615.2409994278273,0.1286315283180895,0.7169010345670233,0.8743767070734323,0.07462403288912428,-2.3092638912203257e-16,2.441075928726056e-27
LLM(Combined),overall,,,0.0,1.0,0.6674516490069098,0.12141463217696073,-0.082794,
