model,scope,k,aic,rmse_to_llm,r2_to_llm,r2_to_truth,rmse_vs_truth,bias_vs_truth,aic_weight
EmpiricalLinear,overall,3.0,-139.95602164713344,0.6147620035581083,0.8989834140048093,0.8533832733254496,0.7771845119988097,-0.3278899999999969,0.9999999998863993
Bayes(range),overall,0.0,-94.15935825345709,0.7306180000932004,0.8573212199181417,0.898670440377843,0.6461010624297373,-0.2576336571103224,1.1360067168353785e-10
Equal,overall,0.0,-65.3191917719493,0.8043420706805448,0.8270740294587963,0.8895158409113156,0.674655996539471,-0.23892333333333327,6.20609356960329e-17
Bayes(stimulus),overall,0.0,-65.11114718021165,0.8049000608619564,0.8268340209694295,0.9013143556230072,0.6376162374131886,-0.19856969356333132,5.592963821711652e-17
LLM(Combined),overall,,,0.0,1.0,0.8203727345645977,0.8602377696505387,-0.32788999999999996,
