range_category,w_img_bayes,w_txt_bayes
short,0.40440992218827104,0.5955900778117289
medium,0.7732981185958957,0.2267018814041043
long,0.5861351122841484,0.4138648877158516
