{
  "per_range": {
    "regression_effect": {
      "long": {
        "regression_angle": 52.157435259910535,
        "slope": 1.2872165251668837,
        "intercept": -0.15302138394356313,
        "r_squared": 0.7781194913429261,
        "p_value": 2.6178830470416332e-17,
        "regression_strength": -0.2872165251668837,
        "regression_strength_angular": 0.1590541168869008
      },
      "medium": {
        "regression_angle": 42.990190990112424,
        "slope": 0.9321950652772258,
        "intercept": 0.023205509790183987,
        "r_squared": 0.6212572971406947,
        "p_value": 1.0902730651837957e-11,
        "regression_strength": 0.06780493472277416,
        "regression_strength_angular": 0.04466242244194613
      },
      "short": {
        "regression_angle": 43.32516701402825,
        "slope": 0.9431819832301395,
        "intercept": -0.11088252902594375,
        "r_squared": 0.40217616088075525,
        "p_value": 7.629685667201006e-07,
        "regression_strength": 0.056818016769860535,
        "regression_strength_angular": 0.03721851079937216
      }
    },
    "weber_law": {
      "long": {
        "mean_cv": 0.09619880463696595,
        "cv_magnitude_correlation": -0.7129694450254391,
        "bin_magnitudes": [
          0.5455462499999999,
          0.63481125,
          0.72407625,
          0.76870875,
          0.8133412499999999,
          0.85797375
        ],
        "coefficient_variations": [
          0.12949087388119962,
          0.20096350025650372,
          0.12134847726748942,
          0.012474567014213773,
          0.06073966093414452,
          0.0521757484682446
        ],
        "p_value": 0.11175608215752537
      },
      "medium": {
        "mean_cv": 0.12752892662285825,
        "cv_magnitude_correlation": -0.2757558998780871,
        "bin_magnitudes": [
          0.356935,
          0.468515,
          0.580095,
          0.635885,
          0.691675,
          0.747465
        ],
        "coefficient_variations": [
          0.2568342090341355,
          0.028284271247461926,
          0.08489931508528024,
          0.10783196944995317,
          0.16558564264925246,
          0.12173815227106626
        ],
        "p_value": 0.5968505709874027
      },
      "short": {
        "mean_cv": 0.4852838132797372,
        "cv_magnitude_correlation": -0.526134260226854,
        "bin_magnitudes": [
          0.14554625,
          0.23481125,
          0.32407625,
          0.36870875000000003,
          0.41334125,
          0.45797374999999996
        ],
        "coefficient_variations": [
          0.811776500373554,
          0.3535533905932738,
          0.5878197475390625,
          0.396215044167534,
          0.747902030177806,
          0.014436166827192872
        ],
        "p_value": 0.2836201317570797
      }
    },
    "sequential_effect": [
      {
        "range_category": "long",
        "n_runs": 5,
        "N_total": 50,
        "r_resp_mean": 0.3608802558584342,
        "r_stim_mean": 0.23521755130669839,
        "r_resp_weighted": 0.37648097956318444,
        "r_stim_weighted": 0.23521755130669839
      },
      {
        "range_category": "medium",
        "n_runs": 5,
        "N_total": 50,
        "r_resp_mean": -0.18786336757968028,
        "r_stim_mean": 0.23520721737985428,
        "r_resp_weighted": -0.19105744274901426,
        "r_stim_weighted": 0.23520721737985426
      },
      {
        "range_category": "short",
        "n_runs": 5,
        "N_total": 50,
        "r_resp_mean": -0.09286583612706334,
        "r_stim_mean": 0.23521755130669836,
        "r_resp_weighted": -0.09386077780307293,
        "r_stim_weighted": 0.23521755130669833
      }
    ]
  },
  "overall": {
    "range_effect": {
      "range_analyses_by_category": {
        "short": {
          "slope": 0.9431819832301395,
          "regression_strength": 0.056818016769860535,
          "r_squared": 0.40217616088075525,
          "mean_stimulus_magnitude": 0.30805599999999994
        },
        "medium": {
          "slope": 0.9321950652772258,
          "regression_strength": 0.06780493472277416,
          "r_squared": 0.6212572971406947,
          "mean_stimulus_magnitude": 0.5600700000000001
        },
        "long": {
          "slope": 1.2872165251668837,
          "regression_strength": -0.2872165251668837,
          "r_squared": 0.7781194913429261,
          "mean_stimulus_magnitude": 0.7080560000000001
        }
      },
      "correlation_analysis": {
        "correlation_magnitude_regression": -0.764937244652536,
        "p_value": 0.4455398961677425,
        "interpretation": "Regression strength decreases with stimulus magnitude (r=-0.765)"
      },
      "pairwise_comparison_on_overlap": {
        "short_vs_medium": {
          "categories": [
            "medium",
            "short"
          ],
          "error": "Insufficient data in common bins for t-test.",
          "t_statistic": NaN,
          "p_value": NaN,
          "is_significant": false,
          "n_overlapping_bins": 0
        },
        "short_vs_long": {
          "error": "No overlapping data found or insufficient data after binning for short vs long."
        },
        "medium_vs_long": {
          "categories": [
            "long",
            "medium"
          ],
          "t_statistic": 1.3500000000000019,
          "p_value": 0.405876170744279,
          "is_significant": false,
          "n_overlapping_bins": 2,
          "mean_long": 0.81,
          "mean_medium": 0.702
        }
      }
    }
  }
}