range_category,regression_angle,scalar_variability,short_vs_medium_t,medium_vs_long_t,response_autocorr,stimulus_autocorr
short,9.727516243431465,0.23404745880911393,,,-0.6073847203515933,0.23502816576403177
medium,9.119407257946957,0.2587662502203818,,-0.07826086956521758,-0.9976853366475646,0.23525030686203605
long,-13.857640995426022,0.16852641944253222,,,0.9273163337049386,0.23502816576403165
