{
  "per_range": {
    "regression_effect": {
      "long": {
        "regression_angle": 35.243540682088856,
        "slope": 0.7065610960087362,
        "intercept": 0.1995151766044383,
        "r_squared": 0.4541295919409353,
        "p_value": 8.14175736982675e-08,
        "regression_strength": 0.2934389039912638,
        "regression_strength_angular": 0.2168102070646921
      },
      "medium": {
        "regression_angle": 38.9576681075569,
        "slope": 0.8085614450402138,
        "intercept": 0.11214899147632734,
        "r_squared": 0.6041407494565859,
        "p_value": 3.1911297779403056e-11,
        "regression_strength": 0.19143855495978623,
        "regression_strength_angular": 0.13427404205429114
      },
      "short": {
        "regression_angle": 49.1448760285669,
        "slope": 1.1562602900619532,
        "intercept": 0.028407080084674963,
        "r_squared": 0.6173663579252023,
        "p_value": 1.3974918132667754e-11,
        "regression_strength": -0.1562602900619532,
        "regression_strength_angular": 0.09210835619037551
      }
    },
    "weber_law": {
      "long": {
        "mean_cv": 0.13220697718166843,
        "cv_magnitude_correlation": -0.8982402008369879,
        "bin_magnitudes": [
          0.5455462499999999,
          0.63481125,
          0.72407625,
          0.76870875,
          0.8133412499999999,
          0.85797375
        ],
        "coefficient_variations": [
          0.18371393541793385,
          0.14556360688962425,
          0.1457621236360025,
          0.13320657797190705,
          0.08154072227554057,
          0.10345489689900232
        ],
        "p_value": 0.01500572084218061
      },
      "medium": {
        "mean_cv": 0.1409298615175533,
        "cv_magnitude_correlation": -0.577981066446446,
        "bin_magnitudes": [
          0.356935,
          0.468515,
          0.580095,
          0.635885,
          0.691675,
          0.747465
        ],
        "coefficient_variations": [
          0.32123395499070306,
          0.04153157737294792,
          0.1641241831842819,
          0.09859000126117488,
          0.12024571463015424,
          0.09985373766605782
        ],
        "p_value": 0.22956918854517103
      },
      "short": {
        "mean_cv": 0.28100147908718626,
        "cv_magnitude_correlation": -0.2842624797667879,
        "bin_magnitudes": [
          0.14554625,
          0.23481125,
          0.32407625,
          0.36870875000000003,
          0.41334125,
          0.45797374999999996
        ],
        "coefficient_variations": [
          0.23780584145177505,
          0.42291660191262104,
          0.3615071001164932,
          0.1734880327370526,
          0.2032789070454354,
          0.28701239125974026
        ],
        "p_value": 0.5850912175605026
      }
    },
    "sequential_effect": [
      {
        "range_category": "long",
        "n_runs": 5,
        "N_total": 50,
        "r_resp_mean": -0.09099580365723678,
        "r_stim_mean": 0.23521755130669839,
        "r_resp_weighted": -0.0977896677507547,
        "r_stim_weighted": 0.23521755130669839
      },
      {
        "range_category": "medium",
        "n_runs": 5,
        "N_total": 50,
        "r_resp_mean": -0.0012246634549282764,
        "r_stim_mean": 0.23520721737985428,
        "r_resp_weighted": 0.005399254398421119,
        "r_stim_weighted": 0.23520721737985426
      },
      {
        "range_category": "short",
        "n_runs": 5,
        "N_total": 50,
        "r_resp_mean": 0.05308671830677201,
        "r_stim_mean": 0.23521755130669836,
        "r_resp_weighted": 0.05726398579529943,
        "r_stim_weighted": 0.23521755130669833
      }
    ]
  },
  "overall": {
    "range_effect": {
      "range_analyses_by_category": {
        "short": {
          "slope": 1.1562602900619532,
          "regression_strength": -0.1562602900619532,
          "r_squared": 0.6173663579252023,
          "mean_stimulus_magnitude": 0.30805599999999994
        },
        "medium": {
          "slope": 0.8085614450402138,
          "regression_strength": 0.19143855495978623,
          "r_squared": 0.6041407494565859,
          "mean_stimulus_magnitude": 0.5600700000000001
        },
        "long": {
          "slope": 0.7065610960087362,
          "regression_strength": 0.2934389039912638,
          "r_squared": 0.4541295919409353,
          "mean_stimulus_magnitude": 0.7080560000000001
        }
      },
      "correlation_analysis": {
        "correlation_magnitude_regression": 0.9877749615748859,
        "p_value": 0.09964687216454864,
        "interpretation": "Regression strength increases with stimulus magnitude (r=0.988)"
      },
      "pairwise_comparison_on_overlap": {
        "short_vs_medium": {
          "categories": [
            "medium",
            "short"
          ],
          "error": "Insufficient data in common bins for t-test.",
          "t_statistic": NaN,
          "p_value": NaN,
          "is_significant": false,
          "n_overlapping_bins": 0
        },
        "short_vs_long": {
          "error": "No overlapping data found or insufficient data after binning for short vs long."
        },
        "medium_vs_long": {
          "categories": [
            "long",
            "medium"
          ],
          "t_statistic": 0.35483870967742065,
          "p_value": 0.7829260562430173,
          "is_significant": false,
          "n_overlapping_bins": 2,
          "mean_long": 0.6890000000000001,
          "mean_medium": 0.6779999999999999
        }
      }
    }
  }
}