model,scope,k,aic,rmse_to_llm,r2_to_llm,r2_to_truth,rmse_vs_truth,bias_vs_truth,aic_weight
Combo_Oracle,overall,0.0,-869.7207093181039,0.05507446880796157,0.9992626845846543,0.9997825586408612,0.02992977517729292,-3.848773152033876e-17,0.9862953673201046
EmpiricalLinear,overall,2.0,-861.1130710907273,0.05592687544707192,0.999239684589651,0.9997702421850627,0.03076575120817288,0.003316501203333404,0.013331594670511798
Combo_NonOracle,overall,0.0,-853.9606476508696,0.05804507051741409,0.9991810010101769,0.9997541774421,0.031823155744461706,0.0044477140729452455,0.000373038009383543
Equal,overall,0.0,-472.86059452634,0.20675888285560898,0.9896084332004218,0.9908556153757001,0.1940928870137862,0.02201093807833339,6.560365294465663e-87
LLM(Combined),overall,,,0.0,1.0,0.9994693909937086,0.04675409836162695,-0.008417190226666614,
