{
    "Basic Single-Stage": {
        "model_name": "bayes_basic_single",
        "params": {
            "w_p": 0.32127775855755636,
            "delta": -1.2783928005456315
        },
        "steady_state_weight": null,
        "mode": "single",
        "model_type": "basic",
        "r_squared": -0.29151377690841107,
        "aic": 51.53292065002877,
        "bic": 54.33531541335308,
        "n_params": 2,
        "mse": 4.87651333158817,
        "rmse": 2.208282892110558,
        "predictions": [
            1.4551407893722705,
            3.0177630058452083,
            2.408813410823048,
            2.0662622955670464,
            0.8448337498672254,
            0.606737987569216,
            2.793648921720914,
            0.5171466516988137,
            3.052920817951927,
            2.7217043641280148,
            3.421779067476792,
            5.017862290452843,
            4.433957546139908,
            4.0415203461378875,
            2.8336662452669152,
            2.5923126162099823,
            4.798159900897923,
            4.3440947213729295,
            2.4852781187345085,
            5.067341141853998,
            5.442437466798905,
            7.0274575172394425,
            6.420611961165754,
            6.0756853180647035,
            4.8702067450387805,
            4.573808742200866,
            6.772393698905374,
            6.342558903399873,
            4.491547606538042,
            7.072864035191943
        ],
        "converged": true,
        "confidence_intervals": {
            "w_p": [
                -1.633976444239945,
                2.2765319613550576
            ],
            "delta": [
                -2.672226556346579,
                0.11544095525531572
            ]
        }
    },
    "Basic Two-Stage": {
        "model_name": "bayes_basic_sequential",
        "params": {
            "r_div_q": 0.4926896100367332,
            "delta": -1.242246848414347
        },
        "steady_state_weight": 0.8046715678843621,
        "mode": "sequential",
        "model_type": "basic",
        "r_squared": -0.31431178630511436,
        "aic": 52.057865683579976,
        "bic": 54.860260446904284,
        "n_params": 2,
        "mse": 4.9625943310668,
        "rmse": 2.227688113508442,
        "predictions": [
            1.257753151585653,
            3.183833308717723,
            2.750322110104602,
            2.257649097603071,
            0.6776451263594514,
            0.12031054068475844,
            2.7073778620129194,
            0.351531787344713,
            3.0640435336219976,
            3.113803748380622,
            3.2298531515856532,
            5.197177174307182,
            4.801074286637439,
            4.253530350852911,
            2.680946570944711,
            2.120865259948111,
            4.730683220530523,
            4.6126006954805465,
            2.314225221009806,
            5.093134179226718,
            5.2577531515856535,
            7.211440764386124,
            6.784996270756038,
            6.290597597086602,
            4.729855139634838,
            4.104290125038457,
            6.69420315284219,
            6.602477709235227,
            4.3180985690824425,
            7.0984440616502535
        ],
        "converged": true,
        "confidence_intervals": {
            "r_div_q": [
                -1.0322827850068752,
                2.0176620050803415
            ],
            "delta": [
                -2.631573774460087,
                0.1470800776313932
            ]
        }
    },
    "Weber Single-Stage": {
        "model_name": "bayes_weber_single",
        "params": {
            "w_p": 0.0,
            "delta": -0.3614351794576666
        },
        "steady_state_weight": null,
        "mode": "single",
        "model_type": "weber",
        "r_squared": -0.00790197735889464,
        "aic": 44.09459996221308,
        "bic": 46.89699472553739,
        "n_params": 2,
        "mse": 3.805648470347896,
        "rmse": 1.9508071330472154,
        "predictions": [
            1.741689080455974,
            3.3456456677668536,
            2.7205881817158084,
            2.3689759289182577,
            1.1152382428979042,
            0.8708443885658635,
            3.1156033339571625,
            0.7788831891022681,
            3.38173347179878,
            3.0417557040848813,
            3.1156033339571625,
            4.753906035916189,
            4.1545558851697395,
            3.7517379644890503,
            2.511933793538938,
            2.26419589559004,
            4.5283920945043254,
            4.06231601540474,
            2.154330129261183,
            4.80469369834722,
            4.5283920945043254,
            6.155338981681105,
            5.532441190465947,
            5.178390572531105,
            3.941024766718285,
            3.636786465159556,
            5.8935282335112635,
            5.452323478812058,
            3.5523493638338905,
            6.2019465895910635
        ],
        "converged": true,
        "confidence_intervals": {
            "w_p": [
                -1.553815353654378,
                1.553815353654378
            ],
            "delta": [
                -0.7611749858350261,
                0.038304626919692775
            ]
        }
    },
    "Weber Two-Stage": {
        "model_name": "bayes_weber_sequential",
        "params": {
            "r_div_q": 0.01,
            "delta": -0.36141612284805313
        },
        "steady_state_weight": 0.9999000099990001,
        "mode": "sequential",
        "model_type": "weber",
        "r_squared": -0.007912589445547624,
        "aic": 44.094915827095875,
        "bic": 46.89731059042018,
        "n_params": 2,
        "mse": 3.8056885395929663,
        "rmse": 1.95081740293472,
        "predictions": [
            1.7417222714801581,
            3.345491066525089,
            2.720696264986819,
            2.369053857547461,
            1.1153435062114012,
            0.8708825282249836,
            3.1152656617921366,
            0.7790059881242078,
            3.3813015560518975,
            3.041845848391121,
            3.1156627073783913,
            4.753795797377214,
            4.154691017633172,
            3.7518477215260684,
            2.512082419633624,
            2.2642625587398424,
            4.528164579281437,
            4.062437516549432,
            2.1545078093028676,
            4.804399985130741,
            4.528478391145962,
            6.155267379877638,
            5.532605619708856,
            5.178523502708558,
            3.9412074657053355,
            3.6368849934804888,
            5.893356095686879,
            5.452469774962622,
            3.5525692329813165,
            6.201719271560843
        ],
        "converged": true,
        "confidence_intervals": {
            "r_div_q": [
                -1.9722672965689172,
                1.9922672965689172
            ],
            "delta": [
                -0.7151327072692024,
                -0.007699538426903851
            ]
        }
    },
    "Linear Regression": {
        "model_name": "linear",
        "params": {
            "slope": 0.35763168223350345,
            "intercept": 2.061115214834987
        },
        "steady_state_weight": null,
        "mode": "linear",
        "model_type": "linear",
        "log_likelihood": null,
        "r_squared": 0.15504804041274378,
        "aic": 38.804208701335696,
        "bic": 41.606603464660004,
        "n_params": 2,
        "mse": 3.1903798233899967,
        "rmse": 1.7861634369200363,