model,scope,k,aic,rmse_to_llm,r2_to_llm,r2_to_truth,rmse_vs_truth,bias_vs_truth,aic_weight
EmpiricalLinear,overall,3.0,-793.6380879619529,0.0695673247883436,0.9152559674926889,0.8473941492888917,0.08224873389286576,-0.04066066666666623,0.6149643651475045
Bayes(stimulus),overall,0.0,-792.6626554057891,0.07120381707115651,0.9112220583227159,0.839635012357028,0.08431375019937506,-0.028956580302478312,0.3776047619152794
Bayes(range),overall,0.0,-784.21724081684,0.07323678407973211,0.9060802232980228,0.8703599037656471,0.07580769671560104,-0.02516638648114019,0.005535272243240798
Equal,overall,0.0,-782.0740308698147,0.07376186345259994,0.90472865867088,0.8752807828180098,0.07435502386075425,-0.019710666666666658,0.00189560069397506
LLM(Combined),overall,,,0.0,1.0,0.7947633287349282,0.09538302909847222,-0.040660666666666664,
