range_category,w_img_bayes,w_txt_bayes
short,0.521266083730527,0.47873391626947304
medium,0.44381599141196315,0.5561840085880368
long,0.4354657081170046,0.5645342918829954
