model,scope,k,aic,rmse_to_llm,r2_to_llm,r2_to_truth,rmse_vs_truth,bias_vs_truth,aic_weight
EmpiricalLinear,overall,2.0,-699.2756394737405,0.09591891003168469,0.8510822251865722,0.615754351009733,0.13051129783538568,-0.10200295186180466,0.7461206749627745
Combo_NonOracle,overall,0.0,-697.1195827910185,0.09790751771211584,0.8448434379894953,0.6295370570386258,0.1281492342469261,-0.0992244033455449,0.25387931300342625
Equal,overall,0.0,-663.3902822453978,0.10955802725055802,0.8057207245071791,0.4919227772672393,0.1500750483965422,-0.10949519047619048,1.2033799236058129e-08
Combo_Oracle,overall,0.0,-540.7288384057327,0.1648977883835758,0.5598834196065483,0.8348851457141275,0.08555328739080664,-1.0658141036401502e-16,2.7848939442972097e-35
LLM(Combined),overall,,,0.0,1.0,0.467852400097999,0.15358884803266154,-0.12212733333333332,
