{
  "empirical_linear": {
    "w_txt_norm": 0.7255048815440548,
    "w_img_norm": 0.2744951184559452
  },
  "combo_oracle": {
    "w_txt_norm": 0.705044005681166,
    "w_img_norm": 0.29495599431883396
  },
  "combo_non_oracle": {
    "w_txt_norm": 0.8091349267511664,
    "w_img_norm": 0.1908650732488337
  }
}