{
  "per_range": {
    "regression_effect": {
      "long": {
        "regression_angle": 42.0454962566973,
        "slope": 0.901842898630041,
        "intercept": 0.06020277239174132,
        "r_squared": 0.5304059624807439,
        "p_value": 2.0450617574321302e-09,
        "regression_strength": 0.09815710136995903,
        "regression_strength_angular": 0.06565563874006004
      },
      "medium": {
        "regression_angle": 25.77260984342686,
        "slope": 0.482829258903006,
        "intercept": 0.4030586852149038,
        "r_squared": 0.4105256944173348,
        "p_value": 5.393020764599291e-07,
        "regression_strength": 0.517170741096994,
        "regression_strength_angular": 0.42727533681273644
      },
      "short": {
        "regression_angle": 45.36651996916655,
        "slope": 1.0128765068743701,
        "intercept": 0.1642672321780138,
        "r_squared": 0.4895438090278765,
        "p_value": 1.5722479818341924e-08,
        "regression_strength": -0.012876506874370142,
        "regression_strength_angular": 0.008144888203701189
      }
    },
    "weber_law": {
      "long": {
        "mean_cv": 0.11723222413424012,
        "cv_magnitude_correlation": -0.5929859833742396,
        "bin_magnitudes": [
          0.54551875,
          0.63479375,
          0.72406875,
          0.7687062499999999,
          0.81334375,
          0.8579812499999999
        ],
        "coefficient_variations": [
          0.14151805754704216,
          0.15573732084553277,
          0.19286745414291429,
          0.07230439310285501,
          0.04620479678743893,
          0.09476132237965747
        ],
        "p_value": 0.21477756021474767
      },
      "medium": {
        "mean_cv": 0.09745281255999362,
        "cv_magnitude_correlation": -0.7451432326502203,
        "bin_magnitudes": [
          0.3569,
          0.4685,
          0.5801000000000001,
          0.6358999999999999,
          0.6917,
          0.7475
        ],
        "coefficient_variations": [
          0.19736292939786945,
          0.08228747719290722,
          0.08797962057251463,
          0.06580166014958042,
          0.05829233376354558,
          0.09299285428354444
        ],
        "p_value": 0.08915123300484573
      },
      "short": {
        "mean_cv": 0.1300334364476136,
        "cv_magnitude_correlation": -0.8982056797278751,
        "bin_magnitudes": [
          0.14551875,
          0.23479374999999997,
          0.32406874999999996,
          0.36870624999999996,
          0.41334374999999995,
          0.45798125
        ],
        "coefficient_variations": [
          0.26113428675088546,
          0.15154060778186415,
          0.09636582993711341,
          0.08689913449382324,
          0.1183068577187041,
          0.06595390200329111
        ],
        "p_value": 0.015015724829144622
      }
    },
    "sequential_effect": [
      {
        "range_category": "long",
        "n_runs": 5,
        "N_total": 50,
        "r_resp_mean": 0.3091966623272496,
        "r_stim_mean": 0.23502816576403168,
        "r_resp_weighted": 0.3137193316532508,
        "r_stim_weighted": 0.23502816576403165
      },
      {
        "range_category": "medium",
        "n_runs": 5,
        "N_total": 50,
        "r_resp_mean": -0.06946720339494147,
        "r_stim_mean": 0.23525030686203605,
        "r_resp_weighted": -0.07008194250551598,
        "r_stim_weighted": 0.23525030686203605
      },
      {
        "range_category": "short",
        "n_runs": 5,
        "N_total": 50,
        "r_resp_mean": 0.33598820057782847,
        "r_stim_mean": 0.2350281657640318,
        "r_resp_weighted": 0.3492036736444582,
        "r_stim_weighted": 0.23502816576403177
      }
    ]
  },
  "overall": {
    "range_effect": {
      "range_analyses_by_category": {
        "short": {
          "slope": 1.0128765068743701,
          "regression_strength": -0.012876506874370142,
          "r_squared": 0.4895438090278765,
          "mean_stimulus_magnitude": 0.30805000000000005
        },
        "medium": {
          "slope": 0.482829258903006,
          "regression_strength": 0.517170741096994,
          "r_squared": 0.4105256944173348,
          "mean_stimulus_magnitude": 0.56007
        },
        "long": {
          "slope": 0.901842898630041,
          "regression_strength": 0.09815710136995903,
          "r_squared": 0.5304059624807439,
          "mean_stimulus_magnitude": 0.7080500000000001
        }
      },
      "correlation_analysis": {
        "correlation_magnitude_regression": 0.3419450059207991,
        "p_value": 0.7778286808715598,
        "interpretation": "Regression strength increases with stimulus magnitude (r=0.342)"
      },
      "pairwise_comparison_on_overlap": {
        "short_vs_medium": {
          "categories": [
            "medium",
            "short"
          ],
          "error": "Insufficient data in common bins for t-test.",
          "t_statistic": NaN,
          "p_value": NaN,
          "is_significant": false,
          "n_overlapping_bins": 0
        },
        "short_vs_long": {
          "error": "No overlapping data found or insufficient data after binning for short vs long."
        },
        "medium_vs_long": {
          "categories": [
            "long",
            "medium"
          ],
          "t_statistic": -0.7001426957700735,
          "p_value": 0.6111388112367804,
          "is_significant": false,
          "n_overlapping_bins": 2,
          "mean_long": 0.7031264372469636,
          "mean_medium": 0.764458505050505
        }
      }
    }
  }
}