model,scope,k,aic,rmse_to_llm,r2_to_llm,r2_to_truth,rmse_vs_truth,bias_vs_truth,aic_weight
Combo_NonOracle,overall,0.0,-814.2610632435661,0.06625770332582945,0.9179953970987262,0.9238196018212421,0.05811370768270956,0.018055131144077946,0.5392397034049767
Equal,overall,0.0,-812.6946957883125,0.06660455439882972,0.9171345814677345,0.9259045835411116,0.057312933386220365,0.02391,0.24640498509508074
EmpiricalLinear,overall,2.0,-812.4160128065733,0.06578346858865033,0.9191650801758068,0.9265803053908132,0.05705099882022168,0.020581473575388382,0.21435531149979928
Combo_Oracle,overall,0.0,-756.3475312418817,0.08036645328643943,0.8793534022847177,0.9376753024935198,0.05256383641349416,-1.924386576016938e-16,1.4322478309882915e-13
LLM(Combined),overall,,,0.0,1.0,0.870339169926158,0.0758160866835001,0.04767666666666667,
