range_category,regression_angle,scalar_variability,short_vs_medium_t,medium_vs_long_t,response_autocorr,stimulus_autocorr
short,31.203630617097602,0.44027684554195895,,,-0.4258352687109648,0.24718809267831113
medium,34.81940695355607,0.28281588187640316,,,-0.17124489301389906,0.217956842254054
long,5.280990279736047,0.3098786546808193,,,-0.3276549532749031,0.21906490146470325
