range_category,regression_angle,scalar_variability,short_vs_medium_t,medium_vs_long_t,response_autocorr,stimulus_autocorr
short,54.19695853897938,0.35892091495759687,,,0.4649079566516556,0.24718809267831113
medium,41.61858505477885,0.1747505024526546,,,-0.02922899868881297,0.217956842254054
long,-30.97972664044465,0.087523156684332,,,-0.13271156227555897,0.21906490146470325
