{
  "per_range": {
    "regression_effect": {
      "long": {
        "regression_angle": 33.17729246569674,
        "slope": 0.6538157782611254,
        "intercept": 0.21186573820221,
        "r_squared": 0.5653574574087441,
        "p_value": 3.101853623778961e-10,
        "regression_strength": 0.34618422173887464,
        "regression_strength_angular": 0.262726834095628
      },
      "medium": {
        "regression_angle": 37.5059924842872,
        "slope": 0.767493170682125,
        "intercept": 0.13235009989606233,
        "r_squared": 0.7407790763052046,
        "p_value": 1.1202225855569563e-15,
        "regression_strength": 0.23250682931787503,
        "regression_strength_angular": 0.16653350034917339
      },
      "short": {
        "regression_angle": 34.00621092864544,
        "slope": 0.6746662479081939,
        "intercept": 0.09436906233188089,
        "r_squared": 0.8053791158293021,
        "p_value": 1.1079719963406576e-18,
        "regression_strength": 0.32533375209180615,
        "regression_strength_angular": 0.24430642380787918
      }
    },
    "weber_law": {
      "long": {
        "mean_cv": 0.09668185442686426,
        "cv_magnitude_correlation": 0.4425041497510365,
        "bin_magnitudes": [
          0.54551875,
          0.63479375,
          0.72406875,
          0.7687062499999999,
          0.81334375,
          0.8579812499999999
        ],
        "coefficient_variations": [
          0.08094547821532488,
          0.07440260610411104,
          0.09926988671642098,
          0.12020499160811128,
          0.05050762722761053,
          0.15476053668960682
        ],
        "p_value": 0.37956712701815876
      },
      "medium": {
        "mean_cv": 0.06687874813528032,
        "cv_magnitude_correlation": 0.29894709796577057,
        "bin_magnitudes": [
          0.3569,
          0.4685,
          0.5801000000000001,
          0.6358999999999999,
          0.6917,
          0.7475
        ],
        "coefficient_variations": [
          0.09089221824611558,
          0.0,
          0.05993248092583447,
          0.09137110186478284,
          0.06536406457297464,
          0.0937126232019744
        ],
        "p_value": 0.5649377095643102
      },
      "short": {
        "mean_cv": 0.13678619775654757,
        "cv_magnitude_correlation": -0.8876044568850621,
        "bin_magnitudes": [
          0.14551875,
          0.23479374999999997,
          0.32406874999999996,
          0.36870624999999996,
          0.41334374999999995,
          0.45798125
        ],
        "coefficient_variations": [
          0.22250209624639777,
          0.15971914124998493,
          0.12007953187938954,
          0.16914609807598602,
          0.0855816496101822,
          0.06368866947734489
        ],
        "p_value": 0.018239204313628143
      }
    },
    "sequential_effect": [
      {
        "range_category": "long",
        "n_runs": 5,
        "N_total": 50,
        "r_resp_mean": 0.4381010322122226,
        "r_stim_mean": 0.23502816576403168,
        "r_resp_weighted": 0.45553584091902644,
        "r_stim_weighted": 0.23502816576403165
      },
      {
        "range_category": "medium",
        "n_runs": 5,
        "N_total": 50,
        "r_resp_mean": 0.40029109655217016,
        "r_stim_mean": 0.23525030686203605,
        "r_resp_weighted": 0.40884104213192773,
        "r_stim_weighted": 0.23525030686203605
      },
      {
        "range_category": "short",
        "n_runs": 5,
        "N_total": 50,
        "r_resp_mean": 0.16275898744982248,
        "r_stim_mean": 0.2350281657640318,
        "r_resp_weighted": 0.16411104071843136,
        "r_stim_weighted": 0.23502816576403177
      }
    ]
  },
  "overall": {
    "range_effect": {
      "range_analyses_by_category": {
        "short": {
          "slope": 0.6746662479081939,
          "regression_strength": 0.32533375209180615,
          "r_squared": 0.8053791158293021,
          "mean_stimulus_magnitude": 0.30805000000000005
        },
        "medium": {
          "slope": 0.767493170682125,
          "regression_strength": 0.23250682931787503,
          "r_squared": 0.7407790763052046,
          "mean_stimulus_magnitude": 0.56007
        },
        "long": {
          "slope": 0.6538157782611254,
          "regression_strength": 0.34618422173887464,
          "r_squared": 0.5653574574087441,
          "mean_stimulus_magnitude": 0.7080500000000001
        }
      },
      "correlation_analysis": {
        "correlation_magnitude_regression": 0.02407468028352583,
        "p_value": 0.9846721016248327,
        "interpretation": "Regression strength increases with stimulus magnitude (r=0.024)"
      },
      "pairwise_comparison_on_overlap": {
        "short_vs_medium": {
          "categories": [
            "medium",
            "short"
          ],
          "error": "Insufficient data in common bins for t-test.",
          "t_statistic": NaN,
          "p_value": NaN,
          "is_significant": false,
          "n_overlapping_bins": 0
        },
        "short_vs_long": {
          "error": "No overlapping data found or insufficient data after binning for short vs long."
        },
        "medium_vs_long": {
          "categories": [
            "long",
            "medium"
          ],
          "t_statistic": 1.4242424242424283,
          "p_value": 0.38970838325942453,
          "is_significant": false,
          "n_overlapping_bins": 2,
          "mean_long": 0.7300000000000001,
          "mean_medium": 0.683
        }
      }
    }
  }
}