range_category,regression_angle,scalar_variability,short_vs_medium_t,medium_vs_long_t,response_autocorr,stimulus_autocorr
short,41.51954072348801,0.5873069375599279,,,0.2087251274168124,0.23502816576403177
medium,14.787733423969012,0.15962594046193002,,1.0,0.2342640549325811,0.23525030686203605
long,6.614849454499338,0.03954756429141577,,,-0.23613686347711976,0.23502816576403165
