model,scope,k,aic,rmse_to_llm,r2_to_llm,r2_to_truth,rmse_vs_truth,bias_vs_truth,aic_weight
Combo_Oracle,overall,0.0,-369.1113126010033,0.12279691729018517,0.5039130013612196,0.613811298352289,0.13264834251996563,1.2994655856408082e-16,0.9999703236187414
EmpiricalLinear,overall,2.0,-348.26061601610786,0.13513503072489838,0.39921538037215165,0.6349585775172704,0.12896537337443253,-0.020499116176301478,2.9669885901036262e-05
Combo_NonOracle,overall,0.0,-331.29961947949005,0.15222673352958557,0.2376317987092481,0.565829329399576,0.1406475874168716,-0.05446688481327842,6.155768436513653e-09
Equal,overall,0.0,-325.5048023275618,0.15732223824916575,0.18573990850598276,0.5369880134601994,0.14524398731883095,-0.05954204545454545,3.395890813390033e-10
LLM(Combined),overall,,,0.0,1.0,0.6539040886185357,0.12557415954508533,0.026079545454545452,
