model,scope,k,aic,rmse_to_llm,r2_to_llm,r2_to_truth,rmse_vs_truth,bias_vs_truth,aic_weight
EmpiricalLinear,overall,3.0,-553.1468335904016,0.15507866438296505,0.21654594410811856,0.19746784800841843,0.18862019334684788,-0.03923156545552837,0.9999999749561366
Bayes(stimulus),overall,0.0,-516.7973426188561,0.17859085623457932,-0.039029476039347255,0.289952196160978,0.17741925841228176,0.017296233008402998,1.2788167459089484e-08
Bayes(range),overall,0.0,-516.7122835877927,0.17864149929761833,-0.039618835394545915,0.2969963096556485,0.176537010443799,0.008371793623422488,1.2255696025554e-08
Equal,overall,0.0,-472.9291252414482,0.20671165713617687,-0.39200042031511173,0.13350546135116115,0.19599269298825653,-0.016030247197333328,3.810183971181804e-18
LLM(Combined),overall,,,0.0,1.0,0.27810462156253923,0.17889330850612395,-0.039231565455528306,
