range_category,w_img_bayes,w_txt_bayes
short,0.0918254607535062,0.9081745392464938
medium,0.37163277152650365,0.6283672284734964
long,0.19215640831015124,0.8078435916898488
