model,scope,k,aic,rmse_to_llm,r2_to_llm,r2_to_truth,rmse_vs_truth,bias_vs_truth,aic_weight
EmpiricalLinear,overall,2.0,277.1039171114795,2.485183227849657,0.08106172065086481,-8.805007438339635,6.355596852795613,5.755370129457662,1.0
Equal,overall,0.0,378.9582160222694,3.53669987417649,-0.8610838006051558,-2.9348384585161837,4.026204512979107,3.681743333333333,7.631677549638277e-23
Combo_NonOracle,overall,0.0,490.36368600092896,5.127127803355046,-2.9112700401841014,-0.4859591441468616,2.4742057507852726,2.059842343846474,4.911674517843793e-47
Combo_Oracle,overall,0.0,587.0003961456409,7.075711381893346,-6.449201712865299,0.46582237760890866,1.4834578905525666,-5.684341886080802e-16,5.091369271737842e-68
LLM(Combined),overall,,,0.0,1.0,-11.061903777940877,7.049207707276992,6.606643333333333,
