{
  "empirical_linear": {
    "w_txt_norm": 0.0779420879837045,
    "w_img_norm": 0.9220579120162955
  },
  "combo_oracle": {
    "w_txt_norm": 0.9341433163467635,
    "w_img_norm": 0.06585668365323653
  },
  "combo_non_oracle": {
    "w_txt_norm": 0.8301154028291909,
    "w_img_norm": 0.16988459717080906
  }
}