model,scope,k,aic,rmse_to_llm,r2_to_llm,r2_to_truth,rmse_vs_truth,bias_vs_truth,aic_weight
EmpiricalLinear,overall,2.0,-87.76748716404423,0.6907134775592967,0.8452690676061074,0.7706296362746706,0.9594352505164282,-0.3080867735785218,0.9969547755946427
Combo_Oracle,overall,0.0,-76.18499941460135,0.7355052666806366,0.8245502087535233,0.8166589400085609,0.8577819200136917,-1.6474277139599096e-15,0.003044880128513575
Combo_NonOracle,overall,0.0,-58.0099474542408,0.7914321881473282,0.7968538010111259,0.7404535273624138,1.0205976985229024,-0.549044033195354,3.4427684356161005e-07
Equal,overall,0.0,4.578736779766044,1.0186341367474274,0.6634746887607113,0.6445636162527574,1.1943399515178414,-0.7750031151976253,8.829735950021235e-21
LLM(Combined),overall,,,0.0,1.0,0.8509740045998511,0.773353463401334,-0.208516129032258,
