{
    "Basic Single-Stage": {
        "model_name": "bayes_basic_single",
        "params": {
            "w_p": 0.046818183291810145,
            "delta": 0.028205995180082828
        },
        "steady_state_weight": null,
        "mode": "single",
        "model_type": "basic",
        "r_squared": 0.8053686309622335,
        "aic": -135.8900209636314,
        "bic": -133.08762620030708,
        "n_params": 2,
        "mse": 0.009437098975788946,
        "rmse": 0.09714473210518904,
        "predictions": [
            0.28075249890226467,
            0.5004323121990012,
            0.4170384350552016,
            0.36619571695198677,
            0.1974348763038018,
            0.1974253444856347,
            0.1600892127251749,
            0.4681957031579302,
            0.3671393669505279,
            0.4079164850693043,
            0.5188843589237265,
            0.793486508499189,
            0.6892465450239814,
            0.6256979133040463,
            0.41473971363018974,
            0.41473018181202265,
            0.36806240006598967,
            0.7531955131069339,
            0.6268703269385975,
            0.6778464904961514,
            0.6807524989022646,
            0.9004323121990013,
            0.8170384350552016,
            0.7661957169519868,
            0.5974348763038018,
            0.5974253444856347,
            0.5600892127251749,
            0.86819570315793,
            0.767139366950528,
            0.8079164850693042
        ],
        "converged": true,
        "confidence_intervals": {
            "w_p": [
                -10.563738388012197,
                10.657374754595818
            ],
            "delta": [
                -1.3577232946345663,
                1.414135284994732
            ]
        }
    },
    "Basic Two-Stage": {
        "model_name": "bayes_basic_sequential",
        "params": {
            "r_div_q": 0.3807386586507117,
            "delta": 0.02996655375816112
        },
        "steady_state_weight": 0.8733914876336745,
        "mode": "sequential",
        "model_type": "basic",
        "r_squared": 0.8117414499098348,
        "aic": -136.88864545835503,
        "bic": -134.0862506950307,
        "n_params": 2,
        "mse": 0.009128099848563848,
        "rmse": 0.09554108984391924,
        "predictions": [
            0.2797865537581611,
            0.4843562200873431,
            0.429776545611219,
            0.37629657252038395,
            0.2133133694756677,
            0.19475106652378732,
            0.15792697519932894,
            0.44017852931357404,
            0.3783580148169963,
            0.4092306554568979,
            0.5172365537581611,
            0.7729508557183905,
            0.7047287270531131,
            0.6378834719979075,
            0.43414835828362974,
            0.4109469994717276,
            0.3649192737424635,
            0.7177339882754276,
            0.6404539452883751,
            0.6790486760401087,
            0.6797865537581611,
            0.8843562200873433,
            0.829776545611219,
            0.776296572520384,
            0.6133133694756677,
            0.5947510665237874,
            0.557926975199329,
            0.8401785293135741,
            0.7783580148169965,
            0.809230655456898
        ],
        "converged": true,
        "confidence_intervals": {
            "r_div_q": [
                -17.770284371175464,
                18.531761688476884
            ],
            "delta": [
                -1.3631118050643534,
                1.4230449125806754
            ]
        }
    },
    "Weber Single-Stage": {
        "model_name": "bayes_weber_single",
        "params": {
            "w_p": 0.07507595119312378,
            "delta": 0.04543505041329509
        },
        "steady_state_weight": null,
        "mode": "single",
        "model_type": "weber",
        "r_squared": 0.7995553296771567,
        "aic": -135.00718627307063,
        "bic": -132.20479150974631,
        "n_params": 2,
        "mse": 0.009718968747730516,
        "rmse": 0.098584830210994,
        "predictions": [
            0.2637248877054851,
            0.4827420670876361,
            0.4008109896251076,
            0.35019930672881244,
            0.1770830628057388,
            0.17707297791697366,
            0.13717725560536737,
            0.45121615180450253,
            0.35114384683789507,
            0.39177061051744555,
            0.5137446102683223,
            0.7894700074721496,
            0.6859045384203616,
            0.6221492212114549,
            0.4062180921438359,
            0.4062081526928538,
            0.35729616293105565,
            0.7495788868520366,
            0.6233301025699703,
            0.6745041081844001,
            0.6836483745483819,
            0.9052489063389121,
            0.8217108016249661,
            0.7704438829283702,
            0.5981402380924238,
            0.5981304012367267,
            0.559496065662489,
            0.8730340227771369,
            0.7713978771658093,
            0.8125323178147342
        ],
        "converged": true,
        "confidence_intervals": {
            "w_p": [
                -10.784297955683895,
                10.934449858070144
            ],
            "delta": [
                -2.5653413959127884,
                2.656211496739379
            ]
        }
    },
    "Weber Two-Stage": {
        "model_name": "bayes_weber_sequential",
        "params": {
            "r_div_q": 0.34017744591441396,
            "delta": 0.0484745855641501
        },
        "steady_state_weight": 0.8962816632714237,
        "mode": "sequential",
        "model_type": "weber",
        "r_squared": 0.8048856693056474,
        "aic": -135.81567851993813,
        "bic": -133.01328375661382,
        "n_params": 2,
        "mse": 0.0094605163569503,
        "rmse": 0.09726518573955585,
        "predictions": [
            0.26222828298954814,
            0.47411036050269123,
            0.4178058139447203,
            0.36173948538425893,
            0.18308159025234239,
            0.17162411311566503,
            0.13286581036648448,
            0.4158523100008011,
            0.36253317043515887,
            0.3983176016372565,
            0.5114721145564227,
            0.7791092536077027,
            0.7063002173025472,
            0.6360405745796482,
            0.4149409370517685,
            0.39846257800925117,
            0.3500965549945815,
            0.7141349078440593,
            0.6378889011963431,
            0.6817589433490356,
            0.6820957608869996,
            0.898027147411784,
            0.8382075767318907,
            0.7818660801406012,
            0.6062831584660204,
            0.59182781346751,
            0.5531230558683788,
            0.8494671846445311,
            0.7838045798935437,
            0.8184189535842719
        ],
        "converged": true,
        "confidence_intervals": {
            "r_div_q": [
                -51.62621864774698,
                52.30657353957581
            ],
            "delta": [
                -1.6160025072824442,
                1.7129516784107446
            ]
        }
    },
    "Linear Regression": {
        "model_name": "linear",
        "params": {
            "slope": 0.9400347957012515,
            "intercept": 0.05971135854733684
        },
        "steady_state_weight": null,
        "mode": "linear",
        "model_type": "linear",
        "log_likelihood": null,
        "r_squared": 0.8078848143037076,
        "aic": -136.28034643172393,
        "bic": -133.4779516683996,
        "n_params": 2,
        "mse": 0.009315096693463556,
        "rmse": 0.09651474858001526,