range_category,regression_angle,scalar_variability,short_vs_medium_t,medium_vs_long_t,response_autocorr,stimulus_autocorr
short,41.275539817108644,0.1130435503369235,,,0.2823887174962818,0.24718809267831113
medium,37.22214745464433,0.10791256790497131,,,-0.055331885733673564,0.217956842254054
long,40.012943467609745,0.05887156522689487,,,0.19285341880912146,0.21906490146470325
