{
  "per_range": {
    "regression_effect": {
      "long": {
        "regression_angle": NaN,
        "slope": NaN,
        "intercept": NaN,
        "r_squared": NaN,
        "p_value": NaN,
        "regression_strength": NaN,
        "regression_strength_angular": NaN
      },
      "medium": {
        "regression_angle": NaN,
        "slope": NaN,
        "intercept": NaN,
        "r_squared": NaN,
        "p_value": NaN,
        "regression_strength": NaN,
        "regression_strength_angular": NaN
      },
      "short": {
        "regression_angle": NaN,
        "slope": NaN,
        "intercept": NaN,
        "r_squared": NaN,
        "p_value": NaN,
        "regression_strength": NaN,
        "regression_strength_angular": NaN
      }
    },
    "weber_law": {
      "long": {
        "mean_cv": NaN,
        "cv_magnitude_correlation": NaN,
        "bin_magnitudes": [
          5.43633125,
          5.8685937500000005,
          6.300856250000001,
          7.16538125,
          7.59764375,
          8.02990625,
          8.46216875
        ],
        "coefficient_variations": [
          0.08000571391056613,
          0.07487675627256045,
          NaN,
          0.05342259400199691,
          0.02553881277607027,
          0.11841273221770876,
          0.05645611512573076
        ],
        "p_value": NaN
      },
      "medium": {
        "mean_cv": 0.10027642164480088,
        "cv_magnitude_correlation": -0.5374497008796068,
        "bin_magnitudes": [
          3.39370625,
          4.31933125,
          5.24495625,
          5.70776875,
          6.63339375
        ],
        "coefficient_variations": [
          0.24505618066680807,
          0.0,
          0.10715577076479102,
          0.10066698777076397,
          0.04850316902164137
        ],
        "p_value": 0.35024099422116944
      },
      "short": {
        "mean_cv": 0.0889296382835628,
        "cv_magnitude_correlation": -0.3724451837912614,
        "bin_magnitudes": [
          1.47201875,
          2.36009375,
          3.2481687499999996,
          3.69220625,
          4.13624375,
          4.5802812500000005
        ],
        "coefficient_variations": [
          0.1956921956217497,
          0.0,
          0.11040677057104867,
          0.13825151473789024,
          0.0,
          0.08922734877068814
        ],
        "p_value": 0.46716416841712116
      }
    },
    "sequential_effect": [
      {
        "range_category": "long",
        "n_runs": 5,
        "N_total": 46,
        "r_resp_mean": 0.3610083844509074,
        "r_stim_mean": 0.3068012778810149,
        "r_resp_weighted": 0.3763990591373148,
        "r_stim_weighted": 0.3046146050312679
      },
      {
        "range_category": "medium",
        "n_runs": 5,
        "N_total": 48,
        "r_resp_mean": 0.20239639040462198,
        "r_stim_mean": 0.26382893400743057,
        "r_resp_weighted": 0.20360981068584108,
        "r_stim_weighted": 0.2605542538179349
      },
      {
        "range_category": "short",
        "n_runs": 5,
        "N_total": 47,
        "r_resp_mean": 0.20508001046500138,
        "r_stim_mean": 0.317391721191188,
        "r_resp_weighted": 0.20599129436298474,
        "r_stim_weighted": 0.31415197621408547
      }
    ]
  },
  "overall": {
    "range_effect": {
      "range_analyses_by_category": {
        "short": {
          "slope": NaN,
          "regression_strength": NaN,
          "r_squared": NaN,
          "mean_stimulus_magnitude": 3.0697699999999997
        },
        "medium": {
          "slope": NaN,
          "regression_strength": NaN,
          "r_squared": NaN,
          "mean_stimulus_magnitude": 5.0383
        },
        "long": {
          "slope": NaN,
          "regression_strength": NaN,
          "r_squared": NaN,
          "mean_stimulus_magnitude": 7.0569999999999995
        }
      },
      "correlation_analysis": {
        "correlation_magnitude_regression": NaN,
        "p_value": NaN,
        "interpretation": "Regression strength decreases with stimulus magnitude (r=nan)"
      },
      "pairwise_comparison_on_overlap": {
        "short_vs_medium": {
          "error": "No overlapping data found or insufficient data after binning for short vs medium."
        },
        "short_vs_long": {
          "error": "No overlapping data found or insufficient data after binning for short vs long."
        },
        "medium_vs_long": {
          "error": "No overlapping data found or insufficient data after binning for medium vs long."
        }
      }
    }
  }
}