range_category,regression_angle,scalar_variability,short_vs_medium_t,medium_vs_long_t,response_autocorr,stimulus_autocorr
short,44.14650544729428,0.16466544307043227,,,0.3124960507287354,0.23502816576403177
medium,25.384965594852755,0.1435087982134726,,-0.1475409836065575,0.15535222370486523,0.23525030686203605
long,12.995792835859573,0.20020991121348594,,,-0.060233569613925245,0.23502816576403165
