model,scope,k,aic,rmse_to_llm,r2_to_llm,r2_to_truth,rmse_vs_truth,bias_vs_truth,aic_weight
Combo_NonOracle,overall,0.0,-209.51044039564462,0.4973963256992101,0.939742936097472,0.9420687484221937,0.4885272945546946,-0.15304608955074284,0.7941929312751032
EmpiricalLinear,overall,2.0,-205.707073073596,0.49707041794598217,0.9398218743989405,0.9426575290819347,0.48603839612947475,-0.15058169261534682,0.11858651246433027
Combo_Oracle,overall,0.0,-205.0926019461307,0.5047752458540725,0.9379418365762295,0.948043109334169,0.4626514781925188,-6.217248937900876e-16,0.08721769140888222
Equal,overall,0.0,-184.44531016265324,0.5407394628346138,0.9287837746265792,0.9256246012103151,0.5535374787070279,-0.17972333333333335,2.8648516843448876e-06
LLM(Combined),overall,,,0.0,1.0,0.9095663524546216,0.6103759336125019,-0.09168999999999998,
