{
  "per_range": {
    "regression_effect": {
      "long": {
        "regression_angle": 38.37820502957974,
        "slope": 0.7919710628497085,
        "intercept": 0.13037346037783526,
        "r_squared": 0.5953676074314282,
        "p_value": 5.437481986110506e-11,
        "regression_strength": 0.20802893715029147,
        "regression_strength_angular": 0.14715099934267248
      },
      "medium": {
        "regression_angle": 42.346766882141985,
        "slope": 0.9114231546758349,
        "intercept": 0.05353923376070513,
        "r_squared": 0.7975492402887245,
        "p_value": 2.868573782225969e-18,
        "regression_strength": 0.0885768453241651,
        "regression_strength_angular": 0.05896073595240033
      },
      "short": {
        "regression_angle": 36.21766441908746,
        "slope": 0.7323629164783186,
        "intercept": 0.08759560357885388,
        "r_squared": 0.7272422030340581,
        "p_value": 3.834148828485668e-15,
        "regression_strength": 0.26763708352168136,
        "regression_strength_angular": 0.1951630129091675
      }
    },
    "weber_law": {
      "long": {
        "mean_cv": 0.1089601315578394,
        "cv_magnitude_correlation": -0.828828423810733,
        "bin_magnitudes": [
          0.54551875,
          0.63479375,
          0.72406875,
          0.7687062499999999,
          0.81334375,
          0.8579812499999999
        ],
        "coefficient_variations": [
          0.13631704223052812,
          0.16297435684029385,
          0.10246408235854201,
          0.09586529316619595,
          0.0676200688277983,
          0.0885199459236782
        ],
        "p_value": 0.04144192410017943
      },
      "medium": {
        "mean_cv": 0.10928701054954686,
        "cv_magnitude_correlation": -0.8560431933750092,
        "bin_magnitudes": [
          0.3569,
          0.4685,
          0.5801000000000001,
          0.6358999999999999,
          0.6917,
          0.7475
        ],
        "coefficient_variations": [
          0.19793662425080727,
          0.11111111111111108,
          0.08774231028212959,
          0.10300590693004572,
          0.10878565864408425,
          0.047140452079103216
        ],
        "p_value": 0.029593694344289847
      },
      "short": {
        "mean_cv": 0.12607767391539645,
        "cv_magnitude_correlation": -0.8366823966856963,
        "bin_magnitudes": [
          0.14551875,
          0.23479374999999997,
          0.32406874999999996,
          0.36870624999999996,
          0.41334374999999995,
          0.45798125
        ],
        "coefficient_variations": [
          0.26914690178245926,
          0.11907012119677522,
          0.14401645996461915,
          0.05582421956735901,
          0.08138339147394313,
          0.08702494950722287
        ],
        "p_value": 0.03783090354561605
      }
    },
    "sequential_effect": [
      {
        "range_category": "long",
        "n_runs": 5,
        "N_total": 50,
        "r_resp_mean": 0.33023417791250315,
        "r_stim_mean": 0.23502816576403168,
        "r_resp_weighted": 0.3335915926109212,
        "r_stim_weighted": 0.23502816576403165
      },
      {
        "range_category": "medium",
        "n_runs": 5,
        "N_total": 50,
        "r_resp_mean": 0.18825555508403294,
        "r_stim_mean": 0.23525030686203605,
        "r_resp_weighted": 0.19484543509380756,
        "r_stim_weighted": 0.23525030686203605
      },
      {
        "range_category": "short",
        "n_runs": 5,
        "N_total": 50,
        "r_resp_mean": 0.14874950539407358,
        "r_stim_mean": 0.2350281657640318,
        "r_resp_weighted": 0.1547893918317427,
        "r_stim_weighted": 0.23502816576403177
      }
    ]
  },
  "overall": {
    "range_effect": {
      "range_analyses_by_category": {
        "short": {
          "slope": 0.7323629164783186,
          "regression_strength": 0.26763708352168136,
          "r_squared": 0.7272422030340581,
          "mean_stimulus_magnitude": 0.30805000000000005
        },
        "medium": {
          "slope": 0.9114231546758349,
          "regression_strength": 0.0885768453241651,
          "r_squared": 0.7975492402887245,
          "mean_stimulus_magnitude": 0.56007
        },
        "long": {
          "slope": 0.7919710628497085,
          "regression_strength": 0.20802893715029147,
          "r_squared": 0.5953676074314282,
          "mean_stimulus_magnitude": 0.7080500000000001
        }
      },
      "correlation_analysis": {
        "correlation_magnitude_regression": -0.4635872320344558,
        "p_value": 0.6931241289850918,
        "interpretation": "Regression strength decreases with stimulus magnitude (r=-0.464)"
      },
      "pairwise_comparison_on_overlap": {
        "short_vs_medium": {
          "categories": [
            "medium",
            "short"
          ],
          "error": "Insufficient data in common bins for t-test.",
          "t_statistic": NaN,
          "p_value": NaN,
          "is_significant": false,
          "n_overlapping_bins": 0
        },
        "short_vs_long": {
          "error": "No overlapping data found or insufficient data after binning for short vs long."
        },
        "medium_vs_long": {
          "categories": [
            "long",
            "medium"
          ],
          "t_statistic": 0.35537190082644626,
          "p_value": 0.7826246264490817,
          "is_significant": false,
          "n_overlapping_bins": 2,
          "mean_long": 0.7190000000000001,
          "mean_medium": 0.6975
        }
      }
    }
  }
}