model,scope,k,aic,rmse_to_llm,r2_to_llm,r2_to_truth,rmse_vs_truth,bias_vs_truth,aic_weight
EmpiricalLinear,overall,3.0,-636.1342702403674,0.11760219631970462,0.10955870456709027,0.05725859804040567,0.20442778324406174,-0.04716733333333332,0.9999998662415376
Bayes(range),overall,0.0,-604.4792488050015,0.1333296255401061,-0.14453149050794267,-0.07070227659030848,0.21786024727975847,-0.0715888999972876,1.3372092587421021e-07
Bayes(stimulus),overall,0.0,-588.1228538372781,0.1408007494018346,-0.2763928424489617,-0.17031880014431633,0.22776957949709056,-0.07734268628387761,3.7536462001724265e-11
Equal,overall,0.0,-563.9137617169841,0.15263397575451418,-0.499950271573417,-0.20461598734397235,0.23108296992484387,-0.04013066665555554,2.077379185892142e-16
LLM(Combined),overall,,,0.0,1.0,-0.3872177751015726,0.24797959803177358,-0.04716733333333332,
