range_category,w_img_bayes,w_txt_bayes
short,0.25918644220834103,0.740813557791659
medium,0.15210826476451667,0.8478917352354833
long,0.203201995701056,0.796798004298944
