model,scope,k,aic,rmse_to_llm,r2_to_llm,r2_to_truth,rmse_vs_truth,bias_vs_truth,aic_weight
Combo_NonOracle,overall,0.0,-615.7336381271878,0.12842047209358637,0.15203854594577104,0.48745673833782577,0.15073781978633263,-0.07822489332805219,0.7060753747713142
EmpiricalLinear,overall,2.0,-613.7875892588762,0.1275442438197312,0.16357055440932844,0.4263379031763028,0.15947222121960844,-0.08129854726282208,0.26685289747060437
Equal,overall,0.0,-609.2111739916461,0.13124310485420806,0.11435315718165584,0.5414620180432919,0.14257540798911722,-0.07494872808033687,0.02707172775808133
Combo_Oracle,overall,0.0,-487.78701395081316,0.19672337729668554,-0.9898462912909423,0.7273841934621346,0.10993411432414452,1.1546319456101628e-16,1.1630399591032023e-28
LLM(Combined),overall,,,0.0,1.0,-0.04072843265256143,0.21479574561274098,-0.15752333333333335,
