model,scope,k,aic,rmse_to_llm,r2_to_llm,r2_to_truth,rmse_vs_truth,bias_vs_truth,aic_weight
EmpiricalLinear,overall,3.0,-647.3423198553596,0.11328961970951215,0.8676605227049492,0.6087305572931434,0.13169873245299582,-0.018412333333333558,0.9999999991910584
Bayes(stimulus),overall,0.0,-604.3237297676876,0.13339876110842147,0.8165098441484867,0.6047321673806836,0.13236993797793475,0.019252222319134885,4.556505013708648e-10
Equal,overall,0.0,-603.7929422227571,0.1336349913632903,0.8158593987371346,0.7405099156208232,0.10725165754740887,0.014428666666666666,3.494401487572935e-10
Bayes(range),overall,0.0,-594.7769442246553,0.13771212627734433,0.8044519251362109,0.7578386675613555,0.10360865310151163,0.0072007506851171,3.851001713443751e-12
LLM(Combined),overall,,,0.0,1.0,0.46409033516907894,0.15413079691180043,-0.018412333333333326,
