range_category,w_img_bayes,w_txt_bayes
short,0.5725337161759808,0.4274662838240192
medium,0.3073452212588264,0.6926547787411736
long,0.48845259916507466,0.5115474008349253
