model,scope,k,aic,rmse_to_llm,r2_to_llm,r2_to_truth,rmse_vs_truth,bias_vs_truth,aic_weight
Combo_Oracle,overall,0.0,-685.9532374608649,0.10162041880045035,0.17005182149731612,0.5695268795355151,0.1381391083514974,-2.753353101070388e-16,0.825025708335322
Combo_NonOracle,overall,0.0,-682.1304765160202,0.10292360601645652,0.14862870627496017,0.5673453008316982,0.1384887010119888,-0.007430790954604841,0.12200158970843555
Equal,overall,0.0,-679.6695109780145,0.10377138333856786,0.1345455253351926,0.5580719604637968,0.1399649869550715,-0.011693999999999989,0.035642947672488844
EmpiricalLinear,overall,2.0,-678.2272582158555,0.1028904076332564,0.14917784350783014,0.5687777641990173,0.13825925190819016,-0.0064064665884094145,0.01732975428375365
LLM(Combined),overall,,,0.0,1.0,0.2576776047897318,0.18140109768135362,0.024339333333333345,
