model,scope,k,aic,rmse_to_llm,r2_to_llm,r2_to_truth,rmse_vs_truth,bias_vs_truth,aic_weight
Combo_Oracle,overall,0.0,-715.0898403776214,0.09221496961791338,0.7674775390463391,0.881845189000369,0.07237401569949409,-1.7319479184152443e-16,0.9999999999022768
Combo_NonOracle,overall,0.0,-668.0436539104156,0.10787175838706903,0.6818165606519594,0.7978897912092809,0.09465664138557224,0.05754315531223475,6.082055954528013e-11
EmpiricalLinear,overall,2.0,-666.8820796347743,0.10685595153878068,0.6877808854336072,0.8131521023692996,0.09101250610451406,0.05392312538218331,3.4026537824219715e-11
Equal,overall,0.0,-661.9406779221003,0.11008869427996647,0.6686038205693625,0.778787479219827,0.09902886869916104,0.06041428758376126,2.8761134552940823e-12
LLM(Combined),overall,,,0.0,1.0,0.8340078685402401,0.08578289845107047,-0.00219,
