{
  "empirical_linear": {
    "w_txt_norm": 0.6924746849084453,
    "w_img_norm": 0.3075253150915547
  },
  "combo_oracle": {
    "w_txt_norm": 0.7074840730500885,
    "w_img_norm": 0.29251592694991146
  },
  "combo_non_oracle": {
    "w_txt_norm": 0.5851342582624415,
    "w_img_norm": 0.4148657417375585
  }
}