{
  "per_range": {
    "regression_effect": {
      "long": {
        "regression_angle": 22.77658127222921,
        "slope": 0.4198804170178417,
        "intercept": 0.203101151448015,
        "r_squared": 0.08581584559972863,
        "p_value": 0.038964248792899406,
        "regression_strength": 0.5801195829821584,
        "regression_strength_angular": 0.49385374950601757
      },
      "medium": {
        "regression_angle": 0.30658792787903527,
        "slope": 0.005351019860133512,
        "intercept": 0.49980305430693506,
        "r_squared": 7.044877661929147e-05,
        "p_value": 0.9538681255648953,
        "regression_strength": 0.9946489801398665,
        "regression_strength_angular": 0.9931869349360214
      },
      "short": {
        "regression_angle": 44.839997585507255,
        "slope": 0.9944304011227062,
        "intercept": 0.14065974835174377,
        "r_squared": 0.6408761004999179,
        "p_value": 2.9977171924285213e-12,
        "regression_strength": 0.005569598877293802,
        "regression_strength_angular": 0.003555609210949879
      }
    },
    "weber_law": {
      "long": {
        "mean_cv": 0.17801939297544078,
        "cv_magnitude_correlation": 0.350878073939367,
        "bin_magnitudes": [
          0.5455462499999999,
          0.63481125,
          0.72407625,
          0.76870875,
          0.8133412499999999,
          0.85797375
        ],
        "coefficient_variations": [
          0.08991484109298517,
          0.0,
          0.36047122398389264,
          0.18760294691230645,
          0.38023858070647465,
          0.04988876515698593
        ],
        "p_value": 0.4952821402980795
      },
      "medium": {
        "mean_cv": 0.1701351971132081,
        "cv_magnitude_correlation": 0.7994152216958643,
        "bin_magnitudes": [
          0.356935,
          0.468515,
          0.580095,
          0.635885,
          0.691675,
          0.747465
        ],
        "coefficient_variations": [
          0.05323738861782882,
          0.0,
          0.24573776374439052,
          0.2300794947742951,
          0.145692746683778,
          0.34606378885895617
        ],
        "p_value": 0.0563161905430442
      },
      "short": {
        "mean_cv": 0.10977949300291223,
        "cv_magnitude_correlation": 0.4203586622831752,
        "bin_magnitudes": [
          0.14554625,
          0.23481125,
          0.32407625,
          0.36870875000000003,
          0.41334125,
          0.45797374999999996
        ],
        "coefficient_variations": [
          0.0977864426958614,
          0.0,
          0.1452819639270623,
          0.18274579676306624,
          0.02298740776409554,
          0.20987534686738793
        ],
        "p_value": 0.40660098968077335
      }
    },
    "sequential_effect": [
      {
        "range_category": "long",
        "n_runs": 5,
        "N_total": 50,
        "r_resp_mean": -0.11213933821158857,
        "r_stim_mean": 0.23521755130669839,
        "r_resp_weighted": -0.1141005508720425,
        "r_stim_weighted": 0.23521755130669839
      },
      {
        "range_category": "medium",
        "n_runs": 5,
        "N_total": 50,
        "r_resp_mean": -0.2697435176207173,
        "r_stim_mean": 0.23520721737985428,
        "r_resp_weighted": -0.29331336504454486,
        "r_stim_weighted": 0.23520721737985426
      },
      {
        "range_category": "short",
        "n_runs": 5,
        "N_total": 50,
        "r_resp_mean": 0.5036084993266533,
        "r_stim_mean": 0.23521755130669836,
        "r_resp_weighted": 0.5046201625287824,
        "r_stim_weighted": 0.23521755130669833
      }
    ]
  },
  "overall": {
    "range_effect": {
      "range_analyses_by_category": {
        "short": {
          "slope": 0.9944304011227062,
          "regression_strength": 0.005569598877293802,
          "r_squared": 0.6408761004999179,
          "mean_stimulus_magnitude": 0.30805599999999994
        },
        "medium": {
          "slope": 0.005351019860133512,
          "regression_strength": 0.9946489801398665,
          "r_squared": 7.044877661929147e-05,
          "mean_stimulus_magnitude": 0.5600700000000001
        },
        "long": {
          "slope": 0.4198804170178417,
          "regression_strength": 0.5801195829821584,
          "r_squared": 0.08581584559972863,
          "mean_stimulus_magnitude": 0.7080560000000001
        }
      },
      "correlation_analysis": {
        "correlation_magnitude_regression": 0.6930955902418524,
        "p_value": 0.5124927336939737,
        "interpretation": "Regression strength increases with stimulus magnitude (r=0.693)"
      },
      "pairwise_comparison_on_overlap": {
        "short_vs_medium": {
          "categories": [
            "medium",
            "short"
          ],
          "error": "Insufficient data in common bins for t-test.",
          "t_statistic": NaN,
          "p_value": NaN,
          "is_significant": false,
          "n_overlapping_bins": 0
        },
        "short_vs_long": {
          "error": "No overlapping data found or insufficient data after binning for short vs long."
        },
        "medium_vs_long": {
          "categories": [
            "long",
            "medium"
          ],
          "t_statistic": -1.774193548387096,
          "p_value": 0.3267465451192629,
          "is_significant": false,
          "n_overlapping_bins": 2,
          "mean_long": 0.389,
          "mean_medium": 0.554
        }
      }
    }
  }
}